end_date,coarse_pred
2001-08-31,"The Security:OT domain will likely exhibit continued high volatility over the next 18 months, with significant spikes correlating directly to the occurrence and severity of major natural disasters and other large-scale emergencies. While ongoing intrinsic efforts in disaster preparedness and response provide a baseline, the overall directionality will remain highly reactive to these unpredictable external trigger events."
2001-09-30,"The next 18 months will likely exhibit continued high volatility, with values fluctuating significantly in response to major security incidents, natural disasters, and humanitarian crises. While a clear long-term trend is absent, unpredictable large-scale events will remain the primary drivers for sharp, upward spikes in activity or expenditure."
2001-10-31,"The Security:OT values will exhibit persistent high volatility over the next 18 months, with significant fluctuations primarily driven by major natural disasters and security incidents. Following recent substantial spikes, including those related to the 9/11 attacks, future peaks are anticipated to be substantial as global and domestic emergencies continue to necessitate extensive operational technology deployments for security and response."
2001-11-30,"The ""Security:OT"" activity is expected to remain significantly elevated over the next 18 months, primarily driven by the lasting impact and policy shifts stemming from the September 11th attacks. While the series will continue to exhibit high volatility due to unpredictable security threats and natural disasters, the overall baseline for security and emergency management operations will settle at a considerably higher level."
2001-12-31,"The Security:OT domain is forecast to experience continued high volatility over the next 18 months, with significant spikes driven by unpredictable natural disasters and a sustained, elevated focus on operational security and emergency response in the wake of recent major events, potentially leading to new peak activity levels."
2002-01-31,"The Security:OT values are projected to remain highly volatile over the next 18 months, characterized by sharp increases driven by the unpredictable occurrence of major natural disasters and significant security incidents. While no sustained directional trend is evident, the continued focus on emergency management and disaster preparedness will likely maintain an elevated baseline with potential for extreme spikes."
2002-02-28,"The Security:OT values are projected to continue exhibiting high volatility over the next 18 months, maintaining an elevated level driven by the sustained national focus on security and emergency management in the wake of recent major events and ongoing disaster preparedness initiatives. Significant spikes will likely correlate with the occurrence of major natural disasters or other large-scale emergencies."
2002-03-31,"The Security:OT metric will maintain its upward trajectory over the next 18 months, exhibiting extreme volatility primarily driven by the unpredictable nature of major natural disasters and security incidents, which will likely lead to new record peaks. This trend is further supported by continued focus on emergency management and disaster response."
2002-04-30,"The values are expected to remain highly volatile and generally elevated over the next 18 months, driven by ongoing disaster management efforts and the potential for significant security incidents or natural disasters. This period will likely see continued large fluctuations, with potential for spikes comparable to or exceeding recent highs, as the domain adapts to evolving security and emergency response needs."
2002-05-31,"Security:OT activity will remain elevated and highly volatile over the next 18 months, reflecting the sustained post-9/11 emphasis on emergency management and the continuous need for natural disaster response. Expect a higher baseline of activity compared to earlier periods, with significant spikes driven by unpredictable security events or major natural disasters."
2002-06-30,"The Security:OT domain is expected to maintain an elevated level of activity with significant volatility over the next 18 months, driven by ongoing disaster management and security preparedness efforts. Unpredictable natural disasters and geopolitical events will continue to cause sharp, intermittent spikes in activity."
2002-07-31,"The ""Security:OT"" domain is anticipated to maintain high volatility over the next 18 months, with values generally remaining elevated compared to earlier periods. This will be primarily driven by the sustained impact of the post-9/11 security environment and the continued occurrence of natural disasters, necessitating robust and potentially increasing emergency response and operational technology security measures."
2002-08-31,"The forecast for Security:OT indicates a continued upward trajectory over the next 18 months, driven by sustained investments in emergency management and critical infrastructure resilience. High volatility will persist, with significant spikes expected in response to major natural disasters and ongoing security preparedness initiatives."
2002-09-30,"The Security:OT domain is expected to exhibit continued high volatility over the next 18 months, primarily driven by the unpredictable nature of major disaster events and ongoing governmental efforts in emergency management. While baseline activity will fluctuate, significant spikes are likely to occur in response to large-scale natural disasters or security incidents."
2002-10-31,"Security:OT values are forecast to maintain an elevated, highly volatile trajectory over the next 18 months, primarily driven by ongoing post-9/11 emergency management reforms and the unpredictable occurrence of significant natural disasters or security incidents. Sharp fluctuations are expected based on the severity and frequency of these event-driven demands on operational technology security."
2002-11-30,"The ""Security:OT"" domain is expected to exhibit continued high volatility over the next 18 months, characterized by significant fluctuations and potential large spikes. This will be driven by ongoing global and domestic disaster events and security incidents, coupled with sustained government and institutional focus on emergency management, preparedness, and critical infrastructure security."
2002-12-31,"The Security:OT activity is projected to remain highly volatile over the next 18 months, characterized by sharp, unpredictable spikes and subsequent declines. An elevated baseline and potential for new peaks are expected, primarily driven by the ongoing implementation of the Homeland Security Act of 2002 and any significant security events or major natural disasters."
2003-01-31,"""Security:OT"" activity is anticipated to remain highly volatile over the next 18 months, with values fluctuating significantly around an elevated baseline. The primary drivers of this volatility will continue to be the unpredictable occurrence of natural disasters and the evolving landscape of national security threats, alongside ongoing governmental investments in emergency preparedness and critical infrastructure protection."
2003-02-28,"The ""Security:OT"" values will continue to exhibit high volatility, characterized by significant spikes driven by the ongoing occurrence of natural disasters and the implementation of evolving emergency management policies. The underlying trend suggests a sustained or increasing level of investment in operational technology security for disaster preparedness and response."
2003-03-31,"The Security:OT domain will likely experience continued high volatility over the next 18 months, with activity levels fluctuating significantly. This pattern will be primarily driven by the unpredictable nature and scale of disaster events and evolving governmental responses, suggesting that future peaks could be substantial, reflecting ongoing emergency management and preparedness efforts."
2003-04-30,"The ""Security:OT"" values are forecast to continue their upward trend, propelled by the persistent emphasis on emergency management and the anticipated rise in disaster occurrences. Expect sustained high volatility, with sharp increases driven by significant disaster events and new initiatives in preparedness and response."
2003-05-31,"The Security:OT domain is expected to experience a continued overall upward trend in activity and expenditure, driven by ongoing governmental focus on emergency management and disaster preparedness, alongside evolving security legislation. However, significant volatility will persist due to the unpredictable nature and impact of major natural disasters and other emergency events."
2003-06-30,"The ""Security:OT"" metric is expected to continue exhibiting extremely high volatility over the next 18 months, with no clear sustained upward or downward trend. Significant spikes are likely to occur, primarily driven by the unpredictable timing and severity of major disaster events and subsequent governmental emergency management initiatives and funding allocations."
2003-07-31,"The Security:OT values are expected to remain highly volatile over the next 18 months, primarily driven by the unpredictable occurrence of significant disaster events and evolving emergency management initiatives. While a clear long-term trend is not apparent, sustained baseline activity will continue due to ongoing governmental focus on critical infrastructure security and disaster preparedness, with sharp upward spikes probable in response to new crises or legislative actions."
2003-08-31,"The Security:OT metric will continue to exhibit high volatility over the next 18 months, with significant spikes driven by major disaster events, both natural and man-made, and subsequent governmental and organizational responses. The overall direction will be dictated by the frequency and severity of these incidents and related policy changes impacting critical infrastructure security."
2003-09-30,"The Security:OT values are projected to exhibit continued high volatility over the next 18 months, with a strong potential for elevated peaks, building on the recent surge. This upward pressure on peak values is driven by sustained and increasing governmental emphasis on disaster preparedness, emergency response, and the security of operational technologies, responding to both ongoing natural hazard risks and evolving security landscapes."
2003-10-31,"The Security:OT domain is forecast to remain highly volatile over the next 18 months, with a significant propensity for large upward spikes, potentially surpassing previous peaks. This will primarily be driven by the continued impact of major disaster events and sustained governmental initiatives in proactive disaster management and operational technology security."
2003-11-30,"The Security:OT domain will exhibit continued high volatility with an elevated baseline of activity over the next 18 months. This trend is primarily driven by ongoing disaster preparedness, critical infrastructure resilience initiatives, and responses to natural disasters and broader security threats."
2003-12-31,"The forecast indicates continued extreme volatility, with values fluctuating significantly around recent levels, reflecting the unpredictable nature of disaster events and emergency response activities. The upward trend in peak magnitudes observed historically suggests a high potential for future spikes to reach or exceed previous record highs, primarily driven by the ongoing need for robust security and operational technology resilience in the face of natural disasters and other emergencies."
2004-01-31,"The forecast period will likely exhibit continued high volatility, with significant and unpredictable surges in value driven by the occurrence of major disaster events. The overall trend suggests an increasing potential for these peak values, reflecting ongoing and evolving government initiatives in emergency management, preparedness, and the security of operational technology in response to both natural and man-made threats."
2004-02-29,"The Security:OT series is expected to remain highly volatile, characterized by significant fluctuations around a varying baseline. Sharp, intermittent spikes are probable, driven by major disaster events or shifts in national security and emergency management policies, with the potential for these spikes to reach substantial magnitudes."
2004-03-31,"Security:OT values are expected to remain highly volatile over the next 18 months, with significant spikes likely in response to major disaster events and intensified government focus on emergency preparedness and operational security. The overall direction will be event-driven, with no sustained trend, but a continued baseline of activity reflecting ongoing security needs."
2004-04-30,"The next 18 months will likely see continued high volatility in Security:OT values, characterized by significant fluctuations and the potential for sharp spikes. These movements will primarily be driven by the unpredictable occurrence and severity of natural disasters, public health emergencies, and other critical events necessitating extensive operational technology security and recovery efforts."
2004-05-31,"The ""Security:OT"" values are forecast to exhibit continued high volatility over the next 18 months, with significant fluctuations driven by the unpredictable nature and scale of disaster events and emergency declarations. Following the recent sharp decline, values may rebound, but the overall trajectory will remain highly reactive to unforeseen critical incidents impacting operational technology security."
2004-06-30,"The Security:OT metric has recently experienced an unprecedented sharp decline, but is expected to remain highly volatile over the next 18 months. While a sustained return to prior peak levels is uncertain, significant upward spikes are probable in response to future major security incidents or natural disasters, driven by government response and funding."
2004-07-31,"The ""Security:OT"" activity has recently plummeted to unusually low levels. Despite this, the inherent high volatility of the series, driven by unpredictable natural disasters and critical infrastructure security demands, indicates that future periods will likely experience significant fluctuations and upward spikes in activity as emergency response and evolving policy needs dictate."
2004-08-31,"The Security:OT values will continue to exhibit extreme volatility over the next 18 months, characterized by sharp fluctuations between current lower levels and potential significant spikes. This pattern is primarily driven by the unpredictable occurrence of disaster events and evolving government policy or funding initiatives related to emergency management and operational technology security."
2004-09-30,"Expect continued extreme volatility in Security:OT values, with a high likelihood of sharp increases driven by future major natural disasters and humanitarian crises, despite the recent decline to historical lows. The unpredictable nature of these events will be the primary determinant of future fluctuations."
2004-10-31,"The Security:OT domain is projected to remain highly volatile over the next 18 months, with values fluctuating significantly. Activity will be primarily driven by the unpredictable occurrence of major natural disasters and other security emergencies, leading to sporadic, substantial surges in operational technology security spending and response efforts."
2004-11-30,"Following a strong rebound, Security:OT activity is anticipated to continue at a relatively high but highly volatile level over the next 18 months. This will be primarily driven by ongoing US government disaster preparedness and response efforts, with significant fluctuations expected due to the unpredictable nature and severity of future disaster events."
2004-12-31,"The ""Security:OT"" values will continue to exhibit high volatility, characterized by significant fluctuations rather than a clear directional trend. Major natural disasters and other large-scale emergencies, along with associated governmental and international response efforts, will remain the primary drivers, leading to unpredictable spikes in activity and funding for operational technology security and emergency management."
2005-01-31,"Security:OT values are expected to continue exhibiting high volatility, driven by the unpredictable occurrence of major disaster events and shifts in government disaster management policies. While a general upward trend from the 2004 lows is anticipated, the series remains susceptible to significant, sporadic spikes if large-scale disasters or substantial policy changes occur."
2005-02-28,"The Security:OT domain will likely experience continued high volatility over the next 18 months, with no clear long-term trend. Activity levels will be primarily driven by the unpredictable occurrence of natural disasters and other emergencies, leading to sharp, event-driven spikes in response and aid efforts."
2005-03-31,"The Security:OT values are expected to exhibit continued high volatility over the next 18 months, with a likely elevated baseline reflecting the recent upward trend observed since late 2004. Significant spikes in activity are anticipated, primarily driven by the unpredictable occurrence of major disaster events and ongoing government emergency response and preparedness initiatives."
2005-04-30,"The values are projected to continue their recent upward trajectory, driven by sustained governmental and international commitments to disaster preparedness and risk reduction, including new funding frameworks. However, the series will likely exhibit continued high volatility, with potential for sharp fluctuations influenced by the occurrence of major disaster events or significant shifts in policy and funding."
2005-05-31,"The ""Security:OT"" values are expected to continue their recent upward trajectory, driven by the heightened focus on disaster preparedness and response amidst ongoing predictions of increased climate-related disasters. Despite this general upward trend, the series will likely remain highly volatile, characterized by significant fluctuations influenced by the occurrence of major events and evolving emergency management priorities."
2005-06-30,"Over the next 18 months, the Security:OT domain is expected to experience continued high volatility, with values likely remaining in the elevated range seen in early 2005. This trend will be primarily driven by ongoing disaster preparedness and response efforts, coupled with the unpredictable occurrence of natural disasters and security threats."
2005-07-31,"The Security:OT domain is expected to maintain elevated activity levels, continuing the recent upward trend driven by ongoing disaster preparedness and emergency response efforts. Significant volatility will persist, with the potential for pronounced spikes or declines influenced by major disaster events or shifts in governmental policy and funding for critical infrastructure security."
2005-08-31,"The forecast projects continued extreme volatility, with values likely to remain elevated or experience further significant spikes in the coming months. This trend will be primarily driven by ongoing disaster response and recovery efforts, especially in the aftermath of major events like Hurricane Katrina, and will remain highly susceptible to future natural disaster occurrences and shifts in government security policies."
2005-09-30,"The ""Security:OT"" values are expected to continue exhibiting high volatility with a general upward trend over the next 18 months. Significant spikes are anticipated, particularly during peak natural disaster seasons, driven by ongoing US government disaster response and preparedness efforts."
2005-10-31,"The ""Security:OT"" domain is expected to maintain high volatility over the next 18 months, with values fluctuating significantly around an elevated baseline due to ongoing disaster preparedness and response efforts. Expect potential major spikes, particularly during late summer and early fall, driven by the inherent unpredictability of large-scale natural disasters and their impact on operational technology security."
2005-11-30,"Security:OT activity is expected to remain elevated in the coming months, driven by ongoing recovery efforts from recent major disasters. However, the inherent high volatility of this domain means future activity will be primarily dictated by the occurrence and scale of new, unpredictable disaster events."
2005-12-31,"Activity in Security:OT is forecast to remain highly volatile, with a continued upward trend in the magnitude of spikes, primarily driven by the ongoing need for governmental disaster response and emergency management. The aftermath of recent major disasters and increasing focus on climate-related challenges will sustain elevated levels of preparedness and adaptation efforts."
2006-01-31,"The ""Security:OT"" metric is expected to remain highly volatile, with significant spikes driven by major disaster events, while maintaining an elevated baseline due to sustained focus on emergency preparedness. This continued activity is primarily fueled by ongoing government investment in disaster response and critical infrastructure security, particularly as climate-related challenges are anticipated to increase the frequency and intensity of emergencies."
2006-02-28,"The Security:OT values are projected to maintain an elevated baseline, driven by sustained post-disaster response and enhanced preparedness initiatives. Expect continued high volatility with significant upward spikes, particularly during seasonal periods prone to major natural disasters, reflecting ongoing governmental efforts in emergency management."
2006-03-31,"The Security:OT domain will likely experience continued high volatility over the next 18 months, with significant spikes driven by the occurrence and aftermath of major natural disasters and other large-scale emergencies. An elevated baseline of activity is expected to persist, underpinned by ongoing government initiatives in emergency preparedness and critical infrastructure protection."
2006-04-30,"The ""Security:OT"" activity is expected to maintain its elevated levels, continuing the upward trend observed in recent periods. Significant volatility will persist, with potential for extreme spikes driven by the occurrence of major natural disasters, especially during peak seasons, and sustained federal disaster preparedness and response initiatives."
2006-05-31,"The forecast predicts continued high volatility in Security:OT activity, with values remaining significantly elevated compared to historical pre-2005 levels. This sustained higher baseline and frequent, substantial spikes will be primarily driven by ongoing disaster preparedness, response, and recovery efforts, especially in the wake of major past events like Hurricane Katrina and the occurrence of new natural disasters."
2006-06-30,"The forecast for Security:OT activity indicates continued high volatility, with significant spikes expected in response to major disaster events, such as hurricanes or other natural catastrophes. While ongoing preparedness efforts will provide a baseline, the unpredictable nature of these triggers will drive substantial, event-driven increases in activity."
2006-07-31,"While the series recently experienced a notable decline, the Security:OT domain is expected to exhibit continued high volatility over the next 18 months, with significant spikes driven by the occurrence of major natural or man-made disaster events. The persistent need for operational technology security and emergency response will be the primary driver of these unpredictable fluctuations."
2006-08-31,"The Security:OT series will continue to exhibit extreme monthly volatility, with sharp increases and decreases primarily driven by the timing and severity of major disaster events. An overall upward trend in activity and peak values is anticipated, reflecting sustained and growing investments in disaster preparedness and critical infrastructure resilience."
2006-09-30,"Security:OT activity is forecast to continue at significantly elevated levels compared to earlier periods, maintaining a high degree of volatility. This trend is primarily driven by sustained national disaster preparedness and response efforts, with major events or security threats capable of causing substantial short-term spikes."
2006-10-31,"Security:OT values are forecast to remain elevated with high volatility, largely driven by ongoing federal disaster preparedness and response. Expect sharp, unpredictable spikes in activity due to the continued threat of major natural and climate-related disasters."
2006-11-30,"The Security:OT values are expected to continue their general upward trajectory over the next 18 months, driven by ongoing federal efforts in disaster preparedness and response, coupled with anticipated climate-related disaster threats. However, the series will maintain its extremely high volatility, with significant fluctuations directly tied to the occurrence and severity of major natural disaster events and subsequent emergency declarations or aid initiatives."
2006-12-31,"""Security:OT"" values are expected to remain highly volatile over the next 18 months, primarily driven by the unpredictable occurrence of major natural disasters and subsequent emergency response efforts. While a lower baseline may emerge after the recent decline, significant and rapid increases are probable with any new large-scale disaster events."
2007-01-31,"Expect continued high volatility in Security:OT values, with significant fluctuations driven by the unpredictable nature of natural disasters and emergency declarations. While recent months show lower activity, the ongoing emphasis on critical infrastructure resilience and disaster preparedness suggests potential for sharp increases as new events unfold."
2007-02-28,"The Security:OT metric is expected to exhibit an overall upward trend from its current lower levels over the next 18 months, but with continued high volatility. This direction is primarily driven by the persistent threat of natural disasters and the ongoing imperative for emergency preparedness and critical infrastructure security, leading to periodic, sharp increases in activity."
2007-03-31,"Security:OT values are projected to exhibit continued high volatility over the next 18 months, with significant fluctuations driven by the unpredictable frequency and severity of natural disasters. Expect sharp increases in response to major events, reflecting ongoing demands for critical infrastructure security and operational technology resilience."
2007-04-30,"Security:OT values are projected to exhibit continued high volatility, with a general upward trend driven by ongoing disaster preparedness and response efforts. Significant spikes are anticipated following major natural disaster events, reflecting the reactive nature of security and operational technology spending in this domain."
2007-05-31,"The ""Security:OT"" metric is expected to remain highly volatile over the next 18 months, primarily driven by the unpredictable occurrence of major natural disasters and other emergency events requiring significant operational technology security and response efforts. While a baseline of activity related to ongoing disaster preparedness will persist, sharp increases are anticipated in response to significant incidents, followed by potential declines as immediate recovery efforts subside."
2007-06-30,"The ""Security:OT"" values are expected to remain highly volatile over the next 18 months, driven by the unpredictable occurrence and severity of natural disasters. Despite a recent decline from previous peaks, the ongoing need for disaster preparedness and anticipated increase in climate-related events suggest a high probability of significant future spikes in activity."
2007-07-31,"Following a period of declining activity from previous peaks, the Security:OT domain is likely to continue with moderate values, reflecting ongoing preparedness and smaller-scale emergency responses. Extreme volatility remains a key characteristic, with the unpredictable occurrence of major natural disasters posing a constant and significant risk for sudden, substantial increases in activity."
2007-08-31,"Security:OT values are expected to remain highly volatile, primarily driven by the unpredictable occurrence of major natural disasters and large-scale emergencies which will cause sharp, temporary increases. Otherwise, activity will likely maintain a generally moderate level, reflecting ongoing national security and emergency preparedness efforts."
2007-09-30,"The ""Security:OT"" values are expected to remain highly volatile over the next 18 months, likely fluctuating around current moderate levels, with potential for significant spikes driven by major natural disasters and ongoing emergency preparedness initiatives."
2007-10-31,"Security:OT values are expected to continue exhibiting high volatility over the next 18 months, primarily driven by the unpredictable occurrence of major disaster events. While a lower baseline, similar to recent months, is anticipated, significant upward surges will occur with large-scale emergencies, reflecting ongoing emergency management and preparedness efforts."
2007-11-30,"The Security:OT domain will continue to exhibit high volatility over the next 18 months, with significant spikes driven by major disaster events and sustained activity from ongoing national emergency preparedness and response initiatives. Expect values to fluctuate around a higher baseline than early historical periods, influenced by persistent climate-related threats and evolving security protocols."
2007-12-31,"The Security:OT values are expected to remain highly volatile, primarily driven by the unpredictable occurrence and scale of major disaster events. While a foundational level of activity will continue for ongoing preparedness and emergency management, significant upward surges are anticipated during periods of large-scale natural or man-made disasters, reflecting increased demands for operational technology security in response and recovery."
2008-01-31,"The ""Security:OT"" metric is expected to remain highly volatile over the next 18 months, with significant fluctuations driven primarily by the occurrence and severity of natural disasters and other major emergencies. While ongoing government preparedness efforts will sustain a baseline level of activity, sharp increases are probable in response to specific impactful events, consistent with historical patterns."
2008-02-29,"The ""Security:OT"" values are anticipated to maintain the lower range observed in the most recent period, exhibiting moderate monthly volatility. However, the primary risk for substantial upward spikes and increased activity remains the occurrence of major, high-impact natural disasters requiring extensive federal and state emergency response."
2008-03-31,"Security:OT activity is expected to remain highly volatile over the next 18 months, fluctuating around recent lower levels but with a persistent risk of sharp increases. These spikes will primarily be driven by the occurrence of major natural disasters and the subsequent federal and state emergency response and recovery efforts, especially as climate-related disaster threats are projected to intensify."
2008-04-30,"The forecast anticipates an immediate surge in activity around June 2008 due to expected significant flooding and disaster declarations. Following this, the metric will continue at generally lower levels than the 2005-2006 peaks, but with persistent high volatility driven by ongoing natural disaster events and emergency preparedness efforts."
2008-05-31,"Security:OT values are projected to exhibit continued high volatility over the next 18 months, largely influenced by the frequency and severity of natural disasters and ongoing emergency management initiatives. While a short-term surge is expected around June 2008 due to anticipated flooding, overall values will likely fluctuate around the recent lower baseline, with significant upward spikes tied to major unforeseen events."
2008-06-30,"Security:OT activity is forecast to remain highly volatile over the next 18 months, driven by unpredictable natural disasters and ongoing emergency preparedness, with an immediate uptick expected due to anticipated flooding before fluctuating around recent lower levels."
2008-07-31,"The Security:OT forecast for the next 18 months anticipates continued high volatility, with values fluctuating significantly. While the overall magnitude of spending has settled at levels below the immediate post-Katrina peak, major disaster events and ongoing emergency preparedness initiatives will continue to drive substantial, reactive spikes in activity."
2008-08-31,"The Security:OT values will continue to exhibit high volatility, fluctuating around recent levels, primarily driven by the unpredictable occurrence of major natural disasters and other emergencies. Ongoing preparedness and the consistent threat of climate-related events will maintain a dynamic baseline, with significant upward spikes tied to specific incidents."
2008-09-30,"The Security:OT values will likely continue their observed downward trend over the next 18 months, reflecting a potential stabilization at a lower operational baseline following past major disaster responses. However, significant and unpredictable monthly volatility remains a constant feature, driven by the occurrence of new disaster events and ongoing national preparedness initiatives."
2008-10-31,"The Security:OT activity is projected to maintain its current moderate levels, driven by ongoing disaster preparedness and response to natural disasters and infrastructure events. Expect continued volatility, with potential for upward spikes, though unlikely to reach the extreme magnitudes observed in early 2006."
2008-11-30,"Security:OT values are anticipated to remain highly volatile over the next 18 months, primarily driven by the unpredictable occurrence of major disaster events. While a return to the exceptional highs of 2006 is unlikely, values will continue to fluctuate significantly within the established 2007-2008 range, supported by ongoing governmental emergency preparedness and response initiatives."
2008-12-31,"The Security:OT metric is forecast to maintain an elevated and highly volatile trajectory over the next 18 months, with values fluctuating substantially. This pattern will be primarily driven by the persistent need for disaster preparedness and response, coupled with the recurring impact of natural disasters on operational technology security, which will likely trigger significant upward spikes."
2009-01-31,"The ""Security:OT"" values are anticipated to remain highly volatile over the next 18 months, with significant fluctuations driven by the ongoing frequency and severity of natural disasters and the associated government-led preparedness and response initiatives. Despite the recent sharp decline, the persistent focus on critical infrastructure security and disaster resilience suggests values will generally fluctuate within a range seen in recent years, rather than a sustained downward trajectory."
2009-02-28,"The ""Security:OT"" values are expected to continue exhibiting significant month-to-month fluctuations over the next 18 months, with a general upward trajectory. This volatility and rising trend are primarily driven by the increasing frequency and severity of climate-related natural disasters, coupled with ongoing governmental emphasis on robust operational technology security for critical infrastructure during emergencies."
2009-03-31,"The Security:OT metric is forecast to remain highly volatile over the next 18 months, with values fluctuating significantly due to the ongoing occurrence of natural disasters and sustained preparedness efforts. An overall upward trend in activity is anticipated, driven by these factors."
2009-04-30,"The Security:OT domain will likely continue its recent upward trajectory over the next 18 months, primarily driven by the ongoing frequency of natural disasters and sustained governmental emphasis on emergency preparedness and critical infrastructure resilience. Expect continued significant volatility, with values fluctuating based on the timing and severity of disaster events and associated response efforts."
2009-05-31,"The Security:OT metric is forecast to remain elevated, likely continuing a moderate upward trend, primarily driven by sustained governmental and organizational focus on disaster preparedness and emergency response. Expect continued high month-to-month volatility, influenced by the unpredictable timing and severity of natural disaster events."
2009-06-30,"The Security:OT domain is expected to maintain elevated activity levels over the next 18 months, driven by ongoing public health emergencies and the persistent need for disaster preparedness and response. This period will likely be characterized by significant volatility, with values fluctuating based on the occurrence and scale of natural disasters and other critical events requiring robust operational technology security."
2009-07-31,"The Security:OT domain is expected to maintain its high volatility over the next 18 months, with values continuing to fluctuate significantly. This pattern will be primarily driven by the unpredictable timing and intensity of natural disasters, public health emergencies, and other critical incidents, which will trigger reactive surges in operational security and response efforts."
2009-08-31,"The Security:OT values are expected to exhibit continued high volatility over the next 18 months, primarily driven by the unpredictable nature of natural disasters, public health emergencies, and infrastructure incidents. Overall activity will remain substantial, supported by established government preparedness frameworks and ongoing response efforts."
2009-09-30,"The Security:OT values are anticipated to exhibit continued high volatility, with significant fluctuations driven by the unpredictable occurrence of natural disasters and public health emergencies. The overall trend is expected to remain at elevated levels, reflecting sustained government focus on emergency preparedness and response."
2009-10-31,"Security:OT values will exhibit continued high volatility over the next 18 months, with an overall upward trend driven by persistent investment in disaster preparedness and responses to both natural disasters and public health crises. Significant spikes are anticipated to coincide with major incident declarations or widespread emergencies, reflecting the ongoing emphasis on resilience and emergency management systems."
2009-11-30,"Security:OT values are forecast to exhibit continued extreme volatility over the next 18 months, with significant month-to-month fluctuations driven by unpredictable natural disasters and public health crises. While a rebound from the recent sharp decline is expected, the overall trend will likely maintain elevated activity levels due to ongoing government preparedness and response initiatives."
2009-12-31,"The ""Security:OT"" domain will likely experience continued high volatility over the next 18 months, with activity levels fluctuating significantly due to the persistent threat of natural disasters, public health emergencies, and evolving national security priorities. This will drive ongoing investment and operational efforts in preparedness, response, and the continuous enhancement of critical infrastructure security."
2010-01-31,"The Security:OT metric is expected to remain highly volatile over the next 18 months, driven by the unpredictable nature of disaster events and ongoing national preparedness efforts. While the last value is notably low, the inherent need for robust operational technology security in disaster management suggests a potential for significant fluctuations, including upward movements from this baseline, but also continued sharp declines."
2010-02-28,"The ""Security:OT"" values are expected to exhibit high volatility over the next 18 months, with significant fluctuations driven by the unpredictable occurrence of disaster events and ongoing emergency preparedness needs. While the series recently experienced a sharp decline, values are likely to rebound from current low levels, returning to historical ranges, but will not establish a clear upward or downward trend."
2010-03-31,"The Security:OT metric is currently at a multi-year low, suggesting a continuation of reduced activity in the immediate future. However, the domain is characterized by high volatility, and the persistent need for disaster preparedness and response in the US indicates a strong likelihood of significant upward swings over the next 18 months, primarily driven by the occurrence of future domestic disaster events."
2010-04-30,"The series has experienced a dramatic decline to its lowest historical levels in early 2010, suggesting a significant shift in the underlying dynamics of Security:OT activity despite ongoing major disaster events. The forecast period will likely see values remain at these significantly reduced levels, with continued high volatility around this new, lower baseline."
2010-05-31,"The Security:OT metric is expected to persist at significantly depressed levels over the next 18 months, continuing the sharp decline seen in early 2010. This indicates a fundamental shift where major disaster events, previously associated with spikes, now correlate with extreme lows, suggesting future volatility will be confined to this new, much lower range."
2010-06-30,"The ""Security:OT"" values are expected to continue fluctuating with high volatility, but at a substantially reduced magnitude compared to historical levels before 2010. The recent dramatic decline in values, despite ongoing intrinsic preparedness efforts and the occurrence of major trigger events, suggests a fundamental shift in the underlying dynamics or measurement of this metric, which will likely sustain activity within this new, much lower range."
2010-07-31,"Following a sharp decline, values are expected to stabilize within a significantly lower range for the next 18 months, maintaining monthly volatility. A return to the elevated levels of 2008-2009 is unlikely, suggesting a shift in how ""Security:OT"" activity is measured or funded, as recent major disasters have not driven increases."
2010-08-31,"Expect continued high volatility in Security:OT values over the next 18 months, with significant fluctuations driven by the unpredictable timing and scale of disaster events and subsequent response efforts. Following the recent unprecedented surge, values are likely to remain highly reactive to major incidents, reflecting ongoing needs for critical infrastructure security and preparedness."
2010-09-30,"Following the unprecedented surge in recent months, Security:OT activity is forecast to remain at a significantly elevated level, albeit with continued high volatility. This trend will be primarily driven by ongoing critical infrastructure security initiatives and responses to major natural or industrial disaster events."
2010-10-31,"Security:OT values are expected to remain highly volatile over the next 18 months, with a continued risk of significant spikes driven by large-scale disaster events. The ongoing need for robust disaster preparedness and response, coupled with an increasing trend of weather and climate-related incidents, will be the primary drivers of this dynamic environment."
2010-11-30,"The ""Security:OT"" domain is anticipated to remain highly volatile over the next 18 months, with values fluctuating significantly due to the unpredictable nature and scale of major disaster events. We expect continued demand and potential for substantial spikes in investment, particularly as prolonged disaster response and critical infrastructure protection efforts evolve in light of increasing climate-related challenges."
2010-12-31,"The series is expected to exhibit continued high volatility over the next 18 months, with values fluctuating considerably. While a sustained return to the extreme levels observed in mid-2010 is not anticipated without new, major triggering events, the ongoing emphasis on disaster preparedness and the increasing trend of climate-related incidents suggest a high potential for significant upward surges in activity."
2011-01-31,"The ""Security:OT"" metric is expected to remain highly volatile over the next 18 months, generally fluctuating around current moderate levels. However, the occurrence of any major, prolonged disaster event carries a significant risk of driving extreme, rapid surges in values, similar to past responses to large-scale incidents."
2011-02-28,"Security:OT values are expected to exhibit continued high volatility over the next 18 months. While recent values are lower than the 2010 peak, significant spikes remain probable, directly tied to the occurrence of major disaster events and the resulting emergency response and preparedness efforts."
2011-03-31,"Security:OT values are expected to remain highly volatile over the next 18 months, with significant fluctuations primarily driven by the occurrence of major disaster events and shifts in national emergency preparedness priorities. The overall trend will be reactive and event-driven, rather than exhibiting sustained growth or decline."
2011-04-30,"The ""Security:OT"" metric is expected to exhibit continued high volatility over the next 18 months, with values fluctuating significantly around a moderate baseline. Major disaster events, both domestic and international, will remain the primary drivers for sudden, substantial increases in activity and spending, while ongoing preparedness efforts will maintain a foundational level of security investment."
2011-05-31,"The Security:OT activity is expected to maintain its current moderate levels, driven by ongoing disaster preparedness and response efforts. However, the series will remain highly volatile, with a significant risk of sharp, unpredictable increases in activity should major natural disasters or other emergencies occur."
2011-06-30,"The Security:OT metric is expected to exhibit continued high volatility over the next 18 months, with significant fluctuations and potential for sudden surges. These shifts will be primarily driven by the unpredictable occurrence of major natural or industrial disasters impacting critical infrastructure, alongside evolving government funding and preparedness efforts for operational technology security."
2011-07-31,"Expect continued high volatility in ""Security:OT"" values, with significant month-to-month fluctuations primarily driven by the frequency and severity of natural disasters and large-scale incidents. While an extreme surge like late 2010 requires a major catalyst, values will likely maintain a generally elevated baseline reflecting ongoing investment in operational technology security for disaster preparedness and response."
2011-08-31,"The Security:OT values will likely remain highly volatile over the next 18 months, with significant, event-driven spikes primarily influenced by the frequency and severity of major natural disasters and international crises, while ongoing preparedness efforts maintain a fluctuating baseline."
2011-09-30,"The Security:OT metric is expected to remain highly volatile over the next 18 months, primarily driven by the unpredictable occurrence of significant domestic natural disasters and subsequent emergency management funding and operational responses. While values may fluctuate around a moderate baseline, sharp upward spikes are probable during periods of heightened disaster activity or national preparedness initiatives."
2011-10-31,"Security:OT values are expected to remain highly volatile over the next 18 months, without a discernible long-term trend. Significant spikes in activity and spending will primarily be driven by the occurrence and severity of major natural disasters and other emergency events, both domestically and internationally."
2011-11-30,"The Security:OT metric will continue to exhibit high volatility over the next 18 months, with values fluctuating significantly. Expect sudden, substantial increases driven primarily by the occurrence of major disaster events, while a foundational level of activity persists due to ongoing emergency preparedness and response initiatives."
2011-12-31,"The Security:OT values are expected to remain highly volatile, driven by the unpredictable nature of disaster events and continuous preparedness efforts. While a general level of sustained activity is anticipated, there is a significant risk of extreme upward spikes if major disaster events occur."
2012-01-31,"The Security:OT values are expected to remain highly volatile over the next 18 months, with no clear sustained trend. Significant upward spikes will continue to be driven by major disaster events, necessitating extensive emergency management, relief, and critical infrastructure security efforts."
2012-02-29,"The Security:OT metric is projected to exhibit continued high volatility over the next 18 months, influenced by the persistent need for disaster preparedness and the evolving threat landscape to critical operational technology infrastructure. While the baseline activity is likely to remain elevated, significant spikes are probable in response to major disaster events or new government initiatives in emergency management and cybersecurity."
2012-03-31,"Security:OT activity is projected to remain highly volatile, with a sustained elevated baseline driven by ongoing disaster preparedness and response efforts. Significant surges are expected in response to major natural disasters and emergencies, reflecting the critical need for operational technology security in such events."
2012-04-30,"The Security:OT metric is expected to exhibit continued high volatility over the next 18 months, fluctuating around its recent range. Significant upward spikes are probable, primarily driven by the occurrence of major natural disasters or heightened national emergency response and preparedness initiatives."
2012-05-31,"The Security:OT values are projected to exhibit continued high volatility over the next 18 months, with significant month-to-month fluctuations rather than a clear sustained trend. These movements will be primarily driven by ongoing national disaster preparedness and emergency management efforts, alongside the occurrence of major natural disasters or significant security events impacting operational technology."
2012-06-30,"The Security:OT values are expected to exhibit continued high volatility over the next 18 months, maintaining a moderately elevated baseline reflecting ongoing disaster preparedness and response efforts. Sharp upward spikes are highly probable, driven by the emergence of major natural disasters or critical infrastructure security events requiring substantial operational technology security interventions."
2012-07-31,"Expect continued high volatility in activity, with values fluctuating significantly due to the unpredictable nature and severity of natural disasters and other emergency events. While a robust baseline of activity will persist from ongoing disaster preparedness and emergency management, major spikes will be driven by large-scale incidents, particularly given the increasing trend of climate-related disasters and the current worsening drought conditions."
2012-08-31,"Security:OT values are projected to remain highly volatile over the next 18 months, primarily influenced by the unpredictable frequency and severity of disaster events and ongoing emergency preparedness efforts. While extreme peaks like those in 2010 are unlikely without a major catastrophic event, persistent climate-related risks and the continuous need for critical infrastructure security will maintain activity at fluctuating levels."
2012-09-30,"The Security:OT values are expected to remain highly volatile over the next 18 months, with significant upward spikes driven by the unpredictable occurrence of major natural disasters and other critical emergencies. While a baseline of ongoing preparedness and response efforts will persist, the overall trend will be heavily influenced by these event-driven surges."
2012-10-31,"Over the next 18 months, Security:OT values are expected to exhibit continued high volatility, with significant month-to-month fluctuations. This will be primarily driven by the unpredictable occurrence and severity of natural disasters, coupled with sustained governmental and organizational efforts in disaster preparedness and response, maintaining an elevated baseline of activity."
2012-11-30,"The Security:OT domain is expected to maintain a generally elevated level of activity, driven by ongoing disaster preparedness efforts and the inherent risk of natural catastrophes. Significant volatility will persist, with potential for sharp increases in response to major weather events or widespread emergency declarations."
2012-12-31,"The Security:OT values are expected to continue their upward trend over the next 18 months, maintaining a higher baseline than previous years. Significant volatility will persist, with sharp increases likely driven by major natural disasters and ongoing disaster preparedness and response efforts impacting operational technology security."
2013-01-31,"The Security:OT domain is expected to maintain elevated activity levels, driven by ongoing disaster recovery efforts from recent major events and a sustained focus on emergency preparedness. Significant volatility will persist, with potential for sharp increases in activity tied to the unpredictable occurrence of future large-scale natural disasters."
2013-02-28,"After the recent surge and subsequent decline following Hurricane Sandy, values are expected to return to a fluctuating baseline reflecting ongoing security and operational technology needs in disaster preparedness. However, the inherent nature of this domain ensures continued high volatility, with future significant spikes directly tied to the occurrence of major natural disasters and large-scale emergency response efforts."
2013-03-31,"The Security:OT values are projected to continue their overall upward trend over the next 18 months, driven by sustained disaster preparedness and response initiatives. Expect high volatility, with significant spikes and subsequent corrections coinciding with major natural disasters or other critical security events impacting operational technology."
2013-04-30,"Expect continued high volatility in Security:OT activity over the next 18 months, with values fluctuating widely and exhibiting significant spikes into the billions. These peaks are primarily driven by the occurrence and scale of major natural disasters and other emergency events requiring extensive operational security and response."
2013-05-31,"The series is expected to continue its upward trend in peak activity, driven by persistent and potentially increasing natural disaster events, which will necessitate ongoing emergency response and recovery efforts. High volatility will persist, with sharp spikes in activity corresponding to major disaster occurrences and associated governmental funding for security and operational technology in disaster management."
2013-06-30,"Expect continued high volatility in Security:OT values over the next 18 months, with significant month-to-month fluctuations and sharp, event-driven spikes. The primary driver will remain the frequency and severity of natural disasters, leading to sustained, and potentially increasing, levels of disaster preparedness and response activity."
2013-07-31,"The Security:OT domain will continue to exhibit high volatility, with baseline activity sustained by ongoing disaster preparedness and emergency management efforts. Significant spikes are expected, primarily driven by the occurrence and recovery phases of major natural disasters, especially during severe weather and hurricane seasons."
2013-08-31,"The Security:OT values will continue to be highly volatile, with a fluctuating baseline of ongoing preparedness efforts punctuated by significant, unpredictable spikes. These spikes will be driven by major natural disasters and associated relief operations, with increasing climate-related risks suggesting potential for higher peak values."
2013-09-30,"The ""Security:OT"" domain will experience a continued upward trend in activity, driven by persistent disaster preparedness and response efforts, and increasing investment in critical infrastructure security. This trend will be marked by extreme volatility, with sharp, unpredictable spikes driven by major natural disaster events and subsequent large-scale recovery funding, likely continuing to show elevated activity towards the end of each year."
2013-10-31,"Expect high volatility in Security:OT values over the next 18 months, with sharp, event-driven increases likely to occur. This will be primarily driven by the unpredictable frequency and severity of natural disasters, sustaining an elevated level of activity in disaster preparedness, response, and critical infrastructure security."
2013-11-30,"The forecast for Security:OT activity indicates a continued upward trend, primarily driven by increasing climate-related disaster risks and sustained efforts in preparedness, response, and recovery. Expect exceptionally high volatility, with significant monthly fluctuations and the potential for even larger spikes following major disaster events."
2013-12-31,"The forecast for Security:OT anticipates continued high volatility, driven primarily by the occurrence of major natural disaster events and subsequent emergency response and recovery efforts. An elevated baseline of activity is expected due to ongoing preparedness initiatives and the predicted increase in climate-related disasters, which will continue to prompt significant surges."
2014-01-31,"The Security:OT forecast anticipates continued significant volatility, with values fluctuating around a baseline but prone to extreme, short-term surges. These surges are primarily driven by the unpredictable occurrence of major natural disasters and the subsequent intensive federal and state emergency response and recovery efforts."
2014-02-28,"Expect continued high volatility in Security:OT activity over the next 18 months, with a fluctuating baseline punctuated by significant, unpredictable spikes. These surges will be primarily driven by major natural disaster events and the associated government emergency funding and policy responses."
2014-03-31,"The forecast anticipates continued high volatility, with values largely driven by the unpredictable occurrence and scale of major disaster events and subsequent emergency response and recovery efforts. While sustained activity is expected due to ongoing preparedness and increasing climate-related disaster risks, sharp, event-driven spikes will persist as the dominant feature."
2014-04-30,"The forecast indicates persistent high volatility in Security:OT values, with a general baseline activity level punctuated by potential for extreme, event-driven spikes. These fluctuations will primarily be driven by the occurrence of major natural disasters and the associated federal emergency response and recovery funding."
2014-05-31,"The Security:OT activity is forecast to remain highly volatile over the next 18 months, with its trajectory primarily dictated by the occurrence and scale of natural disasters and subsequent federal emergency response. While baseline activity is expected to be moderate, significant and rapid upward surges are a recurring characteristic of this series."
2014-06-30,"The Security:OT metric is expected to maintain its highly volatile pattern over the next 18 months, with values fluctuating around a historical baseline but susceptible to significant, unpredictable spikes. These surges will primarily be driven by the occurrence of major natural and climate-related disasters and subsequent federal emergency response, recovery, and critical infrastructure security initiatives, which are predicted to increase in frequency."
2014-07-31,"Security:OT activity is projected to remain highly volatile over the next 18 months, characterized by significant spikes and drops rather than a clear trend. The primary driver will be the unpredictable occurrence and severity of natural disasters, especially during hurricane seasons, which are expected to increase and will necessitate substantial response and recovery efforts."
2014-08-31,"The Security:OT domain is expected to exhibit continued high volatility over the next 18 months, with significant spikes driven by major natural disaster events and persistent climate-related challenges. The overarching trend indicates an increasing scale of investment in critical infrastructure resilience and emergency management."
2014-09-30,"The Security:OT values will exhibit continued high volatility over the next 18 months, with significant spikes expected, potentially matching or exceeding historical peaks. This pattern will be driven by the increasing frequency and severity of natural disasters, necessitating ongoing robust emergency management and critical infrastructure security responses."
2014-10-31,"The forecast anticipates continued extreme volatility, with a fluctuating baseline of ongoing security and operational technology (OT) efforts for disaster preparedness and response punctuated by significant, event-driven spikes. These unpredictable surges in activity, primarily driven by major natural disasters and associated federal relief funding, are likely to persist and potentially reach new record highs, reflecting increasing disaster frequency and intensity."
2014-11-30,"The Security:OT domain is expected to exhibit continued high volatility over the next 18 months, with significant value spikes driven by the unpredictable occurrence of major natural disasters and ongoing federal emergency management and recovery efforts. An overall elevated level of activity is anticipated, reflecting persistent disaster preparedness and response requirements."
2014-12-31,"The Security:OT domain will continue to experience significant volatility over the next 18 months, with activity levels fluctuating sharply, primarily driven by the unpredictable occurrence of natural disasters and the subsequent emergency response, recovery, and preparedness efforts. Expect recurrent spikes in demand and investment tied to major incident declarations and ongoing critical infrastructure security initiatives."
2015-01-31,"The ""Security:OT"" metric is expected to remain highly volatile over the next 18 months, characterized by unpredictable, significant spikes. These surges will primarily be driven by the occurrence of major natural disasters and large-scale emergency response or preparedness initiatives, while baseline activity will continue due to ongoing federal and state-level security and disaster management efforts."
2015-02-28,"The Security:OT domain is forecast to maintain high volatility over the next 18 months, with values fluctuating around a baseline but prone to significant, event-driven spikes. These surges will primarily be driven by the occurrence and severity of natural disasters and the associated government response, recovery, and preparedness efforts, which are anticipated to increase due to ongoing climate-related events."
2015-03-31,"The forecast for Security:OT activity indicates continued high volatility, with baseline levels sustained by ongoing government emergency management and disaster preparedness initiatives. Expect significant upward spikes driven by the unpredictable occurrence of major natural disasters and associated federal response and recovery efforts, reflecting the historical pattern of event-driven increases."
2015-04-30,"The Security:OT domain will likely experience continued high volatility over the next 18 months, with values fluctuating significantly and potential for substantial, unpredictable spikes. These surges will primarily be driven by the frequency and intensity of natural disasters in the US, requiring extensive government-led emergency response and recovery operations."
2015-05-31,"The next 18 months will likely see continued high volatility, with values fluctuating around a moderate baseline. Significant and unpredictable spikes are expected, primarily driven by the occurrence and severity of natural disasters and associated emergency declarations, especially during peak hurricane and wildfire seasons."
2015-06-30,"Security:OT activity will continue to exhibit high volatility over the next 18 months, characterized by significant fluctuations. The primary drivers will be ongoing US disaster preparedness and response initiatives, with substantial increases expected in conjunction with major natural disaster events and related federal funding allocations."
2015-07-31,"The Security:OT values are expected to maintain high volatility over the next 18 months, characterized by sharp, unpredictable spikes driven by natural disaster seasons and major emergency events, followed by declines to a fluctuating baseline. Sustained operational technology security efforts will be required to address these ongoing and unpredictable challenges."
2015-08-31,"The Security:OT values are expected to maintain extreme volatility over the next 18 months, with significant, event-driven spikes continuing to occur in response to major natural disasters and ongoing relief efforts. This pattern reflects the persistent need for robust disaster preparedness and response capabilities, which are likely to be tested by continued climate-related challenges."
2015-09-30,"High volatility will persist in Security:OT values over the next 18 months, with significant upward spikes driven by major disaster events and their associated emergency response and recovery efforts. The underlying baseline of preparedness and routine operations is expected to remain stable."
2015-10-31,"Over the next 18 months, Security:OT values are expected to remain highly volatile, with significant, event-driven spikes. This pattern will be primarily influenced by the unpredictable nature and occurrence of major natural disasters and the ongoing demands for emergency response and preparedness."
2015-11-30,"The forecast for Security:OT activity indicates continued high volatility, with significant monthly fluctuations and sharp spikes expected. These surges in activity will primarily be driven by the ongoing governmental focus on disaster preparedness and response, particularly during peak disaster seasons, and the increasing frequency of climate-related events."
2015-12-31,"Expect continued high volatility in Security:OT values over the next 18 months, with significant spikes driven by the unpredictable occurrence and severity of natural disasters. The underlying trend suggests sustained, and potentially increasing, demands for emergency response and preparedness, especially given ongoing predictions of more frequent climate-related events."
2016-01-31,"The Security:OT domain is forecast to exhibit continued high volatility over the next 18 months, with significant spikes in activity driven by the recurring nature of natural and climate-related disasters and the associated emergency response and preparedness efforts. Expect values to fluctuate considerably, rather than follow a sustained trend, with potential for large increases during peak disaster seasons."
2016-02-29,"The Security:OT values are projected to exhibit continued high volatility over the next 18 months, with a fluctuating baseline punctuated by irregular, substantial spikes. These increases will predominantly be driven by ongoing disaster preparedness and response efforts, especially during peak disaster seasons, and the occurrence of major natural disasters requiring significant operational technology security investments."
2016-03-31,"The Security:OT values are anticipated to exhibit continued high volatility over the next 18 months, with a fluctuating baseline punctuated by significant, event-driven spikes. This pattern will be primarily influenced by the unpredictable occurrence and severity of natural disasters and ongoing governmental initiatives to bolster disaster preparedness and critical infrastructure security, especially given the projected increase in climate-related risks."
2016-04-30,"Expect continued high volatility in Security:OT values, with significant surges anticipated during peak natural disaster seasons (late summer/fall) driven by intensified governmental preparedness and response activities. While baseline activity remains influenced by ongoing disaster management efforts, the potential for extreme peaks appears to be increasing due to the persistent threat of major climate-related events."
2016-05-31,"The Security:OT domain is expected to experience continued high volatility over the next 18 months, with an overall upward trend driven by the anticipated increase in frequency and severity of natural disasters and climate-related events. Significant spikes in activity will occur as major disaster events necessitate escalated governmental and agency response and preparedness efforts."
2016-06-30,"The Security:OT values are expected to exhibit high volatility over the next 18 months, with significant, unpredictable spikes driven by the ongoing need for disaster preparedness and response, especially during peak disaster seasons. The underlying demand is likely to remain strong due to the predicted increase in climate-related disasters."
2016-07-31,"The Security:OT metric is projected to exhibit continued high volatility over the next 18 months, with significant, recurring spikes driven by the increasing frequency and severity of climate-related disasters. This will necessitate sustained governmental and agency focus on critical infrastructure preparedness and response, impacting OT security resource allocation."
2016-08-31,"The Security:OT values are projected to maintain high volatility over the next 18 months, with a continued pattern of large, irregular spikes that are likely to increase in magnitude. These surges will be primarily driven by the escalating frequency and severity of natural disasters and the associated operational technology needs for security and emergency response."
2016-09-30,"Expect continued high volatility in Security:OT values over the next 18 months, with significant unpredictable spikes driven primarily by the occurrence and intensity of natural disasters, particularly during peak seasons. Ongoing governmental emphasis on disaster preparedness and response will maintain a foundational level of activity, but major events will be the primary catalyst for surges."
2016-10-31,"Security:OT values are forecast to exhibit continued high volatility, with significant spikes expected, especially during traditional peak natural disaster seasons. This will be driven by persistent national disaster preparedness and response efforts, alongside the increasing frequency and intensity of climate-related events."
2016-11-30,"Security:OT values are projected to remain highly volatile over the next 18 months, with significant spikes anticipated due to the increasing frequency and severity of natural disasters and extreme weather events. The underlying driver will be ongoing governmental and agency efforts in disaster preparedness, response, and recovery, which will necessitate continuous investment in operational technology security."
2016-12-31,"The Security:OT metric is expected to remain highly volatile over the next 18 months, with significant fluctuations driven primarily by the occurrence and severity of natural disasters. While ongoing disaster preparedness and emergency management efforts will maintain a baseline level of activity, major spikes are anticipated, particularly during peak disaster seasons, preventing any clear sustained directional trend."
2017-01-31,"The series will remain highly volatile, characterized by a lower baseline punctuated by significant, abrupt spikes, primarily driven by proactive disaster preparedness and the onset of peak severe weather seasons. These surges are likely to occur during summer and fall months, reflecting initial emergency response rather than sustained long-term recovery."
2017-02-28,"Expect continued high volatility in Security:OT activity over the next 18 months, with values fluctuating significantly around a baseline and frequent, unpredictable spikes. These surges will be primarily driven by the increasing frequency and severity of natural disasters, alongside sustained governmental and organizational focus on preparedness and rapid response."
2017-03-31,"The Security:OT domain will likely experience continued high volatility over the next 18 months, characterized by significant spikes in activity. These surges will primarily be driven by ongoing governmental disaster preparedness and response efforts, especially in reaction to climate-related natural disasters, while a substantial baseline of activity persists."
2017-04-30,"Over the next 18 months, Security:OT activity is projected to remain highly volatile, with significant fluctuations around a strong baseline. This persistent activity and episodic spikes will be primarily driven by the ongoing need for disaster preparedness and response, intensified by the increasing frequency and severity of climate-related events."
2017-05-31,"The Security:OT values are forecast to maintain their highly volatile pattern over the next 18 months, with significant periodic spikes expected. These increases will primarily be driven by ongoing emergency preparedness initiatives and responses to natural disaster events, especially during peak disaster seasons, reflecting the continuous need for securing operational technologies in critical infrastructure."
2017-06-30,"Security:OT is anticipated to exhibit continued high volatility over the next 18 months, with significant spikes in activity and resource allocation directly tied to the unpredictable occurrence of major natural disasters. The underlying demand for operational technology security in disaster management is expected to remain robust, driven by persistent governmental preparedness efforts and the increasing frequency of climate-related events."
2017-07-31,"The Security:OT domain is expected to experience continued high volatility over the next 18 months, with periods of lower activity interspersed with significant, event-driven spikes. These surges will be primarily propelled by the occurrence of major natural disasters, the ongoing need for critical infrastructure security enhancements, and associated government funding and policy initiatives."
2017-08-31,"The Security:OT metric is expected to remain highly volatile, characterized by a generally lower baseline but with significant, unpredictable spikes. These increases are likely driven by seasonal preparedness efforts and budget cycles, particularly around mid-year and late-year, rather than immediate responses to major disaster declarations, which consistently pose a risk."
2017-09-30,"Security:OT values are projected to maintain high volatility over the next 18 months, primarily driven by the occurrence and severity of major natural disasters and the subsequent governmental response and resource allocation. Expect recurring significant spikes, especially during anticipated peak disaster seasons."
2017-10-31,"The Security:OT values will continue to exhibit high volatility over the next 18 months, with significant spikes driven by major natural disasters and associated governmental emergency declarations and federal relief funding. Expect sustained potential for extreme high values, especially during peak disaster seasons, reflecting the ongoing impact of climate-related events."
2017-11-30,"The forecast predicts continued high volatility in Security:OT activity, with significant episodic surges driven by the increasing frequency and severity of natural disasters. While baseline activity may remain stable, these unpredictable events, coupled with ongoing government preparedness and substantial disaster relief funding, will sustain periods of elevated values."
2017-12-31,"The forecast for ""Security:OT"" is expected to remain highly volatile, primarily driven by the unpredictable occurrence and severity of major natural disasters and subsequent federal relief efforts. While a stable baseline of ongoing preparedness and response activities will persist, significant spikes in value are anticipated, particularly during peak disaster seasons, reflecting increased investment in securing critical operational technologies during crisis and recovery."
2018-01-31,"The ""Security:OT"" values are expected to remain highly volatile over the next 18 months, characterized by significant spikes driven by the increasing frequency and severity of natural disasters and subsequent governmental response and funding allocations. Overall activity levels are likely to stay elevated compared to earlier historical periods, reflecting the ongoing need for robust operational technology security in disaster management."
2018-02-28,"Expect continued extreme volatility in Security:OT activity over the next 18 months, with significant upward spikes driven by the increasing frequency and severity of natural disasters. The ongoing need for robust operational technology security in disaster preparedness, response, and recovery will sustain elevated activity levels."
2018-03-31,"Expect continued high volatility in Security:OT activity, driven primarily by the unpredictable nature and increasing frequency of natural disasters. Values will likely fluctuate significantly, with substantial spikes anticipated during peak disaster seasons (late summer and fall) and a generally elevated baseline due to ongoing preparedness and recovery efforts."
2018-04-30,"The Security:OT values are expected to remain highly volatile over the next 18 months, with significant spikes likely during peak disaster seasons, driven by the increasing frequency and severity of natural disasters and sustained government investment in operational technology security for critical infrastructure resilience. The overall trend will likely remain elevated compared to historical averages, reflecting a continued high level of emergency management and recovery efforts."
2018-05-31,"The Security:OT domain will continue to experience significant volatility over the next 18 months, with activity primarily driven by the increasing frequency and severity of natural disasters. Expect substantial spikes in demand for related services, particularly during peak disaster seasons, potentially reaching or exceeding recent historical highs."
2018-06-30,"Expect continued high volatility with significant upward spikes, primarily driven by the frequency and severity of natural disasters and associated emergency declarations. The overall trend in activity will likely increase, reflecting sustained and growing investments in disaster preparedness, response, and recovery efforts, particularly during peak disaster seasons."
2018-07-31,"Expect continued high volatility in Security:OT activity over the next 18 months, driven by the persistent threat of natural disasters and ongoing federal response. Significant spikes are anticipated, especially during peak disaster seasons, with a likely increase in their magnitude reflecting the growing frequency and severity of climate-related events."
2018-08-31,"Expect continued high volatility in Security:OT expenditures, with an upward trend in peak magnitudes, primarily driven by the increasing frequency and severity of natural disasters and subsequent federal relief efforts. Significant spikes are anticipated, especially during active hurricane seasons, as funding is allocated for response and recovery."
2018-09-30,"The Security:OT values are projected to remain highly volatile over the next 18 months, with an elevated baseline and significant spikes driven by the increasing frequency of natural disasters, particularly during hurricane seasons, necessitating ongoing emergency funding and long-term recovery efforts."
2018-10-31,"The Security:OT domain is forecast to continue its upward trajectory over the next 18 months, propelled by the increasing frequency and intensity of natural disasters and ongoing governmental emphasis on preparedness and response. Expect sustained high volatility, with significant spikes in activity often occurring with a lag after major disaster events."
2018-11-30,"Security:OT values are projected to maintain high volatility over the next 18 months, with significant spikes driven by the occurrence of major natural disasters and associated government relief efforts. The overall trend is expected to remain elevated, influenced by continuous disaster preparedness and the predicted increasing frequency of climate-related events."
2018-12-31,"The ""Security:OT"" metric is projected to continue its overall upward trend over the next 18 months, driven by the increasing frequency and severity of natural disasters and the associated need for robust operational technology security in preparedness, response, and recovery efforts. High month-to-month volatility will persist, with significant spikes anticipated during periods of heightened disaster activity, particularly the hurricane season."
2019-01-31,"The forecast for Security:OT indicates continued high volatility with an overall upward trend, driven by the increasing frequency and severity of natural disasters and ongoing preparedness efforts. Significant spikes are expected annually during the hurricane season (July-November), while the early months of the year will likely experience comparatively lower activity."
2019-02-28,"The Security:OT activity is projected to maintain an upward trajectory over the next 18 months, driven by the increasing frequency and intensity of natural disasters and sustained governmental preparedness initiatives. Expect continued high volatility, characterized by unpredictable, substantial spikes in activity, particularly during peak disaster seasons, as emergency response and recovery efforts necessitate significant operational technology deployments."
2019-03-31,"Over the next 18 months, Security:OT values are expected to remain highly volatile, featuring a sustained baseline in the hundreds of millions and frequent, unpredictable spikes into the billions. This pattern is primarily driven by the increasing frequency and severity of natural disasters, such as hurricanes and wildfires, which will continue to necessitate significant government response and preparedness efforts."
2019-04-30,"The Security:OT domain will likely experience continued high volatility over the next 18 months, with significant spikes in activity directly correlated with major natural disaster events. An underlying upward trend is anticipated, driven by persistent preparedness efforts and the increasing frequency and severity of climate-related emergencies impacting critical infrastructure."
2019-05-31,"Activity levels in Security:OT are projected to exhibit high volatility over the next 18 months, with substantial increases driven by the occurrence of major natural disasters such as hurricanes and floods. The overall trend is expected to remain elevated, reflecting the increasing frequency of climate-related events and continuous governmental emergency management efforts."
2019-06-30,"The ""Security:OT"" domain will exhibit substantial volatility over the next 18 months, characterized by sharp increases in activity driven by the recurring hurricane seasons and the escalating frequency and severity of natural disasters. Overall activity levels are expected to remain elevated, sustained by ongoing governmental preparedness efforts and federal disaster funding allocations responding to these persistent and intensifying threats."
2019-07-31,"The Security:OT domain will likely see continued high volatility over the next 18 months, with spending spikes driven by the ongoing frequency and severity of natural disasters and associated government relief efforts. An overall elevated trend is anticipated due to persistent preparedness and recovery demands."
2019-08-31,"The Security:OT values are projected to remain highly volatile over the next 18 months, characterized by significant spikes in response to natural disasters such as hurricanes and wildfires. Despite recent moderation, the overall trend suggests continued elevated levels driven by the increasing frequency and impact of these events."
2019-09-30,"The Security:OT values are projected to maintain significant volatility over the next 18 months, with pronounced upward spikes directly tied to the frequency and intensity of natural disasters, including hurricanes, floods, and wildfires. A robust baseline of activity will persist, driven by continuous governmental preparedness and recovery initiatives, ensuring elevated spending during and in the aftermath of critical events."
2019-10-31,"The Security:OT values will maintain an overall upward trajectory over the next 18 months, characterized by significant volatility and pronounced spikes. This trend is primarily driven by the escalating frequency and intensity of natural disasters, necessitating substantial government response and recovery efforts."
2019-11-30,"The Security:OT activity is expected to remain highly volatile over the next 18 months, primarily driven by the unpredictable occurrence and increasing frequency of natural disasters. Following recent lower levels, values will likely rebound, showing significant spikes during peak disaster seasons as ongoing response and recovery efforts continue to demand substantial resources."
2019-12-31,"The ""Security:OT"" metric is expected to continue exhibiting significant volatility over the next 18 months, with values primarily driven by the unpredictable frequency and severity of natural disasters. Sharp increases in activity are anticipated following major disaster declarations and associated federal and state funding, while ongoing preparedness efforts will maintain a fluctuating baseline."
2020-01-31,"The Security:OT metric is forecast to exhibit continued high volatility over the next 18 months, with significant spikes driven by the ongoing and increasing frequency of natural disasters. These events will necessitate sustained emergency response, recovery, and preparedness efforts that directly impact operational technology security, preventing any stable long-term trend."
2020-02-29,"The Security:OT domain is expected to maintain its high historical volatility over the next 18 months, with overall activity levels likely to remain elevated, primarily driven by ongoing natural disaster responses and the significant, sustained demands of the emerging COVID-19 pandemic on critical infrastructure security."
2020-03-31,"The ""Security:OT"" values are projected to remain significantly elevated over the next 18 months, primarily driven by the sustained, widespread emergency response to the COVID-19 pandemic. While the series will continue to exhibit high volatility, the overall trend suggests a higher baseline compared to historical averages, with potential for further spikes from concurrent natural disasters or evolving operational security demands."
2020-04-30,"The Security:OT values are expected to remain elevated in the near term, continuing the significant upward trend driven by the ongoing emergency response to the COVID-19 pandemic. High volatility will persist, with further substantial spikes anticipated from recurring natural disaster events and evolving long-term security requirements stemming from the pandemic."
2020-05-31,"The Security:OT domain is expected to experience sustained elevated activity and significant volatility over the next 18 months. This will be primarily driven by the ongoing national response to the COVID-19 pandemic and the persistent threat of natural disasters, necessitating robust emergency management and operational technology security efforts."
2020-06-30,"The Security:OT domain will likely see sustained high activity and significant volatility over the next 18 months. The primary driver will be the ongoing national and public health emergency declarations due to the COVID-19 pandemic, which continues to necessitate heightened focus on critical infrastructure security, compounded by responses to natural disasters."
2020-07-31,"Security:OT values are projected to remain elevated with significant volatility over the next 18 months, primarily driven by the ongoing demands of the COVID-19 pandemic response and persistent natural disaster events. This reflects a sustained critical focus on operational technology security amidst widespread emergencies and environmental challenges."
2020-08-31,"The Security:OT values will continue to exhibit high volatility over the next 18 months, primarily driven by the ongoing operational security demands of the COVID-19 pandemic and recurring natural disaster events. While the extreme peaks observed in early 2020 are unlikely to be sustained, overall activity levels are expected to remain elevated compared to pre-pandemic years due to persistent emergency management requirements."
2020-09-30,"Activity in the Security:OT domain is projected to remain elevated over the next 18 months, significantly above pre-2020 levels, primarily driven by the ongoing COVID-19 pandemic response and the increasing impact of natural disasters. Expect continued high volatility, with potential for extreme spikes in activity during peak natural disaster seasons."
2020-10-31,"Security:OT values are forecast to remain elevated over the next 18 months, sustained by the ongoing COVID-19 pandemic and the persistent threat of severe natural disasters. High volatility is expected to continue, with potential for extreme spikes driven by concurrent major emergency events."
2020-11-30,"The ""Security:OT"" values will likely remain elevated and highly volatile over the next 18 months, continuing the upward trend observed in 2020. This trajectory is primarily driven by the increasing frequency and intensity of natural disasters and sustained governmental focus on emergency preparedness and response, including potential public health crises."
2020-12-31,"The values are expected to remain significantly elevated compared to pre-2020 levels, primarily driven by ongoing pandemic-related security requirements and the continued prevalence of severe natural disasters impacting operational technology. High volatility will persist, with potential for substantial spikes in response to major emergency events."
2021-01-31,"The ""Security:OT"" metric is expected to remain highly volatile and significantly elevated compared to pre-2020 levels over the next 18 months, primarily driven by ongoing COVID-19 pandemic response and the continued occurrence of major natural disasters. While extreme spikes are possible, the overall activity level will likely sustain the higher baseline established during the pandemic."
2021-02-28,"The ""Security:OT"" values are projected to remain elevated and highly volatile over the next 18 months, sustained by ongoing COVID-19 pandemic response efforts and significant natural disaster activity. Expect continued large fluctuations with potential for extreme spikes, particularly during peak disaster seasons, as governmental agencies maintain robust emergency management and recovery initiatives."
2021-03-31,"Security:OT activity is expected to remain at significantly elevated levels compared to pre-2020, driven by the ongoing impact of natural disasters and sustained focus on critical infrastructure resilience. The forecast anticipates continued high volatility, with sharp increases correlating with major disaster events or declarations."
2021-04-30,"The Security:OT values are expected to remain at a significantly elevated baseline compared to pre-2020 levels. This domain will likely experience continued high volatility, with notable spikes driven by recurring natural disasters such as hurricanes, wildfires, and floods, alongside ongoing governmental emergency preparedness and response efforts."
2021-05-31,"Security:OT activity is forecast to remain elevated, well above pre-2020 levels, driven by the continued impact of climate-related natural disasters and the ongoing need for robust emergency response. Expect high volatility, with potential for extreme spikes linked to major disaster declarations or large-scale public health emergencies."
2021-06-30,"Security:OT activity will maintain an elevated level compared to previous years, primarily driven by the persistent threat of natural disasters and ongoing government emergency management. The series will exhibit significant volatility, characterized by sharp increases in response to major disaster events and public health emergencies."
2021-07-31,"The Security:OT metric is projected to remain at significantly elevated levels, sustained by ongoing disaster preparedness and emergency response activities. High volatility will continue, with the potential for extreme spikes driven by the occurrence of major natural disasters or public health crises, similar to past periods of heightened activity."
2021-08-31,"The Security:OT activity is expected to remain elevated compared to pre-2020 levels, primarily driven by the ongoing impact of natural disasters and the lingering effects of the pandemic. High volatility will persist due to the unpredictable nature and increasing frequency of severe weather events and other major emergencies."
2021-09-30,"The Security:OT domain will continue its upward trend, maintaining the elevated activity levels established since early 2020. High volatility will persist, primarily driven by the ongoing impact of natural disasters and the potential for future public health emergencies, which necessitate robust operational technology security."
2021-10-31,"Security:OT values are projected to remain at an elevated baseline compared to pre-2020 levels, driven by persistent natural disaster activity and ongoing public health emergency responses. High volatility is expected, with significant spikes likely to coincide with major disaster declarations."
2021-11-30,"Security:OT values are expected to maintain an elevated baseline compared to pre-2020 levels, primarily driven by persistent disaster preparedness efforts and the increasing frequency of severe natural disasters. Significant volatility will continue, with sharp increases likely during periods of major emergency declarations and widespread disaster response."
2021-12-31,"The ""Security:OT"" values are projected to maintain a generally elevated level over the next 18 months, significantly higher than pre-2020 figures, primarily driven by persistent critical infrastructure security concerns and the ongoing frequency and intensity of natural disasters. Expect continued high volatility, with notable upward spikes possible during peak natural disaster seasons, while the full unwinding of COVID-19 emergency declarations may introduce some moderating pressure."
2022-01-31,"Security:OT values are expected to remain elevated and highly volatile over the next 18 months, driven by the persistent threat of natural disasters and ongoing emergency management needs. This will result in significant month-to-month fluctuations, with potential for extreme spikes during periods of intense disaster activity."
2022-02-28,"The Security:OT metric is forecast to remain elevated and highly volatile over the next 18 months, primarily driven by the ongoing frequency and intensity of natural disasters requiring robust emergency management and critical infrastructure security. While the direct impact of COVID-19 emergency declarations may gradually diminish, unpredictable disaster events will likely continue to cause significant spikes in activity."
2022-03-31,"The forecast for ""Security:OT"" over the next 18 months indicates continued high volatility, primarily driven by the unpredictable occurrence and scale of natural disasters and potential new public health emergencies. While a slight moderation from the peak emergency response levels of 2020-2021 is possible as COVID-19 declarations expire, the metric will likely remain elevated compared to pre-pandemic levels, with significant spikes expected during periods of major disaster events and associated government response efforts."
2022-04-30,"The Security:OT values are projected to remain elevated compared to pre-2020 levels, with persistent high volatility primarily driven by the unpredictable occurrence of natural disasters and the evolving landscape of public health emergencies. While a gradual stabilization or slight decrease from peak pandemic-related spending is anticipated, significant spikes will continue in response to major disaster events."
2022-05-31,"Activity in the Security:OT domain is projected to remain elevated over the next 18 months, primarily driven by persistent natural disaster events and ongoing emergency management requirements. Expect continued high volatility, with significant upward spikes corresponding to the unpredictable nature and severity of major natural disasters."
2022-06-30,"The Security:OT values are projected to remain at elevated levels, significantly higher than pre-2020, primarily driven by the persistent threat of natural disasters and ongoing emergency management requirements. High volatility will continue, with notable spikes and dips expected in response to major disaster declarations, severe weather events, and evolving public health emergencies."
2022-07-31,"The Security:OT values are projected to maintain an elevated level with a potential for a slight upward trend over the next 18 months, while exhibiting high volatility. This dynamic will be primarily driven by the ongoing frequency and severity of natural disasters and the emergence of new public health emergencies, both necessitating substantial government response and resource allocation in operational technology security."
2022-08-31,"""Security:OT"" values are forecast to exhibit continued high volatility over the next 18 months, with significant upward surges driven by major natural disasters and public health emergencies impacting critical infrastructure. Underlying values will remain substantial due to ongoing preparedness efforts, but the overall trend will be event-driven rather than linear."
2022-09-30,"The Security:OT values are expected to remain highly volatile over the next 18 months, with significant spikes probable following major natural disaster events and public health emergencies. The overall direction will largely depend on the unpredictable occurrence and scale of these critical incidents, which drive emergency response and operational technology security efforts."
2022-10-31,"The Security:OT domain will continue to experience high volatility over the next 18 months, with values fluctuating significantly due to the unpredictable nature and increasing frequency of natural disasters. Activity will surge during major disaster declarations and subsequent government response efforts, maintaining an elevated baseline driven by ongoing emergency preparedness and recovery initiatives."
2022-11-30,"The Security:OT domain is expected to maintain a high level of activity over the next 18 months, characterized by significant volatility. This will be primarily driven by the ongoing occurrence of natural disasters like hurricanes, wildfires, and severe weather events, alongside potential public health emergencies, necessitating sustained government emergency management and response efforts."
2022-12-31,"Security:OT values will exhibit continued high volatility over the next 18 months, maintaining a relatively stable baseline with unpredictable upward spikes. These surges are driven by the occurrence of major natural disasters and public health emergencies, necessitating extensive government response and critical infrastructure security."
2023-01-31,"The Security:OT metric is expected to exhibit sustained high volatility over the next 18 months, with values fluctuating significantly around a high baseline. This activity will be primarily driven by ongoing natural disasters and potential public health emergencies, with notable increases likely during seasonal disaster periods."
2023-02-28,"Security:OT values are projected to exhibit continued high volatility over the next 18 months, with no clear sustained trend. The primary drivers will remain the unpredictable occurrence of natural disasters and other significant emergencies, leading to sharp increases in activity and associated values in response to major government declarations and critical infrastructure response efforts."
2023-03-31,"The ""Security:OT"" values are forecast to exhibit continued high volatility over the next 18 months, with significant spikes expected. This pattern will be primarily driven by the increasing frequency and severity of natural disasters, necessitating substantial and ongoing emergency response and recovery efforts."
2023-04-30,"The ""Security:OT"" values are projected to exhibit continued high volatility over the next 18 months, primarily driven by the increasing frequency and severity of natural disasters and persistent public health emergencies. This will necessitate ongoing government disaster preparedness and response, leading to unpredictable spikes in activity."
2023-05-31,"Security:OT activity will continue to exhibit high volatility over the next 18 months, primarily driven by the unpredictable occurrence and scale of natural disasters and associated emergency declarations. A persistent baseline of preparedness and response efforts is expected, with significant spikes correlating to major widespread events impacting critical infrastructure."
2023-06-30,"Security:OT activity will continue to exhibit high volatility over the next 18 months, with significant spikes expected in response to major natural disaster declarations and persistent public health emergencies. The overall activity level will remain elevated, driven by the ongoing need for critical infrastructure protection and emergency response to climate-related events and government resource allocation."
2023-07-31,"Security:OT values are projected to remain highly volatile over the next 18 months, characterized by significant month-to-month fluctuations. This volatility will be primarily driven by the ongoing and increasing frequency of natural disasters and public health emergencies, with major spikes coinciding with new disaster declarations and intensified government response efforts, sustaining an elevated focus on operational technology security."
2023-08-31,"The Security:OT sector is expected to maintain its highly volatile activity over the next 18 months, with no clear sustained upward or downward trend. Values will continue to fluctuate significantly, primarily driven by the unpredictable frequency and severity of natural disasters and associated emergency declarations, leading to periodic spikes in activity."
2023-09-30,"Following a sharp recent decline, Security:OT values are expected to rebound and maintain high volatility over the next 18 months. This will be primarily driven by the persistent occurrence of natural disasters and other emergencies, coupled with ongoing government response and preparedness initiatives."
2023-10-31,"Security:OT values are projected to exhibit continued high volatility over the next 18 months, with sharp month-to-month fluctuations primarily driven by the sustained and increasing frequency of natural disasters and public health emergencies requiring significant government response and declarations. No clear long-term directional trend is anticipated, but rather a continuation of event-driven peaks and troughs."
2023-11-30,"The Security:OT values are expected to exhibit continued high volatility over the next 18 months, with no clear long-term trend but sustained elevated activity. This will be primarily driven by the persistent and increasing frequency of natural disasters and other emergency declarations, which necessitate significant operational technology security responses and recovery efforts."
2023-12-31,"The Security:OT activity is projected to maintain its high volatility over the next 18 months, with no clear long-term trend in overall levels. Significant spikes in activity are expected to continue, directly influenced by the frequency and intensity of natural disasters and other major emergencies that necessitate operational technology security responses for critical infrastructure."
2024-01-31,"The Security:OT values are projected to maintain high volatility over the next 18 months, with significant month-to-month fluctuations expected rather than a discernible long-term trend. This dynamic will be largely driven by the ongoing and increasing frequency of natural disasters and other emergency declarations, leading to periodic spikes in activity and associated spending."
2024-02-29,"Security:OT values are forecast to maintain high volatility over the next 18 months, with significant monthly fluctuations and no discernible long-term trend. This dynamic will be primarily driven by the persistent frequency and severity of natural disasters, public health emergencies, and critical infrastructure incidents, requiring continuous government-led preparedness and response efforts."
2024-03-31,"The Security:OT values will continue to exhibit high volatility over the next 18 months, with no sustained directional trend. Spikes in activity are expected to correlate directly with the occurrence and severity of natural disasters and public health emergencies, driving government disaster declarations and associated operational security responses."
2024-04-30,"Security:OT activity is projected to remain highly volatile over the next 18 months, with significant month-to-month fluctuations primarily driven by the unpredictable nature and increasing frequency of natural disasters. Expect continued sharp peaks in activity following major emergency declarations and federal aid for critical infrastructure security, with an overall upward pressure on the baseline due to persistent climate-related risks."
2024-05-31,"The Security:OT domain is expected to exhibit continued high volatility over the next 18 months, with significant fluctuations driven by the unpredictable nature and intensity of disaster preparedness and response efforts impacting critical infrastructure. Despite the recent exceptionally low value, historical trends indicate a likely rebound and ongoing substantial swings in activity."
