end_date,intrinsic,trigger
1970-01-31,"{""intrinsic"": """", ""trigger"": """"}",
1970-02-28,"{""intrinsic"": """", ""trigger"": """"}",
1970-03-31,"Typical seasonal patterns for March, reflecting expected monthly seasonality.",
1970-04-30,"{""intrinsic"": """", ""trigger"": """"}",
1970-05-31,"{""intrinsic"": """", ""trigger"": """"}",
1970-06-30,"{""intrinsic"": """", ""trigger"": """"}",
1970-07-31,"{""intrinsic"": """", ""trigger"": """"}",
1970-08-31,August seasonality.,
1970-09-30,"{""intrinsic"": """", ""trigger"": """"}",
1970-10-31,"{""intrinsic"": """", ""trigger"": """"}",
1970-11-30,"{""intrinsic"": """", ""trigger"": """"}",
1970-12-31,"{""intrinsic"": """", ""trigger"": """"}",
1971-01-31,"Beginning of a new calendar year, potential for typical January seasonal patterns.",
1971-02-28,"{""intrinsic"": """", ""trigger"": """"}",
1971-03-31,"{""intrinsic"": """", ""trigger"": """"}",
1971-04-30,"{""intrinsic"": """", ""trigger"": """"}",
1971-05-31,"{""intrinsic"": """", ""trigger"": """"}",
1971-06-30,"Monthly data, potential for June seasonality.",
1971-07-31,"{""intrinsic"": """", ""trigger"": """"}",
1971-08-31,"{""intrinsic"": """", ""trigger"": """"}",
1971-09-30,"{""intrinsic"": """", ""trigger"": """"}",
1971-10-31,"{""intrinsic"": """", ""trigger"": """"}",
1971-11-30,"{""intrinsic"": """", ""trigger"": """"}",
1971-12-31,"{""intrinsic"": """", ""trigger"": """"}",
1972-01-31,"General January seasonality (e.g., post-holiday trends, winter effects).",
1972-02-29,"February 1972, a leap year month with 29 days.",
1972-03-31,"{""intrinsic"": """", ""trigger"": """"}",
1972-04-30,Monthly seasonality expected for April.,
1972-05-31,"{""intrinsic"": """", ""trigger"": """"}",
1972-06-30,"{""intrinsic"": """", ""trigger"": """"}",
1972-07-31,General monthly seasonality for July.,
1972-08-31,"{""intrinsic"": """", ""trigger"": """"}",
1972-09-30,"{""intrinsic"": """", ""trigger"": """"}",
1972-10-31,"{""intrinsic"": """", ""trigger"": """"}",
1972-11-30,"{""intrinsic"": """", ""trigger"": """"}",
1972-12-31,"{""intrinsic"": """", ""trigger"": """"}",
1973-01-31,"{""intrinsic"": """", ""trigger"": """"}",
1973-02-28,"{""intrinsic"": """", ""trigger"": """"}",
1973-03-31,"{""intrinsic"": """", ""trigger"": """"}",
1973-04-30,"{""intrinsic"": """", ""trigger"": """"}",
1973-05-31,"{""intrinsic"": """", ""trigger"": """"}",
1973-06-30,"{""intrinsic"": """", ""trigger"": """"}",
1973-07-31,"{""intrinsic"": """", ""trigger"": """"}",
1973-08-31,"{""intrinsic"": """", ""trigger"": """"}",
1973-09-30,Regular monthly seasonality for September.,
1973-10-31,"{""intrinsic"": """", ""trigger"": """"}",
1973-11-30,"{""intrinsic"": """", ""trigger"": """"}",
1973-12-31,"{""intrinsic"": """", ""trigger"": """"}",
1974-01-31,"{""intrinsic"": """", ""trigger"": """"}",
1974-02-28,"{""intrinsic"": """", ""trigger"": """"}",
1974-03-31,"{""intrinsic"": """", ""trigger"": """"}",
1974-04-30,"{""intrinsic"": """", ""trigger"": """"}",
1974-05-31,"{""intrinsic"": """", ""trigger"": """"}",
1974-06-30,"{""intrinsic"": """", ""trigger"": """"}",
1974-07-31,"{""intrinsic"": """", ""trigger"": """"}",
1974-08-31,"{""intrinsic"": """", ""trigger"": """"}",
1974-09-30,"{""intrinsic"": """", ""trigger"": """"}",
1974-10-31,"{""intrinsic"": """", ""trigger"": """"}",
1974-11-30,"{""intrinsic"": """", ""trigger"": """"}",
1974-12-31,"{""intrinsic"": """", ""trigger"": """"}",
1975-01-31,"{""intrinsic"": """", ""trigger"": """"}",
1975-02-28,Monthly seasonality (February); shorter month (28 days).,
1975-03-31,"{""intrinsic"": """", ""trigger"": """"}",
1975-04-30,"{""intrinsic"": """", ""trigger"": """"}",
1975-05-31,"{""intrinsic"": """", ""trigger"": """"}",
1975-06-30,Monthly seasonality for June.,
1975-07-31,"{""intrinsic"": """", ""trigger"": """"}",
1975-08-31,Typical August seasonality.,
1975-09-30,General monthly seasonality.,
1975-10-31,"{""intrinsic"": """", ""trigger"": """"}",
1975-11-30,"{""intrinsic"": """", ""trigger"": """"}",
1975-12-31,"{""intrinsic"": """", ""trigger"": """"}",
1976-01-31,"{""intrinsic"": """", ""trigger"": """"}",
1976-02-29,"February 1976, a leap year with 29 days; typical winter seasonality.",
1976-03-31,"{""intrinsic"": """", ""trigger"": """"}",
1976-04-30,"{""intrinsic"": """", ""trigger"": """"}",
1976-05-31,"{""intrinsic"": """", ""trigger"": """"}",
1976-06-30,"{""intrinsic"": """", ""trigger"": """"}",
1976-07-31,"{""intrinsic"": """", ""trigger"": """"}",
1976-08-31,"{""intrinsic"": """", ""trigger"": """"}",
1976-09-30,"{""intrinsic"": """", ""trigger"": """"}",
1976-10-31,"{""intrinsic"": """", ""trigger"": """"}",
1976-11-30,"{""intrinsic"": """", ""trigger"": """"}",
1976-12-31,"{""intrinsic"": """", ""trigger"": """"}",
1977-01-31,"{""intrinsic"": """", ""trigger"": """"}",
1977-02-28,"{""intrinsic"": """", ""trigger"": """"}",
1977-03-31,"{""intrinsic"": """", ""trigger"": """"}",
1977-04-30,Monthly seasonality for April.,
1977-05-31,"{""intrinsic"": """", ""trigger"": """"}",
1977-06-30,"Monthly period in June 1977, potentially subject to seasonal patterns.",
1977-07-31,"{""intrinsic"": """", ""trigger"": """"}",
1977-08-31,"{""intrinsic"": """", ""trigger"": """"}",
1977-09-30,"{""intrinsic"": """", ""trigger"": """"}",
1977-10-31,"{""intrinsic"": """", ""trigger"": """"}",
1977-11-30,"{""intrinsic"": """", ""trigger"": """"}",
1977-12-31,"{""intrinsic"": """", ""trigger"": """"}",
1978-01-31,"Typical January seasonal effects (e.g., post-holiday retail decline, winter weather impact).",
1978-02-28,"{""intrinsic"": """", ""trigger"": """"}",
1978-03-31,"{""intrinsic"": """", ""trigger"": """"}",
1978-04-30,"{""intrinsic"": """", ""trigger"": """"}",
1978-05-31,Regular monthly seasonality for May.,
1978-06-30,"{""intrinsic"": """", ""trigger"": """"}",
1978-07-31,Regular monthly period; potential summer seasonality.,
1978-08-31,August seasonality,
1978-09-30,"{""intrinsic"": """", ""trigger"": """"}",
1978-10-31,"{""intrinsic"": """", ""trigger"": """"}",
1978-11-30,"{""intrinsic"": """", ""trigger"": """"}",
1978-12-31,"{""intrinsic"": """", ""trigger"": """"}",
1979-01-31,"{""intrinsic"": """", ""trigger"": """"}",
1979-02-28,"{""intrinsic"": """", ""trigger"": """"}",
1979-03-31,"{""intrinsic"": """", ""trigger"": """"}",
1979-04-30,"{""intrinsic"": """", ""trigger"": """"}",
1979-05-31,"{""intrinsic"": """", ""trigger"": """"}",
1979-06-30,"{""intrinsic"": """", ""trigger"": """"}",
1979-07-31,"{""intrinsic"": """", ""trigger"": """"}",
1979-08-31,"{""intrinsic"": """", ""trigger"": """"}",
1979-09-30,"{""intrinsic"": """", ""trigger"": """"}",
1979-10-31,"{""intrinsic"": """", ""trigger"": """"}",
1979-11-30,"{""intrinsic"": """", ""trigger"": """"}",
1979-12-31,"{""intrinsic"": """", ""trigger"": """"}",
1980-01-31,"Formula for maximum possible traffic volume (qe,max). Statistical fact: Two-thirds of traffic fatalities/injuries for ages 6-15 occur in daylight, particularly afternoon.",Discussion/anticipation of the 1981 Air Traffic Controllers' strike and its potential impact on air travel.
1980-02-29,Traffic controller certification requirements in some US states; legal discussions on traffic violations and accidents in Wisconsin.,Multiple-vehicle collisions in construction zones on US Interstate 80.
1980-03-31,"World Bank involved in labor-based civil construction project; US government disseminates documents on track geometry and traffic accidents; rail network reduction via mergers may increase traffic volume; Road Traffic (Amendment) Regulations, 1980 published.",
1980-04-30,"Estimated daily traffic volume on Duke Street at 28,000 cars; high volume residential traffic in a South Central Interior city.",
1980-05-31,Traffic problems impeded work in Office of Fire and Marine Cargo Insurance; concern over managing tourist traffic on Highway 1 in Big Sur.,
1980-06-30,Zoning bylaw defines major streets; academic discussion on traffic assignment problem; acute angle intersections cause delays and accidents.,Non-race traffic created danger at a motorcycle racing event.
1980-07-31,"Reversible lanes implemented in Lexington, KY. Ongoing clean-up from a February 1980 railroad accident. Bartlett, TN zoning ordinance considers traffic volume. General discussions on rural delivery, motor carriers, and road planning.",
1980-08-31,State trunkline M-53 was identified as a major north-south arterial. Traffic committees decided to create new spaces on weekdays.,"Hurricane Allen tracked west to northwest on August 7, 1980, influenced by a strong ridge of high pressure."
1980-09-30,National Highway Traffic mentioned in a speech; significant volume of general cargo traffic from North America and the Baltic to Ireland.,"Report on economic effects of Mount St. Helens eruption published, indicating ongoing impact on transportation."
1980-10-31,Vehicle travel in California Desert managed for improved traffic flow. U.S. freight car fleet travels almost 29 billion miles annually; traffic safety initiatives continue.,
1980-11-30,Road Traffic Act regulations are in place. Evacuation response time depends on traffic volume and roadway capacity. Arc de Triomphe in Paris is a traffic circle.,
1980-12-31,"Massachusetts DEP revised Title 5 of State Environmental Code in 1980, a regulatory policy change potentially influencing transportation.",
1981-01-31,"Kimball, TN, passed road improvement ordinance; Simla, India, banned public traffic; NHTSA prepared motorcycle accident cause factors document.",
1981-02-28,US DOT involved in a study report. Pennsylvania traffic count data available for runaway vehicle frequency. Indian Railways addressing 1980 revenue shortfall through data gathering and planning.,
1981-03-31,Traffic-flow models consider volume and states. Perryville regulations require adequate streets for traffic volume. USDOT published a Railroad Classification Yard Technology Manual in 1981. Jaffrey experienced considerable traffic diversion towards a specific highway.,
1981-04-30,High traffic concerns and ongoing measures; continued traffic impact from 1980 bridge incident; lane closures affect traffic; new commercial vessel traffic rule published.,
1981-05-31,World Bank document noted traffic volume; Tippecanoe County Thoroughfare Plan created; routine road maintenance affected traffic; study predicted increased traffic from future development.,
1981-06-30,"Factual observations on traffic volume comparisons for control devices, average hourly traffic metrics, and 130 MAN buses in Australian traffic in 1981.",
1981-07-31,"Bus transportation to tourist attractions available. Urban toll roads exist, traffic planning considers volume and delay. Significant legal traffic into US. Agana, Guam experiences congestion.",
1981-08-31,UK Parliament discussed seat belt usage statistics; ongoing government reports and analyses on traffic.,"Gold rush to Denver, Colorado, caused a significant increase in traffic volume."
1981-09-30,Large traffic volume observed on roadways surrounding the Washington Monument.,"13,000 national air traffic controllers went on strike; President Reagan authorized their replacement."
1981-10-31,Existing road width limitations affected traffic volume; a study noted traffic adds to travel time and costs.,
1981-11-30,Rapid growth of air travel and aviation predicted. Focus on highway design and air/sea traffic surveillance technology.,20% reduction in imports (1980-1981) impacting merchandise transport. Flight restrictions imposed on U.S. air traffic control system.
1981-12-31,"Concerns about Dallas Freeway Corridor traffic control; Highway Safety Improvement Program (HSIP) established; significant traffic volume increase in Arunachal Pradesh, India.","Kansas City Hyatt Regency walkways collapse, a devastating structural failure."
1982-01-31,"US Department of Transportation evaluated Sulfer Extended Asphalt Pavement on January 15, 1982. The Road Motor Transportation Act was mentioned in the Government Gazette on January 22, 1982.",
1982-02-28,TRAFFIC ACT of 1981 implemented; Concept of constant travel time rates discussed; State's traffic volume charts used in Atlanta Child Murders trial.,
1982-03-31,"Urban planning considers traffic; general facts on railroad ballast, traffic signal warrants, rural road conditions, truck vibrations, and airport operations.",
1982-04-30,Increased traffic volume and affected patterns on neighboring islands and downtown areas.,Severe accident on April 7 caused a traffic jam in Downtown Chrysler. US Border Patrol roadblocks in Key West on April 23 caused traffic delays.
1982-05-31,The Highway Traffic Act empowers provisions related to traffic management.,
1982-06-30,"US highway travel volume in 1982 was 1.4 trillion vehicle miles, with trucks comprising 22.3% of that total.",
1982-07-31,"1982 Terwilliger Parkway Inventory reported traffic volumes. Florida experienced traffic congestion. US rail passenger travel declined, with federal subsidies assessed.",
1982-08-31,"Increased trade volume with China; Road Motor Transportation Act mentioned, indicating a regulatory framework for transportation.",
1982-09-30,Highway construction planning considers holiday traffic volume. Known relationship: traffic volume affects particulate emissions. Labor Day holiday in early September is an expected factor.,
1982-10-31,"Demand for air travel rose by 1-2% in 1981-82. Inland waterway and deep draft navigation systems are suitable for high volume, long haul transportation of bulk cargoes.",
1982-11-30,"Winston City's comprehensive plan for traffic flow and safety was dated November 1, 1982. A Road Traffic Amendment was passed in Western Australia on November 26, 1982.",
1982-12-31,High volume of VFR air traffic in Central US; traffic volumes affected by vehicle size and weight.,Heavy rain and flooding in central states (Dec 3-6) caused road closures and disruptions.
1983-01-31,"Recent traffic counts; growing demand for services; government focus on transportation infrastructure, safety protocols, and reports; expected maintenance and seasonal travel patterns.",
1983-02-28,Ohio Transportation Department mentioned in Federal Register.,Traffic volume affected by war-related convoys and jams.
1983-03-31,State Transportation Department relocated a highway in 1983; existing regulations and guidelines shape travel and transportation; traffic volumes influence pavement and maintenance costs.,Disruptions to traffic patterns due to highway relocation; aftermath of a tornado in South Central Los Angeles.
1983-04-30,"Transportation industries are often regulated and set prices collusively. Traffic grew over 30% annually from 1979-1981, leading to expected congestion.",
1983-05-31,"Policy focus on improving quality of tourist traffic; historical traffic volume counts from 1981 available; government agencies regulate traffic; Allentown intersection traffic count over 30,000 cars/day in 1983.",
1983-06-30,Pittsburgh's traffic involved a traffic circle and walkways. The US had concerns about traffic operations and highway design standards.,
1983-07-31,UN Conference on Trade and Development discussed inter-State traffic; ongoing projects addressed automobile safety and accident reduction.,
1983-08-31,"Poverty rate rose to 15% in 1982, highest since 1965, potentially decreasing travel. Traffic congestion is expected to continue on major routes.",
1983-09-30,"General facts on distribution operations, aircraft evaluations, and a traffic lanes project. Significant pedestrian traffic expected in Plymouth-Canton, Mich. FAA guidelines for airport capacity and Canadian travel rights noted.",
1983-10-31,"Development of park-and-ride facilities intended to reduce traffic congestion; Oak Lawn Plan aims to increase parking supply, expected to decrease local traffic volumes.",
1983-11-30,"NHTSA began investigating an automaker for a March 8 incident, increasing safety scrutiny. Government allocated resources for official travel, potentially increasing traffic.",
1983-12-31,US transportation volume increased by 48% in 1983. NTSB investigated a February 1983 highway accident. General transportation planning focused on traffic volume.,
1984-01-31,UN Office provides traffic services info; Military Traffic Management Command handles commercial land transport; pavement life estimation uses traffic data; traffic volume surveys are ongoing; high traffic volume exists in areas like Guam.,
1984-02-29,Government/state measures to reduce traffic accidents; ongoing transportation planning considerations including cost differences and traffic volumes; impact of traffic on stormwater management; continued policy discussions.,
1984-03-31,"USDOT awarded funds for traffic control devices; travel agents handled over 60% of 1984 US airline ticket sales; ongoing studies on freeway operations, safety, and drainage.",
1984-04-30,Existing Roads and Road Traffic Act; US census counted farms in Westchester; Traffic Safety Commission created a front safety index; ongoing efforts to optimize urban traffic flow and improve safety.,
1984-05-31,EPA has data on passenger car fuel economy and traffic driving patterns for urban and non-urban trips.,
1984-06-30,St. Louis officials underscored the economic importance of travel and transportation.,A record traffic jam threatened to bring vehicular travel to a standstill.
1984-07-31,New zoning ordinance increases site traffic; anticipated heavy commercial traffic on specific roads; US Transportation Dept. enforces National Minimum Drinking Age Act of 1984.,
1984-08-31,Studies on future traffic volume and EV battery safety were conducted. Environmental statements on traffic safety and zoning regulations were in place. Government laws on transportation allowances existed.,
1984-09-30,Suez Canal operations remained near normal despite Red Sea naval mining. Civil Aviation Rules 1984 established guidelines for air traffic control.,
1984-10-31,"Traffic Safety Administration established in 1984, indicating ongoing policy development in safety and management.",
1984-11-30,"General methodologies for highway planning (AADT), existing traffic ordinances (Dodge City, Lee County 84-28), regular road deicing in Michigan, and established air traffic control structures (ARSA).",
1984-12-31,"Ongoing focus on traffic safety and vehicle design, existing NHTSA reports and federal regulations. Average value of oil rose by 45% in 1984, influencing transportation costs.",
1985-01-31,"Factual information on Tanzanian Railway Corporation, historic Oregon bridge, establishment of Idaho Department of Highways, and average daily traffic volume on SR 615.",
1985-02-28,"Publication of various transportation, traffic, and travel-related news; FHWA partnered to improve road safety; facts on tax revenue spending for collection costs; DOT released a report including traffic data.",
1985-03-31,"FAA lifted O'Hare airport schedule curbs in March 1985, citing air-traffic control improvements and expecting increased air travel.",
1985-04-30,"Existing Road Motor Transportation Act and major thoroughfare concepts. Roadway widths account for truck traffic. Traffic volumes predicted to increase, causing congestion.",
1985-05-31,"Traffic counts were conducted at nine rest areas. International air traffic increased by 38.6% from last April, driven by economic strength and U.S. dollar value.",
1985-06-30,"Ongoing traffic growth and congestion, with considerations for infrastructure, security, and commercial travel due to lack of fiscal frontiers. Historical facts and 1984-85 crash statistics published.",
1985-07-31,Michigan initiated a mandatory seat belt law in 1985. Concerns about heavy traffic volume and crowded lines were noted in the US.,
1985-08-31,"Motorcycle industry traffic flow reached late Seventies levels. Urban transportation planning tools used for demand estimation, with expected growth in passenger and cargo traffic.",
1985-09-30,North Atlantic travel market had significant volumes.,
1985-10-31,Existing traffic volumes in major tunnels and specific neighborhoods; MUTCD guidelines on traffic volume for signalization; 1985 evaluation of passing lanes on highways.,
1985-11-30,"High traffic volume on I-95 in Maryland's tunnel, potentially leading to increased congestion in the short term.",
1985-12-31,Report of airline ticket fraud involving travel agencies; expected increase in traffic volume in areas where toll barriers were removed.,
1986-01-31,"City of Shasta County accepted state funding for transportation on January 7, 1986. Traffic continued to be affected by industry trends from late 1985.",
1986-02-28,Federal Travel Regulations incorporate specific sections; appointment of Queensland Minister for Transport Executive Officer (Feb 3); Daytona airport busiest due to commercial air travel decline and international flight restrictions; scheduled event at Pureora State Forest Park.,
1986-03-31,The US has high-volume traffic characteristics; traffic violators and high speeds were observed in Grosse Pointe in 1986.,
1986-04-30,Expected traffic volume increase due to ongoing road improvements. Fears of increased traffic from Harrington Park complex proved unfounded.,
1986-05-31,,"Coronado Neighborhood Special Planning District established on May 21, 1986, with construction of Medical Center and Emerson School, affecting local traffic volume."
1986-06-30,"China's aviation industry reform in 1986 led to increased air traffic and new international routes to Japan, the US, and Europe.",
1986-07-31,Ongoing population growth and development contributing to rapidly increasing traffic volumes and worsening congestion in various regions.,
1986-08-31,Military airlift traffic operations noted; discussions on shrinking freeway lanes for Southern California congestion; commercial air traffic volume expected to rise; document on future road traffic published.,
1986-09-30,Growing concern over urban transport in LDCs due to increased commercial activity and vehicle volumes in 1986. LaSalle Township zoning ordinance requires developments to accommodate traffic.,
1986-10-31,Traffic volume increased.,Introduction of a new system for incoming flights.
1986-11-30,Omnibus Appropriations Act of 1986 provided grants for travel and transportation; US government allocated $1.6B for FY1989 traffic control systems; Federal Register noted expected traffic increase.,
1986-12-31,Marina del Rey land use plan indicates 8-9% of peak traffic from the area. US government has bridge drainage guidelines. Regulatory powers exist in Hawaii and Pulau Pinang for traffic/travel.,
1987-01-31,ICAO recognized major expansion in air traffic volume for 1987; US DOT safety standard for school pupil transport vehicles.,
1987-02-28,Ongoing high traffic between Canada and US due to Automotive Products Trade Agreement; significant shipping traffic volume around New Jersey.,
1987-03-31,High morning peak hour traffic at Route 419/Brambleton Avenue intersection. Traffic volumes growing faster than transportation infrastructure development.,
1987-04-30,"Public Law 100-17 enacted to reduce New York congestion. Traffic volume and flow studies conducted on heavy vehicles. United States Lines, Inc. and JR East mentioned.",
1987-05-31,General facts on land use and traffic volume influencing driver speed. Efforts to re-engine diesel engines for traffic plan. Low traffic in Guinea due to network deterioration.,
1987-06-30,Increased traffic volume on Thruway and local highways.,
1987-07-31,Increased traffic volume expected from ongoing construction and operational workforce activity; proposal made for new freeway construction.,
1987-08-31,DoD mail uses surface/air transport. US traffic management efforts initiated. Increasing traffic volume observed at Cumberland Gap.,"Hazardous waste incident occurred in Maryland on August 27, 1987."
1987-09-30,High vehicular traffic volume on The Esplanade in Lakes Entrance.,"Traffic operations, truck size, and weight restrictions in the US due to Mediterranean fruit fly infestations."
1987-10-31,"Daily summer traffic at Rathtrevor Beach Provincial Park is 13,000-14,000 vehicles/day. Tourist traffic significantly impacts overall traffic in Australia, increasing congestion in peak seasons.",
1987-11-30,Snowfall caused issues on low-volume highways. High traffic volumes and congestion expected during peak hours. Context includes traffic simulation models and road characteristics.,
1987-12-31,"US traffic volume and travel were a concern, with discussions on operations and regulations. USAID reported on present traffic volumes, and military police provided traffic control.",
1988-01-31,Adoption of the African Growth and Opportunities Act; NHTSA investigating an automaker; expected long-term growth in urban traffic levels.,
1988-02-29,"Sustained U.S. economic growth since November 1982. Estero Area streets are inefficient for high traffic volume, including tourist traffic.",
1988-03-31,Traffic flow standards (level of service B) and strategies to optimize traffic flow. High traffic levels on the A1 road in the UK. Potential for increased congestion on private roads due to new developments.,
1988-04-30,"Existing traffic management guidelines (California State Traffic Manual, Manual on Uniform Traffic Control Devices, FAA airport guidelines). New Jersey faces high traffic volume with low gas taxes. Most US/world roads are unsurfaced, facing increasing pressure.",
1988-05-31,High air traffic volume affecting Southern California traffic patterns. Existing US and international traffic and transportation regulations.,
1988-06-30,"34% of Chicago vehicles uninsured. Traffic volume and road capacity are crucial for transportation planning, with measurable daily volumes on specific roads.",
1988-07-31,Daily commuter influx in Morristown causes regular traffic and parking problems.,
1988-08-31,Rural interstate traffic volumes fluctuated; Caltrans planned road widening and barrier improvements due to traffic concerns.,1988 drought caused reduced barge traffic due to low water levels.
1988-09-30,US DOT funded projects in high-traffic areas; local authorities considering traffic management measures.,
1988-10-31,Significant volume of illicit steroid trafficking across the U.S.-Mexico border was reported as a factual dynamic in 1988.,
1988-11-30,"Alaska Policy on Railroad/Highway Crossings revised on Nov 8, 1988, including standard procedures for low highway volume areas.",
1988-12-31,"Factors influencing traffic volume, such as travel demand and road conditions, are considered in highway projects. Ongoing efforts analyze and optimize traffic flow and safety, with NTSB and FAA ensuring transportation safety.",
1989-01-31,Ongoing efforts to maintain highway safety and infrastructure; Roads and Traffic Authority's responsibilities for road network and safety; increased highway traffic volume and lower average vehicle occupancy reported.,Highway closed due to pileup near Urbana caused by fog.
1989-02-28,US NHTSA increased scrutiny on automotive companies; high traffic volumes at major New Jersey toll plazas; observed variations in Interstate H-2 traffic patterns.,
1989-03-31,State DOT weighing speed limit changes in U. Sacon.,"Port of Valdez closed to all traffic on March 24, 1989, due to Exxon Valdez oil spill."
1989-04-30,"Ongoing studies on traffic control devices, road design, and crash analysis; high traffic volume observed from Brooklyn/Queens into Manhattan.","Highway accident on March 28 required on-scene investigation and traffic control; air traffic controllers balked at job relocation, potentially disrupting air travel."
1989-05-31,"Wisconsin State Patrol duties (traffic control, truck regulation); high traffic volume in Tucson; IVHS technologies expected to change transportation system; local traffic affected by Post Office parking.",
1989-06-30,Traffic volume and truck volume are key considerations in transportation planning and pavement design. US NHTSA activity related to demanding volumes.,
1989-07-31,"Annual summer traffic influx on the Eastern Shore; local Maryland studies assessed traffic zones, volume, and accident rates; factual data on international flights and USAID project consideration of Beira traffic.",Anticipated traffic volume did not materialize in early July due to unspecified factors.
1989-08-31,Sikorsky Memorial Airport is the busiest in the state; traffic and transportation continue as a concern with potential volume increases; planners analyze data to improve service.,Potential disruptions to air travel due to air traffic control issues.
1989-09-30,NHTSA pushing for increased traffic safety and congestion reduction efforts; ongoing challenges with high traffic volumes (Two-Axes Problem) and continuous efforts to improve highway design standards and operations.,
1989-10-31,Street design guidelines and volume-delay function concepts for traffic management; ongoing road maintenance; highway traffic safety efforts.,"Loma Prieta earthquake (Oct 17, 1989) limited East Bay access to emergency traffic."
1989-11-30,"RTA NSW had 1988-89 budget, 3.7M vehicles, 3.4M drivers; ongoing traffic management and road safety efforts. Lundberg association publishes travel data; continued efforts to improve road infrastructure and optimize ferry pricing. Current traffic volumes and movements observed. Bureau of Transportation Statistics collects airline travel data.",
1989-12-31,"Saturday traffic exceeds weekday rush-hour in some areas; increasing traffic volume, congestion, and delay are major concerns; traffic volume impacts airline hubs; 1980s saw increased Ventura Freeway traffic.",
1990-01-31,US implemented marketable pollution permits; 76 US cities used Dynamic Message Signs for travel times as of 1990; traffic volume and type influence site accessibility.,
1990-02-28,Paved shoulder requirements on Interstate routes are an engineering determination based on traffic volume.,"Exxon Valdez oil spill (Feb 15, 1990) affected tourism, wildlife, and traffic separation schemes."
1990-03-31,U.S. National Highway Traffic Safety Administration demanded information related to traffic safety. Volume and speed of traffic were significant factors affecting children's travel in neighborhoods as of 1990.,
1990-04-30,Existing guidelines for street lights and U.S.C. regulations; deteriorating air quality and increased pollution in NYC areas with heavy traffic.,Ban on international air travel in Serbia and Montenegro caused 1990's lowest traffic volume.
1990-05-31,"Known relationships between vehicle volume, travel time, and traffic management. Benefits of alternative transport. Expected emphasis on traffic management and flow in projects.","US NHTSA demanded information from auto industry, potentially signaling new regulations or initiatives."
1990-06-30,"US air transportation affected by airfield delays; intermodal traffic volume grew dramatically; Dallas tollway averaged 182,836 vehicles/day.",City Turnpike's opening date moved ahead.
1990-07-31,Regulation of driving licence testing; 1988 estimate of $16-24B for bridge rehabilitation; Jefferson County plan to reduce traffic.,"Traffic accident reported; Americans with Disabilities Act of 1990 enacted on July 26, 1990."
1990-08-31,"Ongoing emphasis on traffic management and planning; traffic volume identified as a key factor; continued studies on traffic flow, counts, and signal warrants to optimize flow and reduce congestion.",
1990-09-30,Discussion of tourist traffic volume and Caltrans reporting daily freeway traffic counts. US has state-of-the-art air traffic control and NHTSA demands state information.,
1990-10-31,"Oregon code mentioned highway travel and traffic flow; USDOT published reports on transit and parking, highlighting alternative transportation methods.",NHTSA demanded documents from auto manufacturers.
1990-11-30,Annual traffic volume and congestion increasing. Government allocated funds for travel and transportation expenses. Continued development and testing of maglev transportation systems. Increase in seaborne petroleum traffic and overall traffic volume.,
1990-12-31,"Traffic volumes considered in PA planning code; high westbound traffic on 3rd Street in Oak Grove; light traffic on Illinois expressways on Dec 27, 1990, likely due to holidays; continued traffic volume growth expected.",
1991-01-31,L.A.'s Westside intersections saw a significant increase in traffic volume; air travel volume was not seriously affected.,
1991-02-28,"US Coast Guard involved in air traffic control; volume of transport sales between Member States affects trade; EPA published guidance manual on controlling slug loading to POTWs on Feb 15, 1991.",
1991-03-31,"Heavy traffic volumes on multilane roads, likely influenced by the recent end of Operations Desert Storm. Standard traffic management and safety considerations in urban planning.",
1991-04-30,VDOT's Bicycle Policy Plan to promote bicycle travel; Chernobyl radiological consequences affected traffic and surface run-off.,1991 Mount Pinatubo eruption caused significant disruptions to air travel.
1991-05-31,Mercer v. Department of Motor Vehicles case on traffic laws; WSDOT conducted a traffic forecasting study; ongoing traffic congestion in Hawaii due to tourism.,
1991-06-30,Need to reduce national park traffic for wildlife protection; 1980 Delaware traffic volume recorded; Czech National Council passed act on road safety and highway traffic flow.,
1991-07-31,Traffic and transportation functioned normally with no major disruptions in the first week of July 1991.,
1991-08-31,"Air traffic volume increased 25% since 1980. Cherry Creek Shopping Center reopening expected to increase local traffic. 1991 traffic growth was less than 2%, with slow growth expected due to infrastructure.",
1991-09-30,"Ongoing efforts to refine transportation planning models and implement traffic regulations. Continued impact of natural obstacles on infrastructure. Urban freeways generating traffic and congestion. Discussions and regulations related to traffic management and safety, including travel orders and restrictions.",
1991-10-31,"Traffic volume quantified by departures; management focuses on optimizing these processes. NHTSA is the primary traffic safety data source. Traffic planning considers volume, speed, lot size, and house location.",
1991-11-30,City of Newport's comprehensive plan (1990-2010) for highways and transportation infrastructure is being implemented and refined.,
1991-12-31,"Facts on average daily traffic volumes and US road system composition; ongoing US surface transportation program for traffic flow improvement; NHTSA demanding information, suggesting increased scrutiny.",
1992-01-31,"Vehicular traffic volume doubled over 10 years, threatening safety. Road marking lifespan depends on traffic volume. 1992 saw reporting of flight/traffic activity, development of traffic signal systems, and a USDOT bridge project.",
1992-02-29,Accident reconstruction efforts impacting traffic volume; Zoning ordinance requires peak hourly traffic volume estimates.,
1992-03-31,"Facts on US transportation income, freight broker market share (28%), ongoing US projects (pavement, truck safety), USDOT commuter traffic management, and Philippine urban development policy.",
1992-04-30,Federal Railroad Administration studying maglev; Conservative Party proposed direct regional flights; US DOT involved in projects like heavy vehicle standards; BG News mentioned traffic.,
1992-05-31,New state traffic engineer appointed (Lynwood Butner); NHTSA prioritizing traffic safety measures; Growing interest in road user costs and traffic optimization research.,
1992-06-30,"Traffic volume counts are based on Monday travel, influenced by trunk traffic and land use, and are key for road capacity and future planning.",
1992-07-31,ODOT Roadway Design Manual mentions traffic volumes; traffic volumes are a significant factor in State highway design.,
1992-08-31,Factual details on town's location and transportation infrastructure; University Avenue plan noted expected traffic from traveling public and Raceway participants; FAA reviewed airport noise issues and challenges in obtaining hourly traffic data.,Hurricane response planning in Florida activated U.S. Army for traffic control and food distribution.
1992-09-30,MTA plans $10B capital budget requiring state authorization; NHTSA investigates automaker for March 8 incident; EPA notes traffic volume increases emissions.,
1992-10-31,"US Congress has power to regulate interstate commerce. Lower Rio Grande Valley has significant traffic volume. Virginia reports 19% weekday overweight truck traffic. Anti-Car Theft Act of 1992 enacted on October 25, providing grants to Secretary of Transportation.",
1992-11-30,Existing low traffic on secondary roads; high on State Highway 1. Pittsburgh airport designed for efficiency. Decentralization trend in transportation decision-making. Road Traffic Amendment No 2 decision made Nov 23.,
1992-12-31,US traffic volume has steadily increased since the early 1990s.,
1993-01-31,"Traffic congestion and air pollution noted in megacities; National Transit Database reporting system published Jan 15, 1993; passenger traffic volume increased in 1993.",
1993-02-28,"Traffic volume projected to increase, requiring future infrastructure improvements. Ongoing efforts expected to improve traffic safety and efficiency, building on past trends.",
1993-03-31,Study on canopy bridges provided specific traffic volume data; average daily traffic count data available; traffic volume of 250 vpd mentioned in mixed-use development context.,"The 1993 Storm of the Century caused heavy snowfall, high winds, and blizzard conditions across the eastern United States."
1993-04-30,Ongoing implementation of smart traffic systems (Singapore); US establishes National Transportation Safety Board; high traffic volumes in Chicago area; road planning influenced by user presence.,
1993-05-31,"Review of Maritime Transport 1993 reported volumes; Illinois Route 21 accommodated high traffic; Oman Traffic Law established May 23, 1993; US NHTSA demanding volumes.",
1993-06-30,Expected and observed significant growth in air travel volume; Maine DOT maintains traffic personnel standards; US government evaluates deicing chemicals.,
1993-07-31,Factual observations on urban traffic volume and speed; introduction of roadside safety recovery zones; crash testing of guardrails; mention of UN Convention against Illicit Traffic in Narcotic Drugs.,
1993-08-31,"U.S. National Highway Traffic Safety Administration demanding volumes. New Immigration Control Act 7 of 1993 brought into force, regulating traffic. Escalating travel demand observed in the United States.",
1993-09-30,"FHWA considers low-volume roads for traffic regulations; new Federal Law No. (18) of 1993 on commercial transportation; ongoing efforts to improve traffic flow, airport capacity, and address congestion.",
1993-10-31,Existing bicyclist traffic regulations; NHTSA increased scrutiny on traffic safety; police radio traffic volume hindering emergency response.,Rash of holdups at tollbooths led to demands for armed toll collectors.
1993-11-30,General air traffic control operations; government influence on transportation infrastructure; anticipated high traffic volumes during peak travel season and congestion management efforts.,California Highway Patrol managed traffic during the Old Topanga Fire.
1993-12-31,Expected traffic congestion due to peak travel season (December); harsher alcohol-related traffic statistics reported for 1993.,
1994-01-31,Significant maritime and road traffic volumes observed in US; traffic planners recognized need for traffic calming; NHTSA demanded info on traffic management.,"Aftermath of an earthquake (Northridge, Jan 17) likely caused road closures and detours, affecting traffic patterns."
1994-02-28,"Ongoing data collection efforts on traffic volumes, vehicle occupancy, and travel times. Traffic congestion is a persistent problem in high-density areas, notably East Palo Alto affecting a main artery.",
1994-03-31,"Ongoing road maintenance and congestion affect traffic volume. Land use laws influence traffic flow. Steady traffic volume expected, with potential for peak hour congestion.",
1994-04-30,High rates of traffic fatalities and severe injuries continued in Tampa; significant through traffic volume observed during morning peak hours.,"Teamsters strike in 1994 shut down 22 trucking firms, causing significant freight volume influx."
1994-05-31,"Current traffic volumes on I-8 at Highway 98 are 8,600 ADT. Heavy traffic observed in SoHo, NYC. Alaska Bicycle and Pedestrian Plan published. Naval Undersea Warfare Center initiated bar coding for traffic management.",
1994-06-30,U.S. National Highway Traffic Safety Administration demanding volumes. Department of the Environment's PPG 15 aims to moderate future traffic growth and keep down traffic speeds. Factual definitions of low volume roads and existing research on lift axles.,
1994-07-31,US air traffic control faces congestion; continued air travel growth expected. Traffic volume is a key factor for permits and infrastructure design. Federal Railroad Administration prioritizes crossing safety.,
1994-08-31,Traffic volume on Main Street is a concern for residents; expected rise in traffic volume and congestion on certain routes.,
1994-09-30,NHTSA investigation demanding information from an automaker regarding a March 8 incident. I-695 Key Bridge approach expansion expected to increase traffic volume.,
1994-10-31,Observations on road capacity for recreational traffic; updated Civil Aviation Rules on flight plan cancellations; U.S. DOT reported national transportation statistics; NHTSA making demands.,
1994-11-30,Office of Secretary of Transportation reported on 1990 motor vehicle accident costs. National Highway Traffic Safety Administration and Panama Canal Commission mentioned. Urban Travel Demand Modeling Data project objective noted.,
1994-12-31,"Anticipated substantial traffic volume on Camino Santa Fe Road and Carroll Canyon Road; Total travel amount well-established in national road traffic forecasts; Hollywood Freeway traffic exceeds design volume, causing congestion; High traffic in Victoria, Australia, led to reduced vehicle travel.",
1995-01-31,"Factual data on Hyogo freight traffic volume, Stedman's traffic ordinances, state mileage data collection, and general transportation planning factors.",Disaster in Kobe impacted Port of Kobe's international container traffic.
1995-02-28,"Observed facts: historical transportation shifts, Mekong river's limited transit use, and increasing NYC sales causing more traffic. Expected dynamics: traffic volume fluctuations from weather/events.",
1995-03-31,"AASHTO highway standards, ADT definition, and ongoing infrastructure discussions; reported traffic fatality, vehicle accident, and new safety guidelines established; potential traffic increase from road rehabilitation.",
1995-04-30,"Traffic volume fluctuates based on travel patterns, operating costs, distance, and time of travel. High average daily traffic volumes in specific areas lead to potential congestion.","Oklahoma City Police Department managed traffic and security for an event on April 19, 1995."
1995-05-31,"Regional traffic was flat with dropping drivers, though overall volume is increasing. 60% of US roads are substandard, and traffic volume, weather, road type are key factors.","Highway rail grade crossing collision near Sycamore, SC on May 2, 1995."
1995-06-30,Factual data on traffic analysis methods and specific traffic volume on I-96; report noted need for services for larger traffic volume; USDOT mentioned as relevant.,
1995-07-31,General potential for traffic volume increases from expected factors like road construction or events; 'BELFAIR' volume states no traffic increase beyond existing conditions.,
1995-08-31,High traffic volume at Ventura/San Diego interchange; USDOT child safety guidelines; NHTSA 1994 traffic safety facts reported; East Lone Tree Specific Plan FUA.,
1995-09-30,Seasonal population surges are a factor in traffic volume.,Hurricane Luis affected traffic on roads.
1995-10-31,Expected cargo volume increase at Broward's airport; ongoing implementation of traffic management systems; persistent congestion from outdated infrastructure.,Significant traffic volume increase due to Hurricane Opal evacuation.
1995-11-30,"Traffic volume increasing, causing high costs and congestion. US investing in advanced traffic monitoring technology. Zoning ordinances require traffic impact consideration. Governments establish VTS for maritime safety.",
1995-12-31,Ongoing increase in traffic volume and congestion; research on trucking and driver behavior; focus on traffic patterns and air traffic control.,"Interstate Commerce Commission abolished on Dec 29, 1995, to reform economic regulation of transportation."
1996-01-31,Research on parking policy's impact on traffic volume; Duluth discussed traffic procedure changes; DOT provides transborder freight data; FARS reported 65% of 1996 vehicle fatalities occurred.,
1996-02-29,Existing policies for traffic management; ongoing impact of casino growth on traffic; administrative handling of transportation claims; established role of pipelines in state transportation.,
1996-03-31,"Ongoing low traffic at US-Mexico border crossings, high port traffic, and the impact of traffic volume/speed on air quality are key considerations. Weather-related accidents and urban planning for traffic volumes remain concerns.",
1996-04-30,Dominica's 1996 cargo traffic composition; Rockport's heavy traffic zoning; traffic flow principles; Highway 126 widening final phase; 35 deaths on Ventura Freeway due to high volume.,
1996-05-31,High traffic volumes noted in Knox County on specific routes. Mizoram Motor Vehicle Rules 1995 regulate traffic. Volume to capacity ratio used for congestion measurement. Permit application required automobile insurance for events.,
1996-06-30,Consideration of rail transit ridership for special events; facts on multi-way stops and government transportation data; report noted Traffic in Arms Regulations; observed increased traffic congestion.,
1996-07-31,"Ongoing efforts in international travel disease prevention, road safety regulation, US traffic management, and a new US-South Africa air transport agreement.",
1996-08-31,"General traffic volume considerations in zoning and US highway regulations, with expected continued congestion. South Africa's National Transport Policy White Paper published August 20, 1996.",
1996-09-30,"US traffic safety benefits significant; Barranquilla faces rising congestion. 1996 saw focus on traffic volume/flow studies, increased US commodity shipping, and St. Louis traffic counts. Tracked vehicles have slower speeds.",
1996-10-31,"Continued growth in travel volume and speed, leading to congestion and safety concerns. Ongoing enforcement of traffic regulations. Focus on balanced travel systems and improving corridor capacity.",
1996-11-30,Ongoing highway funding and ITS investments; research on traffic data analysis and impact of travel patterns/tolls; Portal Bridge operation documentation.,
1996-12-31,"Expected seasonal increase in travel volume and congestion, particularly in the airline market. Continued priority for transportation infrastructure maintenance and improvement projects.","Wisconsin State Patrol conducted a record 30,100 inspections in 1996, the largest in program history."
1997-01-31,Traffic impact analysis guidelines were active; Leawood City Council approved a traffic marking contract; Carbon monoxide levels in the US began increasing from 1997.,
1997-02-28,"Traffic volume, street design, and congestion are interconnected dynamics. Concerns about traffic safety and productivity were ongoing. Heavy traffic delayed a Witness Protection program in Erie County.",
1997-03-31,"Realized facts include historical traffic volume/fatality data (1991-92). Expected dynamics involve US DOT data collection, urban planning considerations for traffic, and discussions on driving regulations/accident risks.",
1997-04-30,FHWA considers out-of-state traffic violations; DoD has transportation regulations; expected traffic volume reductions during winter storms; Mauritius travel deficit due to tourist numbers.,
1997-05-31,Expected increase in Imperial Valley trade traffic and congestion. Ongoing US traffic control measures and State Highway System monitoring. Local traffic management initiatives continue.,
1997-06-30,"Expected high traffic volumes and congestion, especially during peak periods, leading to safety concerns. Pavement design principles are noted.",
1997-07-31,"Road traffic volume has been increasing, leading to continued high volume and congestion in through-traffic areas; safety measures remain a priority.",
1997-08-31,FMCSA's mission to reduce crashes; observed low traffic volume at Sanibel causeway; ongoing traffic calming efforts and management of expected high volumes; heavy train traffic linked to an incident.,
1997-09-30,"Ongoing efforts in the US to improve pedestrian facilities, promote transit-supportive development, address air quality, and reduce congestion. Traffic influenced by urban planning.",
1997-10-31,"High traffic volume from work trips; reliance on motor fuel, excise, sales taxes, and tolls for highway funding; high railroad traffic in Niagara Frontier.","Thruway Bridge in New York ruined due to an explosive crash, resulting in reduced traffic volume."
1997-11-30,Port Authority working on Lincoln Tunnel traffic improvements; RF&P Subdivision has heavy traffic densities; studies on pedestrian volume and traffic counts conducted.,
1997-12-31,"Facts on US bridges (581,862 in 1996, 21.5% urban) and binational travel. Traffic volume exceeds 60 vehicles/hour during school walking hours. Persistent congestion and high traffic volume are expected.",
1998-01-31,"Ongoing high traffic volumes and congestion in the US due to growth; chaotic conditions in high-volume cities, especially during peak travel seasons.",Extreme traffic pandemonium in a city (likely Bangkok) around early January.
1998-02-28,FHWA Traffic Noise Model details; traffic volume dynamics related to capacity and demand; USDOT's role in transportation standards and future investment.,"January 1998 ice storm caused massive damage and long-term power outages, impacting infrastructure and services."
1998-03-31,"Ongoing traffic management and planning measures, including traffic calming and peak hour adjustments. A trend of increasing traffic volume since 1991 continues, with expected higher volumes and steady border crossing traffic.",
1998-04-30,"High daily traffic volume on U.S. 33 and Trans Canada Highway observed. Continued high traffic volumes and congestion expected, with ongoing roadway design efforts.",
1998-05-31,"Factual information on US traffic court rules, highway design, AADT use, and 1996 recreational boating accidents. TEA-21 Summary allocates funds for trails and transportation statistics.",
1998-06-30,"Ongoing urban traffic congestion, especially during peak hours; regular traffic data collection and publication; truck traffic disruption; expected stable traffic with potential summer tourism increase.",
1998-07-31,"Police roadblock on June 30, 1998, for traffic violations. General facts on traffic statistics, planning, and roundabouts. Proposed development in Polk County expected to increase traffic volume by over 10%.",
1998-08-31,"Expected high traffic volumes and congestion, especially on weekends/holidays. Ongoing efforts to optimize traffic flow and infrastructure development. Santa Ana noise crackdown and UCF motorcycle patrol unit.",
1998-09-30,"Ongoing adoption and enforcement of building codes for traffic management; continued traffic signal warrant analysis, corridor planning, and travel time evaluation; traffic patterns influenced by land development standards and seasonal fluctuations.",
1998-10-31,Expected increase in traffic volume and congestion; ongoing cabling work causes congestion on Tri-State Tollway; improvements in traffic monitoring due to technological advances; DOT Manual used for traffic management.,
1998-11-30,California enacted a statute in 1998 related to traffic violators and driving schools. Traffic volume on I-95 increased between 1976 and 1996.,
1998-12-31,Objective facts on traffic volume importance; 1997 US air carrier fuel consumption increased; high travel times and traffic volumes expected during peak hours; continued focus on urban traffic management.,
1999-01-31,"Traffic volume is a key factor in flow and paving design; congestion expected, especially during peak hours. Maryland's buoyant economy linked to increased traffic. AVMT measures flow. High pedestrian volumes around schools.",
1999-02-28,"Factual descriptions of traffic management systems (highway classification, traffic-flow theory), existing high passenger traffic (Logan Airport, US flight boardings), and reported demographic growth (1997 census) impacting future traffic.",
1999-03-31,Visa Waiver Program may increase traffic volume; ongoing focus on optimizing traffic flow and reducing congestion; continued congestion expected in high-traffic areas during peak shopping hours.,
1999-04-30,"Louisiana's 1999 traffic volume compared to other states; established FHWA guidelines for truck size, weight, and traffic management; AASHTO Green Book guidelines for road construction.",
1999-05-31,"Factual dynamics of road design, traffic volumes, and safety management; high motor vehicle ownership and use in the US; EPA's role in setting pollutant standards.",
1999-06-30,"Highway Capacity Manual 2000 guidelines; increasing personal travel, decreasing public transport; expected high traffic volumes in peak season; US 197 classified with low traffic.",
1999-07-31,Expected summer travel season causing increased traffic congestion and safety risks; ongoing monitoring and analysis of traffic volume trends.,
1999-08-31,Increasing vehicle miles traveled; traffic calming measures used; review of commercial vehicle rollover accidents; concern about peak tourist season traffic in Sedona.,Firefighter died after being struck by a truck while directing traffic.
1999-09-30,"Ongoing efforts in traffic data collection, emission analysis, highway improvement projects, and traffic management strategies are discussed, alongside general facts on transportation safety.",
1999-10-31,"Ongoing efforts to improve infrastructure, promote alternative transport, and manage runoff. High traffic volumes in tourist areas, requiring continued management. Positive traffic trend in retail segment; 1998 safety report data.",
1999-11-30,"Factual dynamics of traffic analysis: project determinants, AADT measurement, existing data sources, impact of toll increases, and barrier effect factors.",
1999-12-31,"Ongoing growth in US passenger traffic; expected focus on arterial traffic management, bicycle safety, and traffic safety during peak holiday travel.",
2000-01-31,Ongoing Panama Canal traffic concerns; expected high traffic volumes due to new year and peak hours; general increasing traffic trend; decrease in active petroleum USTs.,
2000-02-29,US airspace carries largest air traffic volume; USDOT involved in traffic signal and rural highway projects; rural highway traffic and overall traffic volumes predicted to remain high with congestion.,Unusually high volume of truck traffic observed in specific areas.
2000-03-31,U.S.DOT published a report on transit pricing; City of Madison concerned about local traffic/safety; FARS collects fatal crash data; Idaho DOT plans road construction; roundabouts reduce crashes.,
2000-04-30,"Expected increase in traffic volume and demand for alternative transportation. DOT studies on highway safety and traffic volume. Traffic volumes likely to remain high, with ongoing efforts to improve infrastructure.","Potential increase in airport malaria cases among travelers, possibly leading to increased security and air travel delays."
2000-05-31,"General facts about traffic: high volumes from highways, specific road volumes (27k-35k), limited traffic calming, and volume as a determinant of road operations, with ongoing congestion during peak times.",
2000-06-30,"Traffic volume varies widely on I-64 in Virginia; steady volumes with peak increases expected. Increasing traffic and congestion in various regions. Pennsylvania has restrictive hazardous material transport regulations, impacting flow.",
2000-07-31,General facts on traffic volume impact; existing traffic management regulations; Arizona's 511 system deployed; Botswana revising traffic act; discussion on advanced traffic flow analysis.,
2000-08-31,"Ongoing increase in traffic volume and congestion, particularly during peak periods; annual traffic crashes result in significant losses.",
2000-09-30,"Rising international traffic volumes and ongoing concerns about congestion were noted. Existing traffic management systems and entities, along with street classifications, were factual points, with continued refinement of systems expected.",
2000-10-31,US DOT/NHTSA possess traffic safety data and policies; US Weather Bureau's standard measures traffic flow. US Interstate System built for rural areas; freight primarily by rail. NHTSA presented at a meeting; state interconnected signal timing in Chicago suburbs.,
2000-11-30,San Diego-Baja California Cross-Border Transportation Study identified scenarios and traffic volumes. Factual traffic volume data and US Interstate System mileage provided. Methodology for calculating road traffic emissions based on volume.,
2000-12-31,"Ongoing traffic management strategies, expected high traffic volumes, particularly air travel demand; upcoming AASHTO guidelines for low-volume roads.",
2001-01-31,Travel trends and traffic counts are reported monthly. NHTSA published a Federal Register notice on transportation safety. City of Mesa notes traffic diversion may decrease residential street volumes. North Dakota Century Code defines adequate roads for free traffic flow.,
2001-02-28,Reported average daily traffic volumes; expected steady volumes with seasonal fluctuations; high accident rates at sites without sidewalks; persistent safety issues in work zones; congestion linked to slower speeds.,
2001-03-31,"General facts on traffic volume estimation methods, regulatory definitions, and observed patterns like lower Sunday travel volume and lack of direct correlation with fatal accidents.",
2001-04-30,"Ongoing traffic congestion and management strategies, existing regulations, and infrastructure capacity issues are noted. Approximately 44,000 traffic accident deaths occurred in the EU in 2001.",
2001-05-31,"Traffic volume is continuously monitored and managed, with design based on predictions and regulatory thresholds. Ongoing congestion and potential increases are expected.",
2001-06-30,"US DOT provides airport activity data; NYSDOT collects highway traffic volume data; Traffic volumes meet signal warrants, expected to remain high with congestion; Focus on improving transportation infrastructure.",
2001-07-31,"Expected summer travel increases road congestion. Rising traffic volumes cause increased travel times, road failure, and suppressed trips. Daily I-5 traffic is 27,800-40,800 vehicles. Ongoing traffic management efforts.",
2001-08-31,Expected increase in traffic volumes and congestion during peak travel season. Study on NJ 65 MPH speed limit showed no significant change in traffic. Ongoing traffic data collection.,
2001-09-30,"Persistent traffic congestion in high-volume areas, ongoing adherence to transportation regulations, and continued focus on managing high/increasing traffic volumes.",
2001-10-31,"Factual dynamics of traffic calming devices, traffic flow theory, and DOT's use of traffic volume data for planning and safety.","Enactment of USA PATRIOT ACT on Oct 26, 2001, potentially increasing security measures and causing delays in transportation."
2001-11-30,Known severe traffic jams on I-5 during Thanksgiving holiday. Analysis shows light rail systems carry less volume than freeway lanes. San Jose implements traffic calming measures.,
2001-12-31,"Realized average daily traffic volume (Fort McHenry Tunnel); expected traffic fluctuations by time of day, age, and day of week; ongoing challenges of congestion and management by authorities.",
2002-01-31,"Travel on US roads increased by +2.2% in January 2002 compared to January 2001, reaching 213.3 billion vehicle-miles. High traffic volumes and ongoing management strategies were expected.",
2002-02-28,"Realized 3.3% increase in US vehicle miles traveled (VMT) in February 2002. Ongoing issues: high traffic volumes, congestion, pedestrian safety, and continued research on traffic flow and management.",
2002-03-31,Estimated VMT for March 2002 increased 0.7% year-over-year to 232.7 billion; State Highway Access Code predicts low rural traffic volume; parking cost is a significant trip expense.,
2002-04-30,US vehicle-miles traveled increased by 1.5% in April 2002. Rural highway traffic in Umatilla County shows annual increases. Traffic volumes drop substantially following catastrophic events.,
2002-05-31,"Travel on US roads increased by 2.0% in May 2002 compared to May 2001, reaching 248.8 billion vehicle-miles traveled.",
2002-06-30,"Realized vehicle miles traveled increased by 1.6% in June 2002. Ongoing traffic congestion, management efforts, and commercial vehicle delays at border crossings were observed.",
2002-07-31,"US road travel increased by +2.3% in July 2002 to 254.5 billion vehicle-miles. Traffic volume increased enormously, intensifying congestion, especially during peak hours.",
2002-08-31,Monthly US VMT increased by +1.8% to 256.2 billion vehicle-miles; increased automobile travel and unusually high truck traffic led to congestion concerns.,
2002-09-30,Ongoing research on traffic safety and roadway elements; standard DOT guidelines and procedures for infrastructure; seasonal road closure due to high traffic volume; realized +2.2% increase in vehicle-miles traveled for September 2002.,
2002-10-31,"Realized 1.3% increase in vehicle-miles traveled (VMT) for October 2002 compared to October 2001. Persistent high traffic volumes during peak periods and commute hours, requiring ongoing monitoring and management.",
2002-11-30,"US vehicle miles traveled (VMT) decreased by 0.6% in November 2002 compared to November 2001, influenced by expected winter weather and holiday travel.",
2002-12-31,Vehicle miles traveled increased by 1.4% in December 2002; NEXUS enrollment centers opened in Detroit-Windsor; traffic volumes follow existing patterns with peaks during rush hour and weekends.,
2003-01-31,"January 2003 VMT increased 0.8% YoY. New MUTCD 2003 guidelines released. Stable traffic on Missouri Avenue, expected congestion in U.S. Route 219, and general traffic volume fluctuations observed.",
2003-02-28,"US vehicle-miles traveled decreased by 2.9% in February 2003 compared to February 2002, totaling 200.3 billion VMT. Traffic congestion and management strategies are ongoing concerns.",
2003-03-31,"Travel on US roads decreased by 0.3% in March 2003 compared to March 2002, resulting in 233.2 billion vehicle-miles traveled.","Iraq War in March 2003 caused a decrease in travel and air traffic, including a 15% drop in U.S. airline travel on March 19."
2003-04-30,"US road travel increased by +0.7% in April 2003 compared to April 2002, reaching 236.4 billion vehicle-miles.",
2003-05-31,"Realized vehicle-miles of travel for May 2003 showed a -0.2% change from May 2002. General traffic volume and congestion remain challenges, with ongoing efforts in road pricing and traffic management systems.",
2003-06-30,"Realized +1.1% increase in US vehicle-miles traveled in June 2003; ongoing traffic data collection, monitoring, and forecasting by state DOTs; influence of urban development and freight movements.",
2003-07-31,"Total VMT in July 2003 was 258.8 billion, a 1.9% increase compared to July 2002; State Traffic Engineer responsible for existing locations; USDA/USAID involved in low-volume road projects.",Federal Register announced new requirement for advance electronic presentation of traffic data for vehicles entering the United States.
2003-08-31,"Travel on US roads increased by +0.4% in August 2003 compared to August 2002, reaching 256.9 billion vehicle-miles. Ongoing USDOT travel time valuation, HPMS data reliance, and annual traffic volume estimate adjustments are noted.",
2003-09-30,"US vehicle-miles traveled increased by 1.3% in September 2003; high traffic volumes, increased speeding, and longer travel times were reported, necessitating traffic calming measures.",
2003-10-31,"US road travel increased by +3.5% in October 2003, reaching 254.3 billion vehicle-miles.",
2003-11-30,"US vehicle-miles traveled increased +1.2% in November 2003 vs. 2002, reaching 233.4 billion VMT; US traffic volumes for 2003 were expected to increase to 1.1 trillion miles; Ongoing traffic management strategies, design specifications, and concerns about traffic volume and its impact on infrastructure.",
2003-12-31,Metro District awarded for avoiding traffic flow issues. US motor vehicle travel recorded; traffic volume data consistent. PA Turnpike average daily traffic noted. US vehicle miles traveled increased +1.5% in Dec 2003 vs. Dec 2002.,
2004-01-31,"Realized 0.6% increase in vehicle miles traveled for January 2004. Ongoing traffic congestion, historical volume increases, and legislative intent to invest in infrastructure.",
2004-02-29,"Travel on all roads and streets increased 4.1% in February 2004 vs. February 2003, reaching 210.1 billion vehicle miles.",
2004-03-31,"Travel on roads increased by 4.4% in March 2004 vs. March 2003, reaching 247.0 billion vehicle miles. Ongoing efforts to manage traffic and improve infrastructure.",
2004-04-30,"Realized 3.1% increase in vehicle miles traveled for April 2004 (245.4 billion VMT). Ongoing concerns about traffic volume, congestion, and efforts to manage flow; increased traffic through Glenwood Canyon.",
2004-05-31,"Travel on all roads decreased by 0.1% in May 2004 compared to May 2003, with 252.9 billion vehicle miles traveled. Rural roadways have high injury rates; traffic volume is measured in VPH.",
2004-06-30,"Total vehicle miles traveled (VMT) in June 2004 was 252.6 billion, a 0.3% increase from June 2003. Cumulative travel for 2004 increased by 2.0%.",
2004-07-31,Total US road travel in July 2004 increased by +0.5% year-over-year to 262.1 billion vehicle miles; Worsening congestion levels observed across more roads and times.,
2004-08-31,"August 2004 VMT decreased 0.4% year-over-year, possibly seasonal. Cumulative 2004 VMT increased 1.4%. High traffic continues on major routes like I-25, influenced by population growth, weather, and maintenance.",
2004-09-30,"Vehicle miles traveled increased 1.0% in Sep 2004 vs. Sep 2003. Southeast Corridor is highest volume, most congested. USDOT published speed-measuring device specs.",
2004-10-31,Travel on all roads and streets decreased by 1.2% in October 2004 vs. October 2003; mounting traffic congestion common in US metropolitan areas.,
2004-11-30,"November 2004 vehicle miles traveled increased 1.4% year-over-year; ongoing traffic monitoring, safety reporting, and focus on improving flow and reducing congestion are expected. Traffic volumes may remain steady.",
2004-12-31,"Traffic volumes observed at specific locations; December 2004 vehicle miles traveled increased by 1.4% compared to December 2003, reaching 244.0 billion VMT.","The tsunami on December 26, 2004, significantly impacted tourism and traffic patterns in affected countries."
2005-01-31,"Realized VMT for January 2005 was 217.8 billion, a -0.5% change from January 2004. Ongoing concerns about traffic volume and congestion were noted across various regions.",
2005-02-28,"February 2005 VMT increased 1.7% year-over-year to 213.3 billion. Ongoing traffic congestion and data-driven transportation planning are expected, with guides on improving signalized intersections.",
2005-03-31,"March 2005 total travel decreased 0.5% year-over-year to 246.7 billion VMT. Ongoing trends include increasing traffic on East Coast, importance of traffic volume for planning, and known summer traffic peaks.",
2005-04-30,"Realized 1.3% decrease in vehicle miles traveled for April 2005 vs. April 2004, influenced by seasonal factors and fuel prices. High traffic volumes expected during weekday commutes.","Prolonged labor shortage in the transportation industry affecting costs, potentially increasing traffic congestion and travel times."
2005-05-31,Vehicle miles traveled in May 2005 increased by 1.3% year-over-year. Ongoing traffic congestion during peak periods and anticipated public transportation use for planned special events are noted.,
2005-06-30,"Vehicle miles traveled (VMT) increased by 1.6% in June 2005 vs. June 2004. Community plans and studies address traffic management, while Florida's high population density contributes to urban congestion.",
2005-07-31,"Total U.S. road travel in July 2005 was 260.5 billion vehicle miles, a -0.5% change from July 2004, with cumulative 2005 travel up +0.2%. Ongoing traffic monitoring and reporting.",
2005-08-31,"August 2005 vehicle miles traveled increased 0.1% year-over-year. Expected steady to increasing traffic volumes during peak seasons and weekends, with ongoing infrastructure maintenance and traffic management.",
2005-09-30,"September 2005 VMT decreased 0.8% YoY. Traffic volume is increasing, with studies and management adjustments in corridors. MoDOT provides road information for planning.",
2005-10-31,"October 2005 total travel decreased by 1.6% year-over-year; expected traffic increases, winter weather concerns, and planned I-69 traffic reduction.",
2005-11-30,"New Jersey reported occupant protection statistics. Motor vehicle travel is the primary means of transportation. Traffic volume and travel way are important for road design. MUTCD addresses access requirements. Travel on roads increased by 0.8% in November 2005 vs 2004, with 240.5 billion vehicle miles traveled.",
2005-12-31,"Traffic volume affects speed, throughput, and flow. Washington State DOT and City of Madison have traffic management programs. US VMT decreased 0.3% in Dec 2005 vs. Dec 2004; 2005 cumulative VMT up 0.1%.",
2006-01-31,"Realized VMT for January 2006 increased by 3.8% year-over-year to 230.2 billion miles. Traffic volumes on specific routes are significant, and measurement of travel patterns and volumes is ongoing.",
2006-02-28,Total vehicle miles traveled in February 2006 decreased by 0.1% vs. Feb 2005. US Highway 281 traffic doubled 1990-2006. FHWA projected 70% freight traffic increase by 2020.,
2006-03-31,"US road travel increased by 0.7% in March 2006 (253.1B VMT). Traffic volume and travel time are key factors, with ongoing management strategies and high volumes expected during peak times.",
2006-04-30,"Total VMT in April 2006 was 247.8 billion, a -0.4% change from April 2005. Ongoing high traffic volumes and congestion are noted, along with traffic analysis and management strategies.",
2006-05-31,"Realized travel on roads decreased 0.3% in May 2006 vs. May 2005; cumulative 2006 travel up 0.7%. Traffic volumes generally expected to increase, with potential holiday congestion and routine signal adjustments.",
2006-06-30,"Realized vehicle miles traveled (VMT) in June 2006 was 260.1 billion, a -0.7% change from June 2005. Expected high traffic volumes and congestion due to peak travel season and tourist activity.",
2006-07-31,"Total US road travel decreased by 2% in July 2006 compared to July 2005. Traffic volumes are expected to remain high during peak season, with continued emphasis on safety and management strategies.",
2006-08-31,"August 2006 vehicle miles traveled decreased by 0.6% year-over-year. Pervasive traffic congestion continued, especially during peak times, with ongoing government monitoring.",
2006-09-30,"September 2006 total travel was 241.8 billion vehicle miles, a 0.9% increase from 2005. Strong traffic volumes are expected due to economic growth, with ongoing roadwork affecting flow.",
2006-10-31,"Vehicle miles traveled in October 2006 increased 2.3% year-over-year. Traffic volumes are high in specific areas. US DOT disseminated a Traffic Detector Handbook, and the Interstate Oasis Program accounts for traffic volumes.",
2006-11-30,"Vehicle miles traveled increased by 0.8% in November 2006 (243.5 billion miles). Ongoing growth in traffic volume and congestion is expected, with continued focus on traffic management strategies.",
2006-12-31,"US road travel increased by 0.4% in Dec 2006 (246.0 billion VMT); cumulative 2006 travel up 0.2% (2,995.3 billion VMT). High traffic volume and congestion persist, with ongoing efforts to improve flow and safety.",
2007-01-31,Total VMT in January 2007 decreased 0.7% year-over-year; Michigan DOT leased a dynamic lane merge system for I-94; general traffic control design principles and USDOT information exchange.,
2007-02-28,US road travel decreased by 1.9% in February 2007 (215.1 billion VMT). US DOT reported 2007 traffic trends converging to a 'perfect storm'. Expected traffic congestion on Feb 23rd from JFK to New Haven.,
2007-03-31,Realized vehicle miles traveled increased by 0.3% in March 2007 compared to March 2006; ongoing traffic volume data collection and U.S. economic growth projections.,
2007-04-30,"Travel on US roads declined by -0.4% in April 2007 compared to April 2006, totaling 247.9 billion vehicle miles.",
2007-05-31,"Traffic volumes on U.S. roadways increased by 0.9% in May 2007 compared to May 2006, reaching 265.0 billion vehicle miles, reflecting an ongoing trend of increasing traffic and the start of peak travel season.",
2007-06-30,"Realized -0.5% change in vehicle miles traveled for June 2007. Ongoing concerns about traffic volumes, travel speeds, and congestion, with considerations for technology and infrastructure design to mitigate issues.",
2007-07-31,"Vehicle miles traveled increased by 0.4% in July 2007; traffic counts rose on Polk Parkway, expected to increase in Northeast Area; studies on highway safety conducted.",
2007-08-31,Vehicle miles traveled (VMT) increased by 1.6% in August 2007 compared to August 2006. Declining aircraft size continued to exacerbate air travel congestion.,
2007-09-30,"VMT decreased in September 2007, with expected continued decline; states applied for Corridors of the Future program; ongoing ethanol industry expansion projected to increase traffic; expected high traffic volume during peak times.",
2007-10-31,"Total VMT in October 2007 was 256.9 billion miles, a 0.1% increase year-over-year, with cumulative VMT stable. Routine traffic control inspections and volume counting activities were conducted.",
2007-11-30,"Realized 0.5% decrease in US vehicle miles traveled in November 2007; general traffic dynamics, management concerns, and predictions for continued flat/declining VMT.",
2007-12-31,"Vehicle miles traveled (VMT) decreased by 3.9% in December 2007 compared to 2006, continuing a cumulative decrease for 2007. General focus on traffic safety, regulation, smart management, and expected holiday congestion.",
2008-01-31,Total vehicle miles traveled in January 2008 decreased by 1.7% year-over-year. General impact of gasoline prices on driving behavior and traffic volumes. High traffic in New Jersey and a 1.48% annual increase in Cape Cod traffic.,
2008-02-29,"Realized 0.4% decrease in VMT for February 2008 vs. 2007. Ongoing traffic flow challenges, infrastructure projects, and transportation planning considerations.",
2008-03-31,"Total US vehicle miles traveled declined by 4.3% in March 2008 compared to March 2007, reflecting ongoing traffic volume concerns.",
2008-04-30,"Total VMT in April 2008 decreased by 1.8% compared to April 2007, likely due to continued high fuel prices and economic uncertainty.",
2008-05-31,"May 2008 traffic volume decreased 3.7% year-over-year, with cumulative 2008 travel down 2.4%. Traffic is affected by general factors, ongoing projects, and construction, including the Lithonia Industrial Boulevard extension.",
2008-06-30,VMT decreased by 4.7% in June 2008 (YoY) and 2.8% cumulatively for 2008; expected high traffic volumes during peak travel season.,
2008-07-31,"Daily traffic volumes generally increase annually, with specific intersection data showing peak hourly volumes. FHWA formalized pedestrian/vehicle counting methodology.","Total vehicle miles traveled (VMT) decreased by 3.6% year-over-year, likely due to high fuel prices and economic uncertainty."
2008-08-31,"Realized 5.6% decrease in vehicle miles traveled (VMT) in August 2008 compared to August 2007; general traffic patterns, management strategies, and historical safety trends.","Beijing Olympics (August 8-24, 2008) potentially increasing traffic volumes."
2008-09-30,CFR 620 Subpart J requires traffic volume analysis. Traffic counts primarily used for signal evaluations. Route 70 roadway identified as inadequate for daily traffic. US VMT decreased 4.4% in September 2008 compared to prior year.,
2008-10-31,"Total vehicle miles traveled (VMT) in October 2008 decreased by 3.5% compared to October 2007, reaching an estimated 249.7 billion miles.",
2008-11-30,Travel on all roads and streets declined by 5.3% in November 2008 compared to November 2007; traffic volumes also decreased regionally.,
2008-12-31,US vehicle miles traveled declined by 1.6% in December 2008 compared to December 2007; long-haul truck traffic projected to increase.,
2009-01-31,Indiana DOT's ongoing traffic management plan and use of travel time signs; Port of Tampa Bay's established cargo handling operations; White Flint Sector Plan's traffic observations; regular reporting of new vehicle application statistics; US VMT declined 3.1% (-7.0 billion vehicle miles) in January 2009 vs. January 2008.,
2009-02-28,Realized -0.9% decline in vehicle miles traveled for February 2009 compared to February 2008; ongoing traffic congestion and challenges.,
2009-03-31,Total vehicle miles traveled (VMT) in March 2009 decreased by 1.2% compared to March 2008; cumulative 2009 VMT decreased by 1.7%.,
2009-04-30,"April 2009 VMT increased 0.6% year-over-year; cumulative 2009 VMT down 1.1%. High traffic volumes, peak hour congestion, and ongoing traffic management efforts were expected, influenced by seasonal factors.",
2009-05-31,"US total road travel in May 2009 increased 0.1% (0.2B vehicle miles) vs. May 2008, reaching 257.3B vehicle miles. Georgia DOT policy requires porous asphalt on high-volume interstates/state routes. Traffic volume in Vineland, NJ, dropped to 100 trips/hour.",
2009-06-30,"Monthly US VMT in June 2009 was 256.7 billion vehicle miles, a 2.0% decrease from June 2008, and cumulative travel for 2009 changed by -0.4%.",
2009-07-31,US vehicle miles traveled increased by 2.3% in July 2009 compared to July 2008. High traffic volumes and congestion persisted in various corridors.,
2009-08-31,"Total vehicle miles traveled in August 2009 increased 0.7% year-over-year; continued growth in container counts and traffic volumes, with expected increases due to construction and peak travel.",
2009-09-30,"Travel increased by 2.5% in September 2009 compared to prior year, reaching 240.7 billion vehicle miles. Traffic volume, flow, and fatalities remained significant concerns.",
2009-10-31,Total travel in October 2009 decreased by 0.5% year-over-year; cumulative 2009 travel increased by 0.2%. Drivers have been declining over the past two years.,
2009-11-30,"Total vehicle miles traveled (VMT) in November 2009 increased by 1.4% year-over-year. Ongoing US DOT projects aim to improve traffic infrastructure and safety, utilizing concepts like Design Hour Volume.",
2009-12-31,"Realized VMT for December 2009 showed 0.0% change from 2008. Context includes routine traffic management, existing highway plans, the MUTCD 2009 Edition release, and discussions on road capacity and future projects.",
2010-01-31,"Total travel in January 2010 decreased by 1.6% from January 2009. Traffic volumes fluctuated, increasing on some routes like I-94/I-95 and decreasing on others, with high daily volumes on Coast Highway.",
2010-02-28,Realized 2.9% decline in Vehicle Miles Traveled (VMT) for February 2010 compared to February 2009. General increases in air travel and traffic volumes observed in specific regions.,
2010-03-31,"US vehicle miles traveled increased by 2.3% in March 2010 vs March 2009. Statewide traffic counts increased by 1.2% in 2010, with tourism traffic up 3.9%.",
2010-04-30,April 2010 total travel estimated at 255.9 billion vehicle miles (+1.2% from April 2009). Traffic volumes fluctuate seasonally and are monitored for flow.,
2010-05-31,"May 2010 vehicle miles traveled increased by 0.1% year-over-year to 260.6 billion. Cumulative 2010 VMT decreased by 0.1%. General facts on traffic forecasting, infrastructure, and historical travel growth.",
2010-06-30,"Realized VMT for June 2010 increased 1.3% year-over-year. Context includes ongoing traffic impact study standards, transportation policies by DOTs, existing roadway conditions, and highway standards maintenance.",
2010-07-31,US vehicle miles traveled increased by 0.8% in July 2010 compared to July 2009; high traffic volumes are expected during this peak travel season.,
2010-08-31,"Travel on all roads and streets increased by 1.6% (4.3 billion vehicle miles) for August 2010 compared to August 2009, reaching 267.4 billion VMT.",
2010-09-30,"US vehicle miles traveled (VMT) increased by 1.5% in September 2010 vs 2009. New York City, including the Staten Island Expressway, is known for slow speeds and heavy peak hour traffic. Standard traffic management tools are widely used.",
2010-10-31,"October 2010 vehicle miles traveled increased 1.9% year-over-year, with cumulative 2010 travel up 0.6%. Fatality rate decreased in H1 2010. USDOT manages traffic.",
2010-11-30,"Realized 1.1% increase in US vehicle miles traveled in November 2010 vs. 2009. Ongoing trends in highway construction, bike commuting, and traffic management. Expected holiday travel traffic increase.",
2010-12-31,"Realized VMT for December 2010 increased 0.6% from Dec 2009; cumulative 2010 VMT increased 0.7% from 2009. Traffic volumes are expected to continue increasing, remaining a key factor in transportation planning.",
2011-01-31,"Jan 2011 VMT increased 0.2% YoY. Decreased US travel speeds indicate growing traffic problems. High traffic volumes expected, especially peak hours/Fridays, with potential weather/construction impacts.",
2011-02-28,"Travel on US roads increased by 0.9% in February 2011 compared to February 2010; traffic volumes are generally expected to increase or remain steady, influencing transportation planning.",
2011-03-31,"US vehicle miles traveled decreased by 1.4% in March 2011 compared to March 2010, with an estimated 250.4 billion vehicle miles traveled.",
2011-04-30,"Total VMT decreased by 2.4% in April 2011 year-over-year. General context includes sustainable street design, highway networks, pedestrian safety, and FHWA studies on traffic volume.",
2011-05-31,"May 2011 vehicle miles traveled decreased by 1.9% year-over-year to 254.0 billion VMT. Ongoing concerns about traffic volumes, congestion, and transportation planning efforts.",
2011-06-30,Total US road travel decreased 1.4% in June 2011 compared to June 2010. Existing US-64 segments operate at Level of Service E under current traffic volumes.,
2011-07-31,Total US vehicle miles traveled decreased 2.5% in July 2011 vs. 2010. Traffic volumes stable or declining due to recent economic conditions.,
2011-08-31,"Realized -1.7% decline in vehicle miles traveled for August 2011. General facts about peak traffic volumes, low bus passengers, traffic planning, and typical volume differences on specific roads.",
2011-09-30,"September 2011 vehicle miles traveled decreased by 1.5% year-over-year. General facts on traffic volume data, bicycle infrastructure, and Northern Sea Route shipping increases.",
2011-10-31,Ongoing traffic congestion and high volumes; focus on mitigation strategies; realized -2.3% decline in vehicle miles traveled in October 2011 compared to 2010.,
2011-11-30,US vehicle miles traveled declined 0.9% in November 2011 compared to November 2010. Traffic management strategies prioritize volume data and density analysis.,
2011-12-31,Local authorities regularly survey traffic volume. The US Interstate System may have surpassed maximum vehicular volume. FHWA consolidated highway data reporting. Business travel is dominated by individuals aged 30-49. US vehicle miles traveled increased 1.3% in December 2011 compared to December 2010.,
2012-01-31,"Realized 1.6% increase in VMT for January 2012 vs. 2011. Continued high traffic volumes, congestion, and infrastructure needs. Ongoing traffic data analysis and management, including at US-Canada borders and major ports.",
2012-02-29,Traffic volume data and congestion are ongoing issues. CDC reported on road traffic accidents. Vehicle miles traveled increased by 1.8% in February 2012 compared to February 2011.,
2012-03-31,"General traffic management guidelines, safety factors, and seasonal effects on cycle volume are noted. US travel volume increased by 0.9% in March 2012 compared to March 2011, reaching 251.5 billion vehicle miles.",
2012-04-30,"Expected traffic increases due to tourist activities and peak travel seasons, including Easter Weekend (April 8th). Realized -0.4% year-over-year decline in travel for April 2012.",
2012-05-31,"May 2012 vehicle miles traveled (VMT) reported, showing a 2.3% increase from May 2011. Traffic surveys and volume counts were conducted, and rail traffic volumes were analyzed.",
2012-06-30,"June 2012 vehicle miles traveled increased 0.4% from June 2011. State DOTs reported on traffic analysis and road conditions, noting ongoing issues in key corridors.",
2012-07-31,"Nationwide vehicle miles traveled decreased by 0.3% in July 2012 vs. July 2011. High traffic volumes and congestion were expected during peak hours, with ongoing investment in traffic control systems.",
2012-08-31,"US vehicle miles traveled increased 1.2% in August 2012; high traffic demand in Juanita Drive Corridor; standard traffic volume metrics (DHV, AADT) and historical data were available.",
2012-09-30,"US vehicle miles traveled declined by 1.5% in September 2012 compared to the previous year; ongoing concerns about traffic volume, safety, and congestion.",
2012-10-31,"Overall travel (VMT) in October 2012 increased by 0.3% year-over-year, continuing a slow growth trend. Traffic volumes in Virginia fluctuated due to motorway widening.",
2012-11-30,US vehicle miles traveled increased 0.8% in November 2012. High traffic volumes and fuller flights were expected during peak travel periods like Thanksgiving.,
2012-12-31,"US vehicle miles traveled (VMT) decreased by 2.9% in December 2012 year-over-year. Traffic volumes remained high, with ongoing projects focusing on safety, real-time data, and managing congestion.",
2013-01-31,"US vehicle miles traveled increased 0.5% in January 2013 compared to January 2012, totaling 226.9 billion miles.",
2013-02-28,"US vehicle miles traveled declined by 1.4% in February 2013 compared to the previous year, totaling 214.6 billion vehicle miles.",
2013-03-31,US vehicle miles traveled decreased by 1.5% in March 2013 vs. March 2012. Anticipated traffic congestion for Easter morning.,
2013-04-30,"US travel on roads increased by 1.2% (2.9 billion vehicle miles) in April 2013 compared to April 2012, totaling 251.1 billion vehicle miles.",
2013-05-31,"Motor vehicle travel is primary in US; short-term traffic volumes stable, congestion persists. March 2013 VMT declined -1.5% year-over-year; cumulative 2013 VMT declined -0.8%. US Highway 41 traffic lower than 2007 projections.",
2013-06-30,"Total vehicle miles traveled (VMT) in June 2013 decreased by 0.4% year-over-year, with cumulative 2013 VMT down 0.1%.",
2013-07-31,"US vehicle miles traveled increased 1.6% in July 2013 year-over-year. High traffic volumes expected due to peak travel season and vacations, with ongoing traffic data collection and infrastructure planning.",
2013-08-31,Average hourly traffic volumes estimated; traffic volume is a key aspect of transportation planning; fatal crashes reported at high-volume intersections; high-volume travel corridors noted; vehicle miles traveled (VMT) increased by 1.3% in August 2013 compared to August 2012.,
2013-09-30,Realized fact: September 2013 vehicle miles traveled increased by 1.5% (241.7 billion miles) compared to September 2012. Traffic data collection and analysis are ongoing state and federal programs.,
2013-10-31,"Realized VMT increased by 2.3% in October 2013 vs. October 2012. Ongoing traffic volume monitoring, expected increases from highway projects and travel demands, and continued congestion.",
2013-11-30,US vehicle miles traveled decreased by 0.1% in November 2013 compared to November 2012; general traffic congestion expected during peak hours; annual growth in air passenger traffic.,
2013-12-31,"Realized 1.1% increase in vehicle miles traveled for December 2013. Expected moderate VMT growth with seasonal fluctuations, holiday traffic concerns, and ongoing challenges in predicting traffic levels.","Traffic volumes likely to remain steady or experience minimal growth, contradicting previous forecasts."
2014-01-31,"Realized -1.3% decline in US vehicle miles traveled for January 2014. General facts about traffic volume's role in speed limits, road design, and capacity management, including high volumes in Maryland corridors.",
2014-02-28,"US vehicle miles traveled declined by 0.9% in February 2014 year-over-year. Ongoing traffic management, infrastructure planning, and snow/ice response based on volume were noted.",
2014-03-31,Vehicle miles traveled increased 0.2% in March 2014 vs. March 2013. Short-term predictions include increased traffic/passenger volumes and traffic management strategies.,
2014-04-30,US vehicle miles traveled increased 1.8% in April 2014. High traffic volumes persisted at key entry points and specific road sections. Massachusetts planned real-time traffic system expansion.,
2014-05-31,"US vehicle miles traveled increased by 0.9% in May 2014 compared to May 2013, reaching 264.2 billion VMT, reflecting ongoing growth in motor vehicle travel.",
2014-06-30,Realized 1.4% increase in US vehicle miles traveled (261.7 billion VMT) for June 2014 compared to June 2013. General traffic volume concerns and congestion during peak hours.,
2014-07-31,US vehicle miles traveled increased 1.5% in July 2014 (266.8B miles). Expected summer traffic volume increases and potential construction-related calming measures.,
2014-08-31,August 2014 vehicle miles traveled increased 0.4% year-over-year. Expected traffic volume increase for Labor Day travel.,
2014-09-30,US Vehicle Miles Traveled (VMT) increased by 2.3% in September 2014 compared to September 2013.,
2014-10-31,"Realized 2.6% increase in US vehicle miles traveled for October 2014. Expected continued traffic volume growth, congestion, and ongoing efforts in data collection and analysis for transportation planning.",
2014-11-30,"US vehicle miles traveled increased by 1.1% in November 2014. High traffic volumes were expected, particularly during peak hours and the Thanksgiving holiday week, requiring ongoing management strategies.",
2014-12-31,Realized 5.0% year-over-year increase in Vehicle Miles Traveled for December 2014; ongoing road diet efforts and traffic management strategies.,
2015-01-31,TMAS publishes monthly traffic data; historical statistics available; NaTMEC assists DOTs; January 2015 travel volume increased 4.9% year-over-year.,
2015-02-28,Realized 2.8% increase in US vehicle miles traveled for February 2015. I-15 corridor experiences high traffic and special events; expected seasonal/roadwork fluctuations. Ongoing investment in traffic data collection and management; railroad capacity expansion due to growing freight/oil traffic.,
2015-03-31,"Realized 3.9% increase in vehicle miles traveled for March 2015 vs. March 2014; continued high traffic volumes and congestion expected, especially during peak periods; 2014 passenger volumes increased 2.5%.",
2015-04-30,US vehicle miles traveled increased 3.9% in April 2015 vs. April 2014. Daily traffic peaks in morning. Texas Transportation Plan 2040 aims to improve statewide system.,
2015-05-31,"US vehicle miles traveled increased 2.7-3.4% in May 2015 vs. May 2014. Traffic volume generally increased or remained high, leading to expected congestion and safety concerns.",
2015-06-30,"Total vehicle miles traveled in June 2015 increased by 3.9% year-over-year; daily traffic volumes on F.E. Everett Turnpike were 60,000-69,000.",
2015-07-31,US vehicle miles traveled increased by 3.9-4.2% in July 2015; general expectation of increasing traffic volumes and trip volumes in 2015; ongoing traffic management strategies like tolling plans.,
2015-08-31,"August 2015 VMT increased by 2.3% over August 2014, reaching 277.3 billion miles. VMT reached a historic high in H1 2015. Traffic volume and congestion were expected to continue increasing, especially during peak periods.",
2015-09-30,Realized 4.3% increase in vehicle miles traveled for September 2015 vs. 2014; expected high traffic during Labor Day weekend and general congestion.,
2015-10-31,"US vehicle miles traveled (VMT) increased by 2.4% in October 2015 compared to October 2014, reaching 273.5 billion miles.",
2015-11-30,Ongoing traffic congestion and high volumes; regular traffic data collection by DOTs; Sunday is the least busy traffic day; US vehicle miles traveled increased by 4.3% in November 2015 year-over-year.,
2015-12-31,"Realized 4.2% increase in US vehicle miles traveled for December 2015 compared to December 2014. Traffic volumes are generally high during peak hours, with expected fluctuations and ongoing national safety strategy implementation.",
2016-01-31,Vehicle miles traveled (VMT) increased by 2.0% (4.8 billion) in January 2016 compared to January 2015.,
2016-02-29,US vehicle miles traveled increased by 5.6% in February 2016 compared to the previous year. General traffic volume increases and congestion management efforts were ongoing.,
2016-03-31,"Vehicle miles traveled increased by 5.0% in March 2016 compared to March 2015, reaching 273.4 billion miles. US DOT released freight projections, and annual traffic data collection programs were active.",
2016-04-30,General traffic volume measurement practices and seasonal variation; ongoing US DOT program for traffic management; realized 2.6% increase in US vehicle miles traveled for April 2016 vs. April 2015.,
2016-05-31,"Overall vehicle miles traveled (VMT) increased by 2.0-2.1% in May 2016 compared to May 2015. Traffic volumes and congestion remained high, particularly during peak travel periods.",
2016-06-30,"Realized 3.2% increase in vehicle miles traveled (VMT) for June 2016 compared to June 2015. Expected high traffic volumes during peak summer travel seasons and holidays due to visitor growth. Ongoing use of traffic counts for transportation planning, funding, and real estate.",
2016-07-31,Vehicle miles traveled increased 2.0% in July 2016 vs. July 2015 (287.5 billion miles). High traffic volumes are expected during peak daylight hours and holiday travel season.,
2016-08-31,"US vehicle miles traveled increased by 3.4% (raw) and 2.5% (seasonally adjusted) in August 2016 vs. August 2015. Southwest accounted for 69.4% of Oakland Airport's passenger traffic. Traffic volumes are determined by ADT/DHV, monitored by sensors (I-65) and interactive maps (Delaware DOT).",
2016-09-30,"Realized 2.9% increase in vehicle miles traveled for September 2016; expected continued rise in traffic volume, congestion, and accident rates; ongoing use of traffic forecasting and big data.",
2016-10-31,Realized US vehicle miles traveled (VMT) for October 2016 increased year-over-year; expected persistent traffic congestion and steady volumes with peak increases.,
2016-11-30,"Realized 4.3% increase in vehicle miles traveled for November 2016 vs. 2015. Expected high traffic volumes during peak hours and holiday travel season, with potential weather impacts. Ongoing traffic data collection.",
2016-12-31,"December 2016 vehicle miles traveled increased by 0.5% from Dec 2015 (263.6B miles). Cumulative 2016 travel increased 2.8% (3,218.0B miles). High traffic and congestion expected due to holiday season.",
2017-01-31,"Vehicle miles traveled (VMT) increased by 2.2% in January 2017 compared to January 2016, reaching 242.3 billion miles. Increased passenger volumes were expected due to Christmas holiday travel.",
2017-02-28,"Travel on roads increased by 1.9% (4.4 billion VMT) in Feb 2017 vs. Feb 2016, reaching 233.4 billion VMT. Seasonally adjusted VMT increased by 1.6%.",
2017-03-31,Vehicle miles traveled increased by 0.8% (unadjusted) and 0.5% (seasonally adjusted) in March 2017 vs. March 2016; U.S. airlines carried all-time high passengers in 2016.,
2017-04-30,Estimated vehicle miles traveled for April 2017 increased 1.2% (unadjusted) and 2.1% (seasonally adjusted) compared to April 2016.,
2017-05-31,Realized 2.2% increase in vehicle miles traveled (VMT) for May 2017; expected heavy traffic and increased air travel due to Memorial Day holiday; ongoing use of traffic volume data for management.,
2017-06-30,Realized 1.2% increase in vehicle miles traveled for June 2017; high traffic volumes expected due to peak travel season and July 4th holiday anticipation.,
2017-07-31,July 2017 vehicle miles traveled increased 0.8% year-over-year; Tacoma Narrows Bridge underperformed projections; BTS released a new Commercial Flight Database.,
2017-08-31,"Vehicle miles traveled increased by 1.4% in August 2017 compared to prior year, reaching 283.3 billion miles.","Solar Eclipse on August 21 caused significant, historic traffic volume increases in multiple states like Wyoming, Idaho, New Jersey, and Colorado."
2017-09-30,US vehicle miles traveled (VMT) increased by 0.3% (0.9% seasonally adjusted) in September 2017 year-over-year. Ongoing investment in non-motorized infrastructure and continued increase in travel times on US 113.,
2017-10-31,Total US VMT increased by 1.2% (unadjusted) and 0.8% (seasonally adjusted) in October 2017; US government continues its strategy to boost travel and tourism.,
2017-11-30,November 2017 vehicle miles traveled increased 1.1% YoY. Muscatine's Mulberry Avenue reconstruction plan was underway. General facts about US traffic signals and AADT were noted.,
2017-12-31,"Realized 261.8 billion vehicle miles traveled in December 2017, up 0.7% from 2016. Expected extremely high traffic volumes and congestion due to holiday season travel, with over 107.3 million Americans traveling.",
2018-01-31,US vehicle miles traveled increased 0.4% (raw) and declined 0.1% (seasonally adjusted) in January 2018; traffic volume counts were conducted at various locations.,
2018-02-28,"February 2018 vehicle miles traveled decreased by 0.1% year-over-year, totaling 226.7 billion VMT. Traffic volumes generally remained steady/high with peak period increases.",
2018-03-31,"US vehicle miles traveled increased by 0.5-1.2% in March 2018; general increase in traffic volumes and congestion during peak periods, with AWDT volumes recorded on major highways.",
2018-04-30,"Realized -0.2% decrease in vehicle miles traveled for April 2018 vs. April 2017. Expected continued traffic volume increases, especially during peak hours, influenced by seasonal patterns and development.",
2018-05-31,Realized 0.8% increase in vehicle miles traveled (VMT) for May 2018 compared to May 2017; start of seasonal summer travel period.,Potential impact of high gas prices on travel.
2018-06-30,"Nationwide VMT increased by 0.3% in June 2018 (281.4 billion miles) compared to June 2017, aligning with expected peak summer travel season increases.",
2018-07-31,Realized 0.3% increase in vehicle miles traveled for July 2018 compared to July 2017 (288.1 billion VMT); low traffic volumes and speeds on local streets at window start.,
2018-08-31,"Realized 1.2% YOY increase in August 2018 VMT; expected high traffic volumes and congestion, particularly around peak travel seasons like Labor Day.",
2018-09-30,Realized US vehicle miles traveled for September 2018 decreased by 0.8% (unadjusted) or increased by 0.3% (seasonally adjusted) year-over-year. General traffic volumes and congestion remain high.,
2018-10-31,Factual definitions of traffic volume (AADT); RCTC 91 Express Lanes Toll Policy and ongoing traffic management; Realized 1.2% increase in vehicle miles traveled for October 2018 vs. October 2017; General expectation of continued high traffic.,
2018-11-30,"Traffic volume testing on Lee County Road 159; Thanksgiving week projected 13-year high US traffic, 20% increase; November 2018 VMT increased 0.3% year-over-year.",
2018-12-31,"Realized US VMT for December 2018 increased 0.7% year-over-year, with seasonally adjusted VMT up 1.1%. Context includes general facts on traffic data collection, planning, and management systems and specific regional traffic patterns.",
2019-01-31,"Vehicle miles traveled (VMT) increased by 1.8% (unadjusted) and 1.5% (seasonally adjusted) in January 2019 compared to January 2018, reaching 250.1-270.9 billion miles.",
2019-02-28,"February 2019 vehicle miles traveled declined -0.4% YoY. Ongoing issues: increased rural traffic, high volumes on Route 30 (Lancaster County), and congestion costs.",
2019-03-31,Traffic volumes and speeds measured; US DOT supported congestion document; FHWA reported increased US traffic volumes; US VMT for March 2019 increased by 0.3-0.9% vs. March 2018; Parker Road Corridor Plan analyzed traffic.,
2019-04-30,"Estimated 75.3 million scheduled service passengers in US. Vehicle miles traveled increased 2.5% (unadjusted) and 2% (seasonally adjusted) over April 2018, reaching 279.3 billion miles.",
2019-05-31,Realized 1.0% increase in vehicle miles traveled (VMT) for May 2019 vs. May 2018. AAA predicted second-highest travel volume for 2019 Memorial Day weekend.,
2019-06-30,"Moderate to high traffic volumes expected. US vehicle miles traveled decreased 0.3% YoY, but increased 0.6% seasonally adjusted for June 2019.",
2019-07-31,"Expected heavy traffic for 4th of July holiday week; US vehicle miles traveled increased 1.7% year-over-year in July 2019, with high volumes at airports.",
2019-08-31,Realized 0.7% increase in US vehicle miles traveled for August 2019 compared to August 2018; ongoing traffic monitoring and expected congestion.,
2019-09-30,Expected increased traffic volume during Labor Day weekend and rush hours; realized 1.7% increase in US vehicle miles traveled in September 2019 year-over-year.,
2019-10-31,"October 2019 VMT increased 1.0% year-over-year to 285.1 billion miles. Traffic data was reported by authorities, with congestion and weekend travel noted as accident causes, and traffic volume used as an economic indicator.",
2019-11-30,-0.1% change in vehicle miles traveled for November 2019 vs. prior year; 34% decline in traffic on SR 520 after electronic tolling; routine traffic data collection by authorities.,
2019-12-31,"Realized vehicle miles traveled (VMT) increased by 1.3% in December 2019 vs. 2018, totaling 273.8 billion miles. Expected holiday season traffic congestion, with Dec 22nd predicted as the busiest air travel day.",
2020-01-31,"Traffic flow improved 62% (early Jan); Penn Street Bridge daily volume 33,796 vehicles; Jan 2020 VMT increased 2.1% (unadjusted) and 1.6% (seasonally adjusted) vs. Jan 2019.",
2020-02-29,Realized 2.2% increase in vehicle miles traveled for February 2020 compared to February 2019. Expected high traffic volumes and congestion following historical patterns.,
2020-03-31,Ongoing collection and analysis of traffic volume data by state DOTs for metrics like AADT. Realized -18.6% decrease in vehicle miles traveled for March 2020 compared to March 2019.,Reduced travel demand and traffic volume across the US due to the COVID-19 pandemic.
2020-04-30,"Overall vehicle miles traveled (VMT) decreased by 39.8% in April 2020 compared to April 2019, with weekly interstate VMT drops between 43-47%.",COVID-19 pandemic and related social distancing measures and travel restrictions.
2020-05-31,"Overall VMT declined 25.5% in May 2020 vs. May 2019. Weekly interstate VMT decreased 25-37% year-over-year, with a slight week-over-week increase by month-end.",Ongoing COVID-19 pandemic and associated travel restrictions; states began gradual reopening.
2020-06-30,"Realized significant decrease in vehicle miles traveled (VMT) and traffic volume in June 2020, with personal travel down 7% and total VMT down 13-14.5% from June 2019, due to ongoing pandemic effects.",
2020-07-31,"Overall nationwide travel increased to pre-COVID levels in late June. However, total vehicle miles traveled in July 2020 decreased by 11.2% compared to July 2019 and decreased from June 2020.",
2020-08-31,"US vehicle miles traveled declined by 12.3% in August 2020 compared to August 2019 due to ongoing COVID-19 impacts, with expected fluctuations as restrictions lift.",
2020-09-30,"Overall US VMT for September 2020 declined 8.6% year-over-year. Weekly VMT showed minor fluctuations, with some areas like Port Authority crossings nearing pre-pandemic levels.",
2020-10-31,"Total US vehicle miles traveled (VMT) declined 8.8% in October 2020 compared to October 2019. Weekly VMT showed slight decreases, remaining below pre-pandemic levels.",
2020-11-30,"VMT on interstate highways consistently decreased compared to 2019 (e.g., -10% to -14% weekly); overall November VMT down 11.1%. Passenger VMT declined more, truck VMT increased.","Ongoing COVID-19 pandemic continued to significantly affect travel behavior, leading to VMT declines and potential further restrictions due to surging cases."
2020-12-31,"Realized VMT decreased 10.3% in Dec 2020 vs 2019. Weekly VMT showed passenger decline, truck increase, influenced by pandemic, holiday travel, and winter weather.",
2021-01-31,"Realized VMT for January 2021 decreased 11.3% vs Jan 2020 (223.3B miles). Weekly interstate VMT fluctuated, with passenger VMT decreasing and truck VMT increasing compared to 2019. Traffic reports and data releases occurred.",
2021-02-28,"Overall US VMT for February 2021 declined by 10-12% compared to Feb 2020 due to the ongoing COVID-19 pandemic. Weekly VMT remained below 2019 levels, but showed a 10% increase in the last week.",
2021-03-31,"Weekly VMT fluctuated, generally increasing from previous week but remaining below 2019 levels. Total March 2021 VMT increased 19% from March 2020.","Ongoing recovery from the pandemic, driven by rising vaccination rates and easing travel restrictions."
2021-04-30,"April 2021 VMT was 256.5 billion miles, up 54.6% year-over-year, reflecting pandemic recovery. Weekly VMT fluctuated, with passenger VMT decreasing and truck VMT increasing.",
2021-05-31,"May 2021 VMT reached 273.9 billion miles, up 28.7% from May 2020, rebounding to near pre-pandemic levels. Weekly interstate VMT ranged 16.0-16.5 billion miles, with truck VMT up 12% vs 2019.",
2021-06-30,"Weekly VMT on interstate highways fluctuated (17.2B, 16.8B, 17.2B, 16.9B miles); total VMT for June 2021 increased 14.5% over June 2020, reaching 282.5 billion miles.",
2021-07-31,"Overall VMT for July 2021 increased 11.5-13.1% year-over-year. Weekly VMT fluctuated, with truck travel higher than 2019, while passenger travel lagged. Busy July 4th travel was expected.",
2021-08-31,"August 2021 VMT increased 8.3% from August 2020. Weekly VMT fluctuated, generally decreasing, with passenger VMT lower and truck VMT higher than 2019. Local construction and high traffic intersections noted.",
2021-09-30,"September 2021 VMT increased 7.9% year-over-year to 266.7 billion miles. Weekly VMT fluctuated between 16.5-16.9 billion, generally below 2019 levels. Passenger VMT was 4% lower, truck VMT 11% higher than 2019 in late September.",
2021-10-31,"October 2021 VMT was 277.5 billion, up 7.1% year-over-year. Weekly VMT fluctuated, with truck VMT significantly higher than 2019, and passenger VMT lower. Columbus Day weekend saw higher traffic.",
2021-11-30,"November 2021 VMT increased by 12.3% year-over-year to 267.5 billion miles. Weekly VMT fluctuated around 16.2-16.3 billion, generally above 2019 levels, with truck VMT higher. Expected high traffic during holiday season.",
2021-12-31,"Realized weekly VMT fluctuations for Dec 2021 (weeks 48-51), with total VMT up 11.2% vs. Dec 2020. Expected VMT increase due to holiday travel and shipping activity.",
2022-01-31,"Weekly VMT data for January 2022 showed fluctuations, with overall VMT increasing 4.1% over January 2021 (240.6 billion miles). Truck VMT was consistently higher than 2019, while passenger VMT was lower. Travel times neared pre-pandemic levels.",
2022-02-28,"US VMT increased 10.6% in February 2022 vs prior year; weekly interstate VMT also rose, with truck VMT up 11.5% vs 2019.",
2022-03-31,"Overall March 2022 VMT increased 2.9% from March 2021; weekly VMT fluctuated below 2019 levels. Ongoing pandemic recovery, seasonal patterns, and economic growth influenced travel, with a shift to higher truck VMT.",
2022-04-30,April 2022 VMT increased 1.5% year-over-year to 263.1 billion miles. Expected continued increase in traffic volume and congestion due to lifting travel restrictions and peak periods.,
2022-05-31,"Overall VMT for May 2022 increased by 1.3% year-over-year. Passenger VMT continued to decline while truck VMT increased. High Memorial Day holiday travel volume was forecasted, with heavy traffic expected May 26-28.",China's scheduled flights reached lowest levels since the beginning of the pandemic.
2022-06-30,"June 2022 VMT decreased by 1.7% year-over-year, though weekly VMT showed slight increases vs. 2019, with truck VMT up. Post-pandemic passenger traffic is returning, expecting increased congestion and July 4th holiday travel.",
2022-07-31,Realized 3.3% decrease in total US vehicle miles traveled in July 2022 year-over-year; national truck travel down 3% compared to last June; expected high traffic volumes due to summer travel and holidays.,
2022-08-31,"U.S. traffic volume nearing pre-pandemic levels, with an increasing trend. High volumes expected due to summer holiday season and peak travel. August 2022 VMT increased by 0.7% year-over-year, with slow growth anticipated.",
2022-09-30,US nationwide VMT increased +1.0% in September 2022; Local bike traffic share increased; Transportation planning updates and data releases completed.,
2022-10-31,"October 2022 US total VMT increased by 0.1% year-over-year. Truck VMT increased significantly (6.9-10.1% vs 2019) in weeks within the month, while passenger VMT remained relatively flat.",
2022-11-30,"Maryland bridge deck replacement impacting local traffic, general traffic increase post-restrictions, fluctuating interstate VMT changes, and a 1.3% decline in total US VMT for November 2022 compared to 2021, with high holiday traffic expected.",
2022-12-31,"Expected increase in traffic volume and congestion due to holiday (Christmas, end-of-year) travel. December 2022 VMT decreased by 1.8% compared to December 2021.",
2023-01-31,Total VMT in January 2023 increased by 5.6% year-over-year; traffic volume continued high with persistent congestion during peak periods and a gradual return to normal post-COVID.,
2023-02-28,"Nationwide VMT increased 1.9% in February 2023 (233.7 billion miles) year-over-year. Airline traffic continued recovery. Weather impacted truck delays, and congestion was projected in West Valley, AZ.",
2023-03-31,Realized VMT increased 0.6% in March 2023; airline passenger traffic recovered to 92% of pre-pandemic levels; expected traffic volume increases due to Spring Break travel.,
2023-04-30,"April 2023 saw 77.5M US airline passengers (+7.8% YoY) and 256.1B vehicle miles traveled (+0.1% YoY). Air traffic and cargo volumes continued to grow, with high volumes expected during peak travel season.",
2023-05-31,"May 2023 US road travel increased by 2.5% (+7.1 billion vehicle miles) to 287.3 billion miles. High traffic volumes and congestion expected during Memorial Day weekend, with 42.3 million travelers.",
2023-06-30,"June 2023 VMT increased 3.1% year-over-year to 283.0 billion vehicle miles, alongside expected summer travel season traffic increases and ongoing Bay Bridge lane closures.",
2023-07-31,Expected high travel volumes for July 4th weekend and summer; June airport passenger throughput exceeded pre-pandemic levels; total US vehicle miles traveled in July 2023 increased by 2.9% year-over-year.,
2023-08-31,"Realized 2.4% increase in US vehicle miles traveled for August 2023. Expected high traffic volumes and congestion, particularly during peak hours, around airports, and for Labor Day weekend, reflecting growing travel demand.",
2023-09-30,"Labor Day weekend brought expected increased travel and congestion. Vehicle miles traveled in September 2023 increased by 0.9% year-over-year, with continued high traffic volumes and fluctuations.",
2023-10-31,"US vehicle miles traveled in October 2023 increased +1.3% year-over-year; global passenger traffic and overall traffic volumes expected to continue increasing, influenced by seasonal patterns.",
2023-11-30,"Established traffic monitoring standards. Expected high traffic volumes during peak hours and Thanksgiving holiday, with record passenger volume anticipated. November 2023 vehicle miles traveled increased 2.5% year-over-year.",
2023-12-31,Expected high traffic volume due to year-end holiday season; forecasts of record travel numbers; 115 million Americans expected to travel. December 2023 VMT increased 2.2-2.7% year-over-year. MTA Bridges and Tunnels on track for highest traffic volume in 87 years.,
2024-01-31,January 2024 US vehicle miles traveled declined -0.8% (unadjusted) and -1.2% (seasonally adjusted) compared to January 2023. Travel in November 2023 increased +2.5% YoY.,
2024-02-29,"Estimated vehicle miles traveled for February 2024 increased 2.0% year-over-year to 240.2 billion, with seasonally adjusted VMT up 1.4%. U.S. road travel also increased 2.1% from a year earlier.",
2024-03-31,"Continued growth in airport passenger traffic and business travel; March 2024 vehicle miles traveled increased; spring break travel season led to increased traffic and congestion, with flight disruptions in Florida.",Upcoming total solar eclipse expected to increase traffic volumes and congestion on major corridors.
