end_date,coarse_pred
1972-12-31,"The forecast for ""Traffic:OT"" indicates a continued robust upward trend over the next 18 months, with each year's traffic volumes expected to exceed the previous. This growth will be accompanied by a consistent annual seasonal pattern, featuring lower activity in early winter, a significant rise to peak levels during summer, and a subsequent decline into late autumn."
1973-01-31,"The forecast anticipates a continuation of the established upward trend in traffic volume, with each year's levels generally surpassing the previous. Strong annual seasonality will persist, characterized by higher traffic during summer months and lower volumes in winter, maintaining a consistent pattern of fluctuation driven by intrinsic monthly and annual cycles."
1973-02-28,"The ""Traffic:OT"" series is projected to continue its consistent upward trend over the next 18 months, maintaining its strong annual seasonality. This will result in significant increases in traffic from spring to summer peaks, followed by a decline towards winter lows, with recurring annual patterns being the primary driver."
1973-03-31,"The Traffic:OT metric is projected to continue its robust upward trend over the next 18 months, driven by consistent year-over-year growth, while simultaneously exhibiting strong annual seasonality with typical summer peaks and winter troughs. This predictable pattern of increasing values and recurring seasonal fluctuations is expected to persist."
1973-04-30,"The ""Traffic:OT"" is expected to continue its robust upward trend, maintaining its strong annual seasonal pattern with peaks in the summer months and troughs in the winter. This consistent growth and predictable seasonality will likely drive values higher over the next 18 months."
1973-05-31,"Traffic is expected to continue its clear upward trend over the next eighteen months, maintaining strong annual seasonality with pronounced summer peaks and winter troughs. This consistent pattern will result in significant cyclical volatility, with overall values generally increasing year-over-year."
1973-06-30,"Traffic volume is expected to continue its strong annual seasonal pattern, characterized by peaks in the summer months and troughs in early winter, while maintaining a consistent underlying upward trend. This will lead to significant monthly volatility, with each successive year's values generally exceeding those of the previous year."
1973-07-31,"Traffic volumes are expected to maintain their consistent upward trend over the next 18 months, albeit with significant annual seasonal fluctuations. This will manifest as a decline towards winter troughs in early 1974 and 1975, followed by a strong rebound to new summer peaks, driven by established seasonal patterns."
1973-08-31,"The next 18 months will see a continuation of the strong upward trend in traffic, marked by pronounced annual seasonality with summer peaks and winter troughs. This consistent pattern will likely result in higher overall traffic volumes, maintaining significant month-to-month volatility."
1973-09-30,"Traffic:OT is expected to continue its pronounced annual seasonality, with significant dips in late autumn and winter followed by robust increases to new summer peaks, all while maintaining a clear underlying upward trend over the next 18 months. The primary drivers are inherent seasonal cycles and sustained growth in traffic volume."
1973-10-31,"The traffic volume is projected to continue its consistent year-over-year growth, maintaining its strong and predictable annual seasonal pattern. This pattern will feature significant dips in late autumn and early winter, followed by a steady increase to peak levels during the summer months, and then a sharp decline into September."
1973-11-30,"""Traffic:OT"" is projected to continue its strong annual seasonal pattern over the next 18 months, characterized by significant intra-year volatility with lows in winter and peaks in summer. An underlying moderate upward trend is expected to persist, leading to generally higher traffic volumes compared to the historical period."
1973-12-31,"The ""Traffic:OT"" series is expected to continue its established upward trend over the next 18 months, maintaining its strong annual seasonal pattern. We anticipate significant monthly volatility, with traffic levels peaking during the summer months and declining during the winter, consistent with historical observations."
1974-01-31,"The forecast anticipates a continuation of the established strong annual seasonality, with values rising significantly from winter lows to summer peaks before declining into the subsequent winter months. This pattern will be superimposed on a persistent moderate upward trend, leading to slightly higher overall traffic volumes year-over-year, driven primarily by these consistent seasonal fluctuations."
1974-02-28,"Traffic:OT is projected to maintain its strong annual seasonality, peaking in summer and bottoming out in winter. However, the recent sharp decline observed through early 1974 indicates a significant downward shift in the overall trend, suggesting future values will likely be lower than historical patterns would otherwise suggest."
1974-03-31,"The forecast anticipates a continuation of strong monthly seasonality, with traffic rising through the summer months and declining in autumn and winter. However, the previously observed year-over-year growth appears to be flattening or slightly reversing, suggesting that future peaks may not significantly exceed 1973 levels and winter lows could be similar or slightly lower, indicating a potential plateau or mild decline in overall traffic."
1974-04-30,"The next 18 months will continue to display strong annual seasonality, with traffic volumes rising towards summer peaks and falling to winter troughs. However, a recent year-over-year decline suggests that future traffic levels, while volatile month-to-month, will generally trend lower than corresponding periods in the preceding year."
1974-05-31,"The forecast anticipates a continuation of the established monthly seasonality, with traffic levels peaking in summer and bottoming out in winter. However, the overall trend has shifted from consistent growth to a year-over-year decline, suggesting that future values will likely be lower than their corresponding months in the prior year, driven by this recent downward pressure."
1974-06-30,"The forecast anticipates a continuation of the strong annual seasonality, with traffic peaking in summer and declining through winter. However, the previously observed upward trend has reversed, and overall traffic volumes are expected to remain suppressed or slightly decline over the next 18 months, primarily driven by the lingering effects of the 1973 oil crisis."
1974-07-31,"The Traffic:OT series will continue to exhibit strong annual seasonality, with late summer peaks and late winter troughs driving significant monthly fluctuations. The underlying growth trend is moderating, which implies future peaks will struggle to surpass prior highs and troughs are expected to be deeper."
1974-08-31,"Traffic:OT is expected to continue its strong annual seasonal pattern, with values declining through autumn and winter before recovering and peaking in the summer months. While significant seasonal volatility is anticipated, the overall traffic levels are projected to remain relatively stable without a strong directional trend."
1974-09-30,"Traffic is expected to follow its strong annual seasonal pattern, with significant declines into winter and peaks in summer, while the underlying growth trend observed previously appears to be moderating or plateauing. The primary driver will be intrinsic monthly seasonality, leading to notable volatility as traffic oscillates between its annual lows and highs."
1974-10-31,"The ""Traffic:OT"" is expected to follow its strong annual seasonal pattern, declining into the winter months before sharply rebounding to peak levels in the summer, and then repeating this cycle. Volatility will remain high due to these pronounced seasonal swings, with no apparent long-term trend change or external drivers indicated."
1974-11-30,"The ""Traffic:OT"" will continue to exhibit strong annual seasonality, with values typically declining in winter and peaking during the summer months. Following a period of growth, the underlying trend shows a slight downward shift, suggesting future values will generally follow the seasonal pattern but at a slightly reduced overall level compared to the 1973 highs, while maintaining consistent intra-year volatility."
1974-12-31,"The forecast for the next 18 months anticipates continued strong annual seasonality, with traffic volumes peaking in summer and reaching their lowest points in winter. Following the stabilization and slight recovery observed in late 1974, overall levels are expected to remain relatively consistent with recent historical averages, showing no significant long-term directional trend."
1975-01-31,"The ""Traffic:OT"" is expected to continue its strong annual seasonal pattern, with values rising from current levels to peak during the summer months and then declining into winter, repeating this cycle over the forecast horizon. The overall level of traffic is anticipated to remain relatively stable, driven predominantly by these consistent monthly fluctuations."
1975-02-28,"Traffic is forecast to continue its strong and consistent annual seasonal pattern over the next 18 months, characterized by a significant increase from current levels to peak during the summer, followed by a decline through winter to reach its lowest points in early 1976, before repeating the cycle. This predictable directionality and volatility are primarily driven by inherent annual seasonality, with no clear long-term trend or external risks indicated."
1975-03-31,"The forecast for the next 18 months indicates a continuation of strong annual seasonality, with traffic volumes peaking during the summer and declining to their lowest points in the winter. Following a recent recovery, the overall trend is expected to stabilize or show modest growth, while maintaining significant intra-year volatility driven by these consistent monthly patterns."
1975-04-30,"Traffic:OT is expected to continue its strong annual seasonal pattern over the next 18 months, with significant increases leading to peaks in July and August, followed by sharp declines into autumn and reaching troughs in January and February. This consistent cyclical behavior will be the primary driver of the series' direction and high volatility."
1975-05-31,"The forecast anticipates a continuation of the pronounced annual seasonal pattern, with traffic values rising to summer peaks and subsequently falling to winter lows over the next 18 months. This strong seasonality will drive high volatility, and an observed recent upward momentum suggests future peaks and troughs could be slightly higher."
1975-06-30,"The Traffic:OT values are expected to continue their pronounced annual seasonal pattern over the next 18 months, with peaks during summer and declines in winter. The overall level should remain relatively stable, consistent with the recent recovery and historical trends, primarily driven by intrinsic monthly variations."
1975-07-31,"Traffic volume is expected to continue its pronounced annual seasonal pattern, characterized by peaks in the summer months (July/August) and troughs in the winter months (January/February). This will result in high intra-year volatility, with significant drops observed from summer peaks into September, and steady increases from late winter into summer. The overall trend appears relatively stable, with no strong directional shift anticipated."
1975-08-31,"Traffic volume is expected to continue its strong annual seasonal pattern over the next 18 months, with values declining from the recent August peak through autumn and winter, then rising through spring to reach new summer peaks. This consistent seasonality will be the primary driver, maintaining significant monthly volatility around a relatively stable overall trend."
1975-09-30,"The forecast for ""Traffic:OT"" anticipates a continuation of the strong annual seasonality, with traffic volumes declining through the winter months to reach their lowest points in February, followed by a significant rebound and peak during the summer. This pattern will recur over the next 18 months, exhibiting high seasonal volatility and a slight underlying upward trend in overall traffic levels."
1975-10-31,"Traffic:OT is expected to continue its strong and predictable annual seasonality over the next 18 months, characterized by significant declines during winter months, reaching lows around January/February, followed by a robust recovery to peak levels in July/August. This inherent monthly seasonality will be the primary driver of substantial month-to-month volatility."
1975-11-30,"The forecast for the next 18 months anticipates a continuation of the pronounced annual seasonality, with traffic volumes expected to experience significant fluctuations, typically declining to winter lows and rising to summer peaks. This consistent seasonal pattern will be the primary driver, maintaining high intra-year volatility without a strong underlying trend, though peak values may show a slight upward drift."
1975-12-31,"Traffic:OT is expected to continue its pronounced annual seasonality over the next 18 months, with volumes peaking in the summer and declining in the winter. A modest underlying upward trend, observed in recent year-over-year growth, is anticipated to persist, driven primarily by these consistent seasonal patterns."
1976-01-31,"Traffic volume is expected to continue its strong annual seasonal pattern over the next 18 months, characterized by significant fluctuations that typically rise from winter lows to summer peaks before declining again. This pronounced seasonality will likely persist, with a modest underlying upward trend observed in recent years."
1976-02-29,"Traffic:OT is expected to follow its strong annual seasonality over the next 18 months, with values rising from spring to a summer peak and then declining through autumn and winter. An underlying slight upward trend suggests that each year's seasonal peaks and troughs will be marginally higher than the previous, driven primarily by consistent travel patterns."
1976-03-31,"Traffic volume is forecast to continue its strong annual seasonality, peaking in summer and declining through winter, with significant volatility throughout the year. Building on recent year-over-year growth, overall traffic levels are expected to trend higher than previous periods, driven primarily by intrinsic monthly patterns."
1976-04-30,"Traffic volume is expected to continue its pronounced annual seasonal pattern, characterized by significant summer peaks and winter troughs, alongside a moderate underlying upward trend observed in recent years. This will lead to continued high volatility, with future seasonal values generally exceeding those of prior cycles."
1976-05-31,"Traffic volume is expected to maintain its strong annual seasonality over the next 18 months, with predictable peaks during the summer and troughs in the winter. This pronounced monthly volatility will occur within a persistent, slight upward trend, leading to incrementally higher traffic volumes across all seasonal periods."
1976-06-30,"Traffic volumes are expected to maintain their strong annual seasonality, peaking in summer and declining through winter, while continuing a modest underlying upward trend. This will result in significant, yet predictable, intra-annual volatility."
1976-07-31,"Traffic volume is expected to continue its strong annual seasonal pattern, with peaks in the summer months and troughs in the winter, while maintaining a modest underlying upward trend. This will result in continued high volatility throughout the forecast period."
1976-08-31,"Traffic volumes are expected to continue their upward trend, driven by consistent annual growth. This growth will be accompanied by pronounced seasonal fluctuations, with volumes declining through autumn and winter before rising again in spring and peaking in summer."
1976-09-30,"The forecast anticipates a continuation of the strong annual seasonal pattern, with traffic volumes declining through the winter months to a February low, followed by a robust recovery and peak during the summer. An underlying moderate upward trend is expected to persist, leading to generally increasing traffic volumes year-over-year across all seasonal phases."
1976-10-31,"Traffic:OT is projected to continue its consistent upward trend over the next 18 months, characterized by significant annual seasonality. Values will likely decrease from the current level through the upcoming winter, reaching their lowest points around February, before rising to new summer peaks, and repeating this pattern with overall higher levels year-over-year."
1976-11-30,"Traffic volume is expected to maintain its strong annual seasonal pattern, characterized by peaks during summer months and troughs in winter, while continuing a consistent underlying upward trend. This will likely result in generally increasing traffic volumes over the next 18 months, driven primarily by these intrinsic seasonal and growth dynamics."
1976-12-31,"Traffic:OT is expected to continue its pronounced annual seasonal pattern, with significant volatility driven by summer peaks and winter troughs. An underlying upward trend will likely persist, leading to generally higher traffic volumes compared to previous years, especially during the peak summer months of 1977 and 1978."
1977-01-31,"Traffic:OT is projected to continue its strong annual seasonal pattern, with values rising significantly from winter lows to summer peaks before declining into the colder months. This pronounced monthly volatility will occur within an overarching trend of gradual year-over-year growth in traffic volumes."
1977-02-28,"The forecast anticipates a continuation of the strong annual seasonal pattern, with traffic levels rising from the current February low towards a peak in the summer months of 1977, followed by a decline into early 1978 and another increase into summer 1978. An underlying moderate upward trend is expected to persist, leading to progressively higher peaks and troughs over the forecast horizon."
1977-03-31,"The Traffic:OT series is projected to maintain its strong annual seasonality over the next 18 months, with volumes peaking in summer and declining in winter. This predictable pattern will occur within a continued upward trend, suggesting overall higher traffic levels with significant intra-year volatility driven primarily by the time of year."
1977-04-30,"Traffic:OT is expected to continue its strong upward trend over the next 18 months, driven by consistent year-over-year growth. This growth will be accompanied by significant monthly volatility, with traffic levels peaking during the summer months and reaching their lowest points in winter due to strong seasonal patterns."
1977-05-31,"Traffic volume is projected to maintain its consistent upward trajectory over the next 18 months, while continuing to display pronounced annual seasonality with summer peaks and winter lows. Monthly fluctuations will remain significant, primarily driven by intrinsic seasonal patterns and month-specific characteristics."
1977-06-30,"Traffic volume is expected to continue its robust upward trend over the next 18 months, with annual peaks and troughs consistently rising. Significant monthly volatility will persist due to strong annual seasonality, characterized by summer highs and winter lows."
1977-07-31,"Traffic volume is forecast to continue its strong annual seasonality, with peaks in summer and troughs in winter, while maintaining an underlying upward trend. This pattern will drive sustained high volatility throughout the forecast period, with each successive annual peak and trough expected to be higher than the previous year."
1977-08-31,"The traffic volume is projected to continue its consistent upward trend over the next 18 months, reflecting sustained year-over-year growth. This increase will be accompanied by a pronounced annual seasonal pattern, with volumes typically peaking in summer and reaching their lowest points during the winter months."
1977-09-30,"Traffic volume is expected to continue its consistent upward trend, maintaining the strong annual seasonality with declines into winter troughs around January/February and increases to summer peaks around July/August. The overall volatility will remain consistent with historical patterns, driven primarily by intrinsic monthly seasonality."
1977-10-31,"Traffic volume is expected to continue its gradual upward trend over the next 18 months, building on the consistent year-over-year growth observed. Strong intrinsic monthly seasonality will persist, leading to significant volatility with pronounced peaks in summer and distinct troughs in winter, primarily driven by these recurring seasonal patterns."
1977-11-30,"Traffic:OT is expected to maintain its strong annual seasonal pattern over the next 18 months, characterized by significant monthly volatility, with values peaking in summer (July/August) and reaching lows in winter (January/February). An underlying moderate upward trend is anticipated to continue, leading to generally higher traffic volumes year-over-year, driven primarily by these intrinsic seasonal dynamics."
1977-12-31,"Traffic volume is expected to continue its consistent year-over-year growth, maintaining the strong annual seasonal pattern observed. This pattern includes significant declines in winter months, especially February, followed by a steady increase to peak levels during the summer, and a subsequent decrease into late autumn."
1978-01-31,"Traffic is expected to maintain its consistent upward trend over the next 18 months, with each seasonal cycle reaching higher overall levels than the previous year. This period will continue to exhibit strong monthly seasonality, characterized by winter lows, a steady increase through spring to summer peaks, and a notable decline in early autumn, contributing to significant monthly volatility."
1978-02-28,"Traffic volume is projected to continue its consistent year-over-year growth, maintaining the strong seasonal pattern of summer peaks and winter troughs. This will lead to sustained significant monthly volatility, with overall values trending higher than previous periods driven by intrinsic seasonal and growth factors."
1978-03-31,"Traffic is expected to continue its consistent upward trend over the next 18 months, with each corresponding month generally surpassing previous year's levels. This growth will be accompanied by pronounced annual seasonality, featuring peaks in summer and troughs in winter, reflecting typical seasonal patterns."
1978-04-30,"Traffic volumes are expected to continue their consistent year-over-year growth, maintaining the established upward trend. This growth will be accompanied by strong and predictable monthly seasonality, with peaks in summer and troughs in winter."
1978-05-31,"Traffic:OT is expected to continue its established upward trend over the next 18 months, with overall values generally increasing year-over-year. This growth will be accompanied by strong, recurring seasonal patterns, featuring peaks in summer and troughs in winter, which are the primary drivers of intra-year volatility."
1978-06-30,"Traffic volumes are expected to continue their strong annual seasonal pattern, with peaks occurring in the summer months and troughs in the winter. An underlying upward trend observed in previous years suggests that both peak and trough values will generally be higher over the next 18 months."
1978-07-31,"Traffic:OT is projected to maintain its robust upward trend over the next 18 months, while exhibiting strong annual seasonality. Following the current summer peak, values will typically decline into the autumn and winter, reaching higher troughs in early 1979 and 1980, before experiencing significant increases towards new annual peaks each summer."
1978-08-31,"Traffic volume is expected to continue its strong annual seasonality, declining towards winter lows before rising to new yearly peaks, driven by a consistent underlying upward trend. This pattern will result in overall higher traffic levels over the next 18 months, maintaining significant seasonal volatility."
1978-09-30,"Traffic:OT is projected to maintain its robust upward trajectory over the next 18 months, characterized by increasing annual peaks and troughs. This will be accompanied by significant seasonal volatility, with values declining sharply in late autumn and winter before strong resurgence through spring and summer."
1978-10-31,"Traffic will follow its established strong annual seasonality, with values declining into the upcoming winter before rising to new summer peaks in 1979 and 1980, driven by the persistent underlying growth trend. Significant volatility will persist, characterized by substantial monthly fluctuations between seasonal lows and highs."
1978-11-30,"The ""Traffic:OT"" is expected to continue its strong upward trend over the next 18 months, maintaining pronounced annual seasonality with summer peaks and winter troughs. This trajectory is primarily driven by inherent seasonal patterns and underlying growth, with no significant external risks or drivers currently apparent."
1978-12-31,"The Traffic:OT metric is projected to continue its robust upward trend over the next 18 months, maintaining its strong annual seasonal pattern with summer peaks and winter troughs. This consistent growth and cyclical fluctuation are the primary drivers, with no apparent external risks."
1979-01-31,"Traffic volume is anticipated to continue its established strong annual seasonal pattern, characterized by significant increases from the current winter low into the summer peaks, followed by a decline into the subsequent winter. The overall trajectory suggests a moderate year-over-year growth, with sustained high volatility driven by these pronounced seasonal fluctuations."
1979-02-28,"Traffic:OT is projected to maintain its upward trajectory over the next 18 months, characterized by strong annual seasonality that will drive progressively higher summer peaks and winter troughs. Significant monthly fluctuations are expected to persist as this pattern continues."
1979-03-31,"The forecast anticipates a continuation of the strong annual seasonal pattern, with traffic peaking in summer and declining to winter lows, particularly in January and February. This seasonal fluctuation will occur atop a persistent underlying upward trend, leading to generally higher traffic volumes over the next 18 months, with potentially increasing amplitude in the seasonal swings."
1979-04-30,"Traffic:OT is projected to continue its robust upward trend over the next 18 months, characterized by strong annual seasonality with summer peaks and winter troughs, leading to significant fluctuations within the overall growth. This pattern is driven by consistent year-over-year increases and established monthly traffic cycles."
1979-05-31,"Traffic:OT is projected to maintain its robust upward trend over the next 18 months, characterized by significant annual seasonality with peak activity in summer and lowest levels in winter. However, the recent year-over-year decline observed in May suggests a potential moderation in the overall growth trajectory."
1979-06-30,"Traffic volume will continue to exhibit strong annual seasonality, with peaks in summer and troughs in winter, leading to significant monthly volatility. While the series has shown an underlying upward trend, recent data indicates a reversal in year-over-year growth, suggesting a potential plateau or slight decline in overall traffic levels over the next 18 months, despite the persistent seasonal patterns."
1979-07-31,"The series will continue its pronounced annual seasonality, featuring summer peaks and winter troughs, resulting in high volatility. The overall trend has recently flattened or slightly declined from the 1978 peak levels, indicating future values will likely remain within a similar range."
1979-08-31,"Traffic:OT will continue to exhibit strong annual seasonality, with significant declines during winter months and peaks in summer. After a period of growth, the overall trend has shown a recent flattening or slight reversal, particularly in peak periods, indicating stable to slightly lower traffic levels over the next 18 months."
1979-09-30,"The Traffic:OT series will maintain its strong annual seasonality over the next 18 months, with values consistently peaking in summer and bottoming out in winter. While a slight underlying upward trend has been observed, this growth appears to be stabilizing, indicating future values will primarily be driven by these predictable seasonal cycles."
1979-10-31,"The next 18 months will be characterized by pronounced annual seasonality, driving values down to winter lows before a significant ascent to summer peaks. Despite prior robust growth, the recent trend suggests a moderation or slight reversal, indicating that future peaks will likely stabilize or be slightly lower than previous highs, with overall levels potentially experiencing a gradual decline."
1979-11-30,"Traffic volume will continue to exhibit strong annual seasonality, characterized by significant dips in winter and peaks in summer, ensuring high volatility. While a slight long-term upward trend has been observed, recent data suggests a potential deceleration or plateauing of this growth, with future peak values likely remaining similar to or slightly below recent highs."
1979-12-31,"The next 18 months for ""Traffic:OT"" will be characterized by persistent strong annual seasonality, leading to significant fluctuations with summer peaks and winter troughs. Following a period of growth, the underlying trend has moderated, suggesting traffic levels will generally stabilize around 1979 figures, though a slight downward pressure on overall averages compared to the 1978 peak is a notable risk."
1980-01-31,"The next 18 months will exhibit strong annual seasonality, with traffic volumes peaking in summer and declining in winter. While a modest underlying upward trend is present, the anticipation of the 1981 Air Traffic Controllers' strike poses a significant risk of increased volatility and potential downward pressure on traffic, especially as 1981 approaches."
1980-02-29,"Traffic:OT is expected to continue its strong annual seasonal pattern, with volumes increasing from spring to summer peaks and decreasing through autumn and winter lows. A significant disruption and increased volatility are anticipated in the latter half of the forecast period due to the impending 1981 Air Traffic Controllers' strike."
1980-03-31,"The forecast anticipates a continuation of strong monthly seasonality, with traffic volumes peaking in summer and declining in winter. The underlying trend shows signs of stagnation or slight decline, and the anticipated 1981 Air Traffic Controllers' strike poses a significant risk for increased volatility and potential downward pressure on traffic volumes, particularly in the latter part of the forecast period."
1980-04-30,"The forecast for Traffic:OT indicates a continuation of strong annual seasonality, with peaks in summer and troughs in winter. While the underlying trend has recently shown some softening, it is expected to stabilize or moderately increase over the next 18 months, driven by shifts from rail transport and a potential surge in non-air traffic during the anticipated 1981 Air Traffic Controllers' strike."
1980-05-31,"The series will likely continue its strong annual seasonality with summer peaks and winter lows, exhibiting consistent volatility. A significant increase in traffic volume is expected around mid-1981, driven by the anticipated Air Traffic Controllers' strike which will likely divert travel to alternative modes."
1980-06-30,"Traffic volumes are expected to continue exhibiting strong annual seasonality, with summer peaks and winter troughs, though recent summer peaks show a slight softening trend. This pattern will be subject to high seasonal volatility, with a significant downside risk emerging in 1981 due to the anticipated Air Traffic Controllers' strike, which is likely to cause a substantial, temporary decline in overall traffic."
1980-07-31,"Traffic:OT is expected to maintain its strong annual seasonality over the next 18 months, peaking in summer and dipping in winter. An underlying upward pressure on traffic volume is anticipated from rail network reductions, with the impending 1981 Air Traffic Controllers' strike posing a significant risk for increased volatility and shifts in traffic patterns."
1980-08-31,"Traffic volume will continue to exhibit strong annual seasonality, with summer peaks and winter troughs, while the overall trend suggests a slight downward pressure on traffic levels, particularly during peak periods. The anticipated 1981 Air Traffic Controllers' strike poses a significant risk for increased volatility and potential shifts in traffic patterns during the latter half of the forecast period."
1980-09-30,"""Traffic:OT"" is expected to continue its strong annual seasonal pattern, with peaks in summer and troughs in winter, showing high volatility. The underlying trend appears relatively stable, but the anticipation and potential occurrence of the 1981 Air Traffic Controllers' strike will be a major driver, likely shifting demand to other traffic modes and introducing substantial uncertainty and volatility throughout the forecast period."
1980-10-31,"Traffic volumes are projected to maintain their strong annual seasonality, characterized by lower activity in winter and higher levels in summer. A significant upward pressure on traffic is anticipated, especially in 1981, driven by the expected Air Traffic Controllers' strike potentially redirecting travelers to other transport modes and the ongoing impact of rail network changes."
1980-11-30,"Traffic volumes will continue to exhibit strong monthly seasonality, with significant dips in winter and peaks in summer. However, a slight underlying downward trend is expected to reverse from mid-1981 due to the anticipated Air Traffic Controllers' strike, which will likely divert travelers to road transport, leading to increased overall traffic and sustained high demand."
1980-12-31,"Traffic:OT is expected to maintain its strong annual seasonality, with summer peaks and winter troughs. The slight downward trend in peak traffic observed in recent years will likely be interrupted or reversed by increased road traffic volumes due to the anticipated 1981 Air Traffic Controllers' strike, particularly around mid-1981."
1981-01-31,"The next 18 months will primarily exhibit the established annual seasonal pattern, with traffic volumes declining in winter and rising to summer peaks. However, this predictable pattern faces significant disruption from August 1981 onwards due to the anticipated Air Traffic Controllers' strike, which is expected to cause an increase in overall ground traffic volumes as travelers shift from air transportation."
1981-02-28,"Traffic volume will continue to exhibit strong annual seasonality, rising towards summer peaks in July/August and falling to winter lows in January/February. While the underlying trend suggests volumes will remain stable or slightly below the higher levels observed in 1978, the anticipated 1981 Air Traffic Controllers' strike presents a significant upside risk, likely causing a surge in road traffic volumes during the latter half of 1981."
1981-03-31,"The forecast for the next 18 months anticipates a continuation of the strong annual seasonal pattern, with traffic volumes peaking in summer and reaching their lowest levels in winter. While recent years showed a slight decline in summer peaks, the upcoming period is expected to see a stabilization or slight upward trend, with the 1981 Air Traffic Controllers' strike in August posing a notable driver that could temporarily elevate ground traffic volumes."
1981-04-30,"Traffic volume is expected to maintain its strong annual seasonality, rising to summer peaks and falling to winter troughs. However, the anticipated 1981 Air Traffic Controllers' strike will be a significant disruptive factor, likely causing a notable reduction in overall traffic volume and increased volatility, especially impacting the summer peak of 1981."
1981-05-31,"Traffic will continue to exhibit strong annual seasonality, with peaks in summer and troughs in winter. A substantial, temporary increase in traffic volumes is highly probable around August 1981 due to the anticipated Air Traffic Controllers' strike, potentially exceeding prior year peaks, while a gradual upward trend is expected thereafter, driven by future development and shifts from other transportation modes, maintaining overall high volatility."
1981-06-30,"""Traffic:OT"" is expected to continue its strong annual seasonality, with volumes peaking in summer and declining in winter. The Air Traffic Controllers' strike in August 1981 is a major driver, anticipated to significantly increase road traffic volumes during the summer and fall of 1981, leading to heightened volatility before seasonal patterns reassert themselves in 1982."
1981-07-31,"The forecast anticipates a continuation of strong annual seasonality, with traffic volumes peaking in summer and reaching troughs in winter. An underlying stable trend is expected, though the 1981 Air Traffic Controllers' strike will likely cause significant disruption and shifts in traffic patterns during the initial forecast period."
1981-08-31,"Traffic:OT is expected to maintain its pronounced annual seasonal pattern, declining into winter and rising through spring to peak in summer, with an underlying modest upward trend. The ongoing Air Traffic Controllers' strike is a significant driver, expected to divert air travel to ground transportation, which will likely lead to higher overall volumes and increased volatility, particularly in the initial forecast months."
1981-09-30,"The Traffic:OT series is expected to continue its strong annual seasonality, with significant peaks in summer months and troughs in winter, maintaining high volatility. The recent national air traffic controllers' strike will be a primary driver, likely diverting travel to ground transportation and thus sustaining or modestly increasing overall traffic volumes over the forecast horizon, especially during traditional peak travel periods."
1981-10-31,"""Traffic:OT"" is expected to maintain its strong annual seasonal pattern, with an underlying upward trend persisting over the next 18 months. The recent air traffic controller strike in September 1981 is a key driver, likely contributing to sustained higher ground traffic volumes as travel patterns adapt."
1981-11-30,"The traffic volume is expected to continue its strong annual seasonal pattern, with predictable declines in winter months and peaks during the summer, maintaining its historical volatility. An underlying slight upward trend is anticipated to persist, with potential for sustained or slightly elevated volumes in road traffic due to the ongoing impact of the 1981 Air Traffic Controllers' strike and associated flight restrictions."
1981-12-31,"Traffic volume is expected to continue its strong annual seasonal pattern, peaking in summer months and declining in winter. An underlying modest upward trend is anticipated to persist, potentially influenced by ongoing adjustments in travel patterns following the 1981 air traffic controller strike and broader economic conditions."
1982-01-31,"Traffic volume will continue to exhibit strong annual seasonality, rising from winter lows to summer peaks before declining again, with high overall volatility. The lingering effects of the 1981 air traffic controllers' strike and broader economic factors, such as reduced imports, are expected to temper growth, leading to a period of slight stagnation or modest decline in overall traffic levels over the next 18 months."
1982-02-28,"Traffic volume is forecast to maintain its strong annual seasonality, with increases towards summer peaks and decreases to winter troughs. Overall levels are expected to remain relatively flat or slightly subdued compared to prior years, primarily influenced by the ongoing impact of the 1981 air traffic controller strike, flight restrictions, and reduced imports, while exhibiting consistent seasonal volatility."
1982-03-31,"Traffic volume will continue to exhibit strong annual seasonality, with significant increases through spring and summer leading to mid-year peaks, followed by declines into winter. The overall trend is expected to show stable to slightly increasing traffic levels, driven by general economic activity and potentially influenced by ongoing adjustments from the 1981 air traffic control strike."
1982-04-30,"Traffic:OT is forecast to maintain its strong annual seasonal pattern over the next 18 months, with significant increases towards summer peaks and declines to winter troughs. The underlying trend appears generally stable to slightly upward, particularly for peak values, while the series demonstrates resilience to localized disruptions."
1982-05-31,"Traffic:OT is forecast to continue its strong annual seasonal pattern over the next 18 months, with high volatility driven by summer peaks and winter troughs. A slight upward trend in peak volumes is expected, while ongoing localized events, broader economic conditions, and potential lingering effects from the 1981 air traffic controller strike will influence monthly fluctuations."
1982-06-30,"Traffic:OT is expected to continue its strong annual seasonal pattern, with volumes peaking in summer and dipping in winter. The overall trend should remain stable to slightly increasing, potentially influenced by ongoing shifts in travel patterns following the 1981 air traffic control strike."
1982-07-31,"Traffic volume is expected to maintain its strong annual seasonality, with significant peaks in summer months and troughs in winter, while continuing its overall upward trend. This growth is driven by sustained demand, with new record highs anticipated during peak periods, though broader economic shifts or lingering impacts from the 1981 air traffic controller strike could introduce some variability."
1982-08-31,"The ""Traffic:OT"" series is expected to continue its robust upward trend over the next 18 months, maintaining strong annual seasonality with pronounced peaks in summer and troughs in winter. This overall growth is likely driven by sustained economic activity and ongoing developments in transportation infrastructure, while seasonal fluctuations will remain a significant feature."
1982-09-30,"Traffic:OT is expected to maintain its pronounced seasonal pattern over the next 18 months, showing significant intra-year volatility with peaks in summer and troughs in winter. The overall trend will likely continue moderately upward, driven by sustained economic activity and potential shifts in transportation demand."
1982-10-31,"Traffic:OT is expected to continue its robust upward trend over the next 18 months, driven by underlying growth in transportation demand. This will be accompanied by pronounced annual seasonality, featuring lower traffic volumes during winter months and significant peaks in the summer, with consistent volatility reflecting these cyclical patterns."
1982-11-30,"Traffic volume is expected to continue its upward trend over the next 18 months, characterized by strong and potentially increasing seasonal volatility, with significant dips during winter months and pronounced peaks in summer. This growth is primarily driven by general economic activity and increased transportation demand, though localized disruptions such as accidents or severe weather remain potential risks."
1982-12-31,"Traffic volume will continue its strong seasonal pattern, with significant dips in winter months and pronounced peaks during summer. An underlying upward trend is expected to persist, driven by general economic activity, though the recovery in air travel may slightly temper the growth rate of road traffic compared to the immediate post-strike period, maintaining significant overall volatility."
1983-01-31,"Traffic volume will continue its established upward trend, driven by growing demand and infrastructure focus, while maintaining its pronounced seasonal pattern of summer peaks and winter lows. Expect significant year-over-year growth in peak periods, with potential for localized disruptions to introduce temporary volatility."
1983-02-28,"Traffic:OT is forecast to continue its strong annual seasonal pattern, rising towards summer peaks and declining to winter troughs, with a slight underlying upward trend driven by growing demand and infrastructure focus. Volatility will primarily be seasonal, though temporary disruptions from geopolitical events like war-related convoys or severe weather present notable risks."
1983-03-31,"Traffic is expected to continue its pronounced seasonal pattern, with significant increases during summer peaks and notable declines in winter months, while exhibiting a modest upward trend overall. This strong seasonality will drive high volatility, with general economic activity, tourism, and ongoing transportation infrastructure developments acting as key drivers, though economic downturns or widespread disruptions present potential risks."
1983-04-30,"The overall traffic volume is expected to continue its upward trend, characterized by strong annual seasonality with peaks during summer months and troughs in winter. This persistent growth is primarily driven by general economic activity and increased trade, though localized disruptions or regulatory changes may introduce short-term fluctuations."
1983-05-31,"Traffic:OT is projected to continue its strong upward trend over the next 18 months, maintaining its pronounced annual seasonality with peaks in summer and troughs in winter. This growth is primarily driven by increasing transportation demand and ongoing infrastructure development, though localized events or broader economic shifts could introduce short-term volatility."
1983-06-30,"Traffic volume is expected to continue its upward trend over the next 18 months, driven by growing demand for services and ongoing infrastructure development, likely leading to increased congestion. This will be accompanied by significant annual seasonality, with pronounced summer peaks and winter troughs, and a persistent risk of localized disruptions from weather events or accidents contributing to high short-term volatility."
1983-07-31,"Traffic volumes are expected to continue their strong upward trend over the next 18 months, driven by sustained demand and infrastructure focus, while exhibiting pronounced annual seasonality with summer peaks and winter troughs. This will maintain high seasonal volatility, with potential localized disruptions from severe weather or accidents posing the main risks."
1983-08-31,"Traffic volumes are forecast to maintain their strong seasonal pattern, with declines into winter and rises to new annual peaks in summer, reflecting a continued overall upward trend. This growth is supported by ongoing economic activity and infrastructure development, though persistent congestion and potential economic headwinds may introduce volatility."
1983-09-30,"Traffic volumes are expected to continue their strong annual seasonal pattern, declining into the winter months before rising to new summer peaks in 1984 and 1985. An underlying upward trend in overall traffic is projected to persist, driven by growing demand and infrastructure development, with potential for volatility from unforeseen events or economic shifts."
1983-10-31,"Traffic volume is forecast to continue its strong upward trend over the next 18 months, characterized by significant annual seasonality with peaks in summer and troughs in early winter. This growth is primarily driven by increasing demand and ongoing focus on transportation infrastructure, though localized efforts to manage congestion or broader economic shifts could introduce some volatility."
1983-11-30,"Traffic volume is expected to maintain its upward trend over the next 18 months, characterized by strong annual seasonality with summer peaks and winter lows. This growth is supported by continued focus on transportation infrastructure, with overall volatility primarily reflecting these consistent seasonal shifts."
1983-12-31,"Traffic:OT is forecast to maintain its strong upward trajectory over the next 18 months, driven by sustained overall transportation volume growth and ongoing infrastructure development. Expect significant seasonal volatility, with traffic peaking in summer and declining in winter, though the underlying growth trend remains resilient against localized disruptions."
1984-01-31,"Traffic volume is expected to continue its upward trend over the next 18 months, driven by ongoing economic activity and infrastructure development, consistent with the significant growth observed in 1983. This growth will be superimposed on a strong and predictable annual seasonal pattern, with lower volumes in winter and higher volumes in summer, though short-term volatility from disruptive events remains a possibility."
1984-02-29,"Traffic volume is projected to maintain its robust upward trajectory over the next 18 months, largely propelled by the sustained expansion in overall transportation activity. This growth will be characterized by pronounced annual seasonality, with volumes consistently escalating towards new summer peaks and receding to elevated winter troughs."
1984-03-31,"Traffic volume is projected to maintain its upward trajectory over the next 18 months, characterized by significant seasonal peaks in summer and troughs in winter, reflecting the strong growth seen in 1983. While overall demand remains high, localized disruptions from severe weather or major events pose a notable risk to traffic flow."
1984-04-30,"Traffic volume is expected to continue its robust upward trend over the next 18 months, driven by sustained growth in overall transportation activity. Significant seasonal fluctuations will persist, with volumes peaking in summer and declining in winter, maintaining a high level of volatility."
1984-05-31,"Traffic volume is forecast to continue its consistent upward trend over the next 18 months, primarily driven by increasing demand for travel and overall transportation activity. This growth will feature pronounced seasonal fluctuations, with volumes peaking in the summer and experiencing significant dips in the winter."
1984-06-30,"Traffic volume is projected to continue its strong upward trend over the next 18 months, characterized by significant annual seasonality with summer peaks and winter troughs. This sustained growth, driven by increasing travel demand and economic activity, will likely exacerbate congestion, as indicated by recent record traffic jams."
1984-07-31,"Traffic volumes are expected to continue their strong upward trend, driven by increasing transportation demand and economic activity. This growth will be accompanied by significant annual seasonality, with peaks during summer months and troughs in winter, maintaining high volatility throughout the forecast period."
1984-08-31,"Traffic volume is projected to maintain its robust upward trend over the next 18 months, driven by sustained transportation demand and ongoing infrastructure development. This will occur alongside pronounced annual seasonality, featuring summer peaks and winter lows, with increasing congestion posing a notable risk."
1984-09-30,"Traffic volume is projected to maintain its strong upward trend over the next 18 months, driven by increasing demand for transportation and continued focus on infrastructure. Expect significant seasonal volatility, with peaks in summer and troughs in winter, consistent with historical patterns."
1984-10-31,"The forecast anticipates continued strong growth in traffic volume, maintaining the pronounced annual seasonality with summer peaks and winter troughs. This upward trend is driven by increasing demand for travel and transportation, ongoing infrastructure development, and overall economic activity, though temporary disruptions from severe weather or major incidents remain a risk."
1984-11-30,"Traffic volume is forecast to maintain its strong upward trend over the next 18 months, characterized by significant annual seasonality with summer peaks and winter lows. The primary driver is sustained demand for travel and transportation, but increasing congestion and potential disruptions from severe weather or accidents pose notable risks to traffic flow."
1984-12-31,"Traffic volume is forecast to continue its upward trend over the next 18 months, exhibiting strong annual seasonality with summer peaks and winter troughs. While localized disruptions and rising transportation costs may introduce some volatility, the overall growth is expected to persist, driven by sustained demand and ongoing transportation activity."
1985-01-31,"Traffic volume is expected to continue its established annual seasonal pattern, peaking in summer months and dipping in winter, while maintaining a gradual year-over-year upward trend. This growth is primarily driven by ongoing economic activity and transportation infrastructure development, though localized disruptions from weather or specific events remain potential risks."
1985-02-28,"Traffic volume is expected to rebound from its current seasonal low, following a consistent annual pattern of increasing through spring and summer, peaking, and then declining into winter, repeating this cycle over the next 18 months. This seasonal fluctuation will occur within an overall upward trend in traffic volume, primarily driven by ongoing transportation infrastructure development and general economic activity, though rising oil prices present a potential risk to sustained growth."
1985-03-31,"Traffic:OT is forecast to maintain its robust upward trend over the next 18 months, exhibiting strong annual seasonality with summer peaks and winter troughs, and increasing absolute volatility. This growth is primarily driven by sustained increases in overall transportation volume, though rising oil prices present a notable downside risk."
1985-04-30,"Overall traffic volume is expected to maintain its consistent upward trend over the next 18 months, characterized by significant annual seasonality with summer peaks and winter troughs. This growth, driven by increasing demand, will likely lead to continued congestion and potential disruptions, which remain key risks for the period."
1985-05-31,"Traffic volume is forecast to maintain its strong upward trend over the next 18 months, propelled by continued economic strength and anticipated increases in overall transportation activity, while exhibiting pronounced seasonal peaks in summer and troughs in winter. Rising transportation costs, however, pose a notable risk that could temper the rate of growth."
1985-06-30,"Traffic:OT is expected to continue its upward trend over the next 18 months, driven by sustained economic strength and increasing travel demand. This growth will be characterized by strong annual seasonality, with peaks in summer and troughs in winter, and a persistent risk of localized disruptions from congestion or external events."
1985-07-31,"Traffic volume is projected to continue its strong annual seasonality, experiencing a decline into the upcoming autumn and winter months before rebounding to new summer peaks, sustaining the observed upward trend. This growth is underpinned by economic strength and ongoing transportation infrastructure development, with potential for volatility from unforeseen disruptions or shifts in economic conditions."
1985-08-31,"Traffic volume is expected to continue its strong upward trend over the next 18 months, maintaining its pronounced annual seasonality with peaks in summer and troughs in winter. This growth, driven by economic strength and increasing travel demand, will be accompanied by significant seasonal volatility."
1985-09-30,"Traffic volume is expected to continue its upward trend over the next 18 months, driven by sustained demand and economic strength, likely leading to increased congestion. This growth will be characterized by persistent strong seasonal patterns, with significant peaks during summer and declines in winter."
1985-10-31,"Traffic volume is forecast to continue its consistent upward trend over the next 18 months, maintaining a pronounced annual seasonality with winter dips and summer peaks, driven by sustained economic strength despite persistent congestion challenges."
1985-11-30,"Traffic volume is forecast to continue its robust upward trend over the next 18 months, driven by economic strength and increasing demand for transportation services, while maintaining its pronounced seasonal pattern of summer peaks and winter lows. Persistent congestion will remain a significant operational challenge."
1985-12-31,"Traffic:OT is expected to continue its pronounced annual seasonality, with lower volumes in winter and higher volumes in summer. An underlying moderate upward trend will persist over the next 18 months, fueled by continued demand for transportation and government focus on infrastructure, maintaining significant monthly volatility due to the strong seasonal cycle."
1986-01-31,"Traffic volumes are expected to continue their established upward trend over the next 18 months, maintaining a strong annual seasonal pattern with summer peaks and winter lows. This growth will be driven by increasing transportation demand and economic strength, though significant monthly volatility and potential congestion risks will persist."
1986-02-28,"Traffic:OT is expected to maintain its robust upward trend over the next 18 months, driven by continued economic strength and ongoing policy support for travel. The pronounced annual seasonality will persist, with significant fluctuations between summer peaks and winter lows."
1986-03-31,"Overall traffic volumes are projected to continue their consistent upward trend over the next 18 months, characterized by strong seasonal fluctuations with pronounced summer peaks and winter troughs. This sustained growth is primarily fueled by ongoing economic strength and supportive transportation policies, despite localized congestion challenges."
1986-04-30,"The forecast anticipates a continuation of the moderate upward trend in traffic volume, driven by ongoing economic strength and infrastructure improvements. Strong seasonal fluctuations will persist, with traffic peaking in the summer months and declining during winter. Persistent congestion remains a notable risk, potentially limiting growth in high-demand periods."
1986-05-31,"Traffic volumes are expected to maintain their upward trajectory over the next 18 months, primarily driven by sustained economic strength and ongoing infrastructure improvements. This will be characterized by significant annual seasonality, with peaks in summer and troughs in winter, ensuring continued high month-to-month volatility."
1986-06-30,"Overall traffic volumes will continue their gradual upward trend over the next 18 months, maintaining significant seasonal fluctuations with peaks during summer and troughs in winter. This growth is driven by ongoing infrastructure development and an expanding aviation industry, though local planning initiatives could introduce localized shifts in volume."
1986-07-31,"Traffic volume is forecast to continue its strong upward trend over the next 18 months, driven by ongoing population growth, economic activity, and development. This will be accompanied by pronounced annual seasonality, featuring significant summer peaks and winter troughs, with the magnitude of these fluctuations increasing as the overall trend rises."
1986-08-31,"Traffic volume is projected to maintain its strong upward trajectory over the next 18 months, characterized by pronounced annual seasonality with peaks in summer and troughs in winter. This growth is primarily fueled by sustained economic expansion and population increases, which are also contributing to worsening congestion."
1986-09-30,"Traffic volume is expected to continue its consistent upward trend over the next 18 months, maintaining strong annual seasonality with significant dips in winter months and peaks during summer. This pattern of pronounced seasonal fluctuations will persist, driven by ongoing economic expansion, population growth, and increasing commercial and air traffic activity."
1986-10-31,"Traffic volume is anticipated to continue its strong upward trajectory over the next 18 months, exhibiting pronounced annual seasonality with lower volumes in winter and higher volumes peaking in summer. This consistent growth, along with the significant seasonal fluctuations, will be primarily driven by ongoing economic activity, population expansion, and infrastructure development."
1986-11-30,"Traffic volume is expected to continue its upward trend over the next 18 months, driven by ongoing population growth, economic activity, and infrastructure development. This growth will be accompanied by significant seasonal fluctuations, with summer peaks and winter lows, while increasing congestion remains a notable risk."
1986-12-31,"The ""Traffic:OT"" series is projected to maintain its strong annual seasonality, with volumes peaking during summer months and declining in winter. An underlying upward trend is expected to continue, driven by ongoing population growth, economic activity, and increasing travel demand, leading to higher overall traffic volumes year-over-year."
1987-01-31,"Overall traffic volume is forecast to continue its robust upward trend over the next 18 months, driven by sustained economic activity, population growth, and an anticipated major expansion in air traffic. This period will also exhibit persistent strong annual seasonality, with significant summer peaks and winter troughs, and volatility is expected to increase as volumes grow."
1987-02-28,"Traffic volume is projected to maintain its robust upward trend over the next 18 months, characterized by significant annual seasonal volatility with summer peaks and winter troughs. This sustained growth is primarily driven by ongoing economic expansion, population increases, and a notable expansion in air traffic volume."
1987-03-31,"Traffic is forecast to maintain its strong annual seasonal pattern, peaking in summer and dipping in winter, while exhibiting a continued upward trend over the next 18 months. This growth is primarily driven by sustained economic activity, population expansion, and increasing commercial and air travel, though persistent congestion remains a notable challenge."
1987-04-30,"The ""Traffic:OT"" is forecast to continue its robust upward trend over the next 18 months, maintaining its strong annual seasonality with summer peaks and winter troughs. This sustained growth is primarily driven by ongoing economic expansion and increased commercial activity, though the accelerating rate of traffic volume growth relative to infrastructure development suggests worsening congestion will be a persistent challenge."
1987-05-31,"Traffic:OT is projected to maintain its pronounced annual seasonality over the next 18 months, with volumes peaking in late summer and declining to their lowest levels in late winter. An underlying upward trend in overall traffic volume is expected to persist, driven by continued economic activity, population growth, and infrastructure development, leading to generally higher values with significant seasonal volatility."
1987-06-30,"The overall traffic volume is expected to continue its upward trend over the next 18 months, driven by sustained population growth, economic activity, and expansion across transportation sectors. This will be accompanied by pronounced annual seasonal fluctuations, with summer peaks and winter troughs, and a persistent risk of worsening congestion as traffic growth outpaces infrastructure development."
1987-07-31,"The ""Traffic:OT"" is projected to continue its consistent upward trend over the next 18 months, maintaining a strong annual seasonal pattern with peaks in summer and troughs in winter. This growth is primarily driven by ongoing population expansion, economic activity, and increasing air and road traffic, which are expected to lead to higher overall traffic volumes and potentially increased congestion."
1987-08-31,"Traffic volumes are forecast to maintain their robust upward trend over the next 18 months, propelled by sustained economic activity and increasing demand for both road and air transportation. This growth will be characterized by pronounced annual seasonality, with volumes peaking in late summer and declining during winter months."
1987-09-30,"Traffic:OT is expected to continue its strong upward trend over the next 18 months, maintaining significant annual seasonality with summer peaks and winter lows, resulting in high month-to-month volatility. This growth is primarily driven by sustained economic expansion, population increases, and ongoing developments in transportation infrastructure and aviation, though increasing congestion poses a notable risk."
1987-10-31,"The ""Traffic:OT"" series is forecast to continue its robust upward trend over the next 18 months, driven by sustained economic activity and increasing travel demand, while exhibiting its characteristic strong annual seasonality with summer peaks and winter troughs. Volatility will remain high due to these seasonal fluctuations, and while increasing congestion is a noted factor, it is not expected to significantly deter the overall growth trajectory."
1987-11-30,"Traffic volume will continue its upward trend through the forecast horizon, driven by economic growth and population development. Expect significant annual seasonality, with summer peaks and winter troughs, maintaining high volatility, which will likely exacerbate congestion."
1987-12-31,"Traffic volumes are forecast to continue their robust upward trend over the next 18 months, primarily fueled by sustained economic growth, population increases, and ongoing infrastructure development. Expect the established seasonal pattern of lower winter traffic and higher summer peaks to persist, contributing to predictable intra-year volatility."
1988-01-31,"Traffic volume is forecast to continue its strong upward trend over the next 18 months, reaching new annual peaks during the summer periods, driven by ongoing economic growth and urban development. This growth will be accompanied by persistent and significant annual seasonality, with lower volumes in winter and higher in summer, potentially leading to increased congestion."
1988-02-29,"Traffic volume is expected to continue its upward trend over the next 18 months, driven by sustained economic growth and ongoing infrastructure development. This will be accompanied by persistent strong annual seasonality, with significant increases during the spring and summer months and subsequent declines in fall and winter."
1988-03-31,"Traffic volumes are projected to continue their consistent year-over-year growth over the next 18 months, maintaining a pronounced seasonal pattern with higher volumes during summer and lower during winter. This sustained increase is primarily fueled by ongoing economic strength, population growth, and commercial activity, which will likely intensify existing congestion challenges."
1988-04-30,"Traffic:OT is projected to continue its moderate upward trend over the next 18 months, primarily driven by sustained economic activity and increasing demand on transportation infrastructure. This growth will be accompanied by strong annual seasonality, with volumes peaking in summer and reaching their lowest levels in winter."
1988-05-31,"The forecast indicates a continuation of the strong annual seasonal pattern, with traffic volumes peaking in the summer months and dipping in winter. An underlying upward trend is expected to persist over the next 18 months, driven by ongoing economic growth, population increases, and developments in commercial travel and infrastructure, leading to generally higher traffic levels year-over-year."
1988-06-30,"Overall traffic volume is expected to continue its consistent upward trend over the next 18 months, driven by ongoing population growth, economic expansion, and increased development. This growth will maintain a strong annual seasonality, with higher traffic volumes anticipated during the summer and fall periods and lower levels in winter and early spring."
1988-07-31,"Traffic volume is forecast to maintain its strong upward trajectory over the next 18 months, continuing the established annual seasonal pattern of summer peaks and winter troughs. This growth is primarily driven by sustained economic and population expansion, with increasing congestion posing a notable risk to traffic flow."
1988-08-31,"The ""Traffic:OT"" series will maintain its clear upward trend over the next 18 months, propelled by sustained economic growth and ongoing development, leading to higher annual peaks and troughs. Significant seasonal volatility will continue, with traffic volumes reaching new record highs during summer months and declining in winter, indicating persistent and growing congestion."
1988-09-30,"""Traffic:OT"" is expected to continue its robust upward trend over the next 18 months, driven by ongoing population growth, economic expansion, and increased commercial and tourism activity. The series will maintain its strong annual seasonality, with lower volumes in winter months and higher volumes during summer, while facing persistent risks of increasing congestion due to infrastructure not keeping pace."
1988-10-31,"Traffic:OT is projected to maintain its strong upward trajectory over the next 18 months, primarily fueled by sustained population growth, economic expansion, and tourism. This growth will continue to exhibit a significant seasonal pattern, with peak volumes expected in the summer and lower levels during winter, while increasing congestion remains a long-term concern for infrastructure capacity."
1988-11-30,"Overall traffic volume is expected to continue its upward trajectory, maintaining strong annual seasonality with peaks in summer and troughs in winter. This growth is primarily driven by ongoing economic expansion, population increases, and development, with consistent seasonal volatility observed."
1988-12-31,"""Traffic:OT"" volumes are expected to continue their upward trajectory over the next 18 months, driven by sustained economic growth, population increases, and ongoing development. This general increase will be overlaid by a strong and consistent seasonal pattern, with volumes typically lower in winter and peaking during the summer months."
1989-01-31,"Traffic volumes are projected to continue their upward trajectory over the next 18 months, maintaining a strong annual seasonal pattern with peaks in summer and troughs in winter. This overall growth is primarily driven by ongoing economic expansion and urban development, ensuring significant monthly volatility due to these pronounced seasonal shifts."
1989-02-28,"Traffic:OT will experience continued growth over the next 18 months, maintaining its strong annual seasonality with pronounced summer peaks and winter troughs. The overall trend remains upward, driven by ongoing population and economic expansion, leading to higher traffic volumes and sustained volatility across the seasonal cycle."
1989-03-31,"Traffic:OT is expected to continue its upward trend over the next 18 months, driven by ongoing population growth and development, while maintaining its established seasonal pattern of summer peaks and winter lows. However, the recent Exxon Valdez oil spill poses a significant risk, likely causing a temporary dampening or localized decline in traffic volumes due to disruptions in commercial and logistical operations."
1989-04-30,"Traffic volumes are projected to continue their upward trend over the next 18 months, propelled by sustained population growth, economic activity, and expanding air travel, while maintaining a clear annual seasonal pattern with summer peaks and winter troughs. Although recent events like the Exxon Valdez oil spill and potential air traffic control issues may introduce localized disruptions and some volatility, the overarching growth trajectory is expected to persist."
1989-05-31,"Overall traffic volume is forecast to continue its strong upward trend over the next 18 months, propelled by sustained population growth and economic activity. This growth will be characterized by significant annual seasonality, with peak traffic in summer and lowest volumes in winter, maintaining historical volatility despite potential localized disruptions."
1989-06-30,"Traffic volumes are projected to continue their upward trend over the next 18 months, primarily driven by sustained population growth and economic activity. A strong annual seasonal pattern will persist, featuring summer peaks and winter troughs, with moderate volatility; temporary disruptions from specific events will cause minor fluctuations but are not expected to alter the overall increasing trajectory."
1989-07-31,"Traffic volume is expected to continue its established upward trend over the next 18 months, driven by ongoing growth in commercial activity and urbanization. This growth will be accompanied by persistent seasonal volatility, with traffic typically lower in winter and peaking during summer periods."
1989-08-31,"Traffic volume is forecast to continue its strong upward trend over the next 18 months, characterized by significant annual seasonality with winter lows and summer peaks. This growth is primarily driven by ongoing economic activity and seasonal travel, with underlying demand proving resilient to localized disruptions."
1989-09-30,"""Traffic:OT"" is expected to continue its overall upward trend, driven by sustained economic growth and increasing transportation demand. This growth will be accompanied by significant annual seasonality, characterized by strong increases through spring and summer, peaking around August, followed by notable declines in late fall and winter months."
1989-10-31,"Traffic:OT is forecast to continue its steady upward trend over the next 18 months, maintaining a strong annual seasonal pattern with higher volumes in summer and lower in winter. This growth is driven by ongoing economic activity and increasing transportation demands, with localized events potentially causing temporary, minor fluctuations."
1989-11-30,"Traffic volume will continue its upward trend over the next 18 months, exhibiting a pronounced seasonal pattern with higher volumes in summer and lower in winter. Temporary disruptions from incidents or severe weather will introduce volatility, but overall growth will be driven by ongoing economic activity and population increases."
1989-12-31,"Traffic:OT is projected to continue its strong upward trend over the next 18 months, maintaining significant seasonal volatility with annual peaks during the summer and troughs in the winter. This growth is primarily driven by ongoing economic expansion and increasing urbanization, though localized disruptions could introduce temporary fluctuations."
1990-01-31,"Traffic volume is forecast to maintain its robust upward trajectory over the next 18 months, propelled by ongoing economic growth and rising travel demand. This growth will be punctuated by significant seasonal fluctuations, with volumes consistently dipping in winter and peaking during summer months."
1990-02-28,"Traffic:OT is projected to continue its robust upward trend over the next 18 months, maintaining its established seasonal pattern of summer peaks and winter troughs. This persistent growth, driven by economic expansion and urbanization, will likely result in increasing seasonal volatility, with potential for localized disruptions from events like the recent Exxon Valdez oil spill."
1990-03-31,"Traffic:OT is expected to continue its strong upward trend over the next 18 months, driven by sustained growth and development, while maintaining its pronounced annual seasonality with summer peaks and winter troughs. The series will exhibit significant volatility reflecting these seasonal swings, with localized disruptions unlikely to alter the overall increasing trajectory."
1990-04-30,"Traffic volume is expected to continue its consistent upward trend over the next 18 months, maintaining its strong annual seasonality with peaks in summer and troughs in winter. This growth is primarily driven by increasing travel demand and ongoing economic activity, despite potential localized disruptions from accidents or environmental events."
1990-05-31,"Traffic volume is expected to continue its robust upward trend over the next 18 months, maintaining a strong seasonal pattern with peak volumes in summer and lower activity in winter. This growth is primarily driven by increasing travel demand and ongoing infrastructure development, with localized events potentially causing temporary fluctuations."
1990-06-30,"The forecast for Traffic:OT indicates a continued upward trend over the next 18 months, driven by factors such as sustained economic growth, increasing urban traffic, and ongoing development. This growth will be overlaid with a strong and consistent annual seasonality, featuring peaks during the summer months and dips in the winter, with seasonal volatility likely increasing slightly in magnitude."
1990-07-31,"Traffic volume is projected to maintain its consistent upward trend over the next 18 months, characterized by strong annual seasonality with peaks in summer and troughs in winter. This growth is primarily driven by sustained economic activity and increasing urbanization, though localized events may introduce temporary fluctuations."
1990-08-31,"Traffic:OT is projected to maintain its strong upward trend over the next 18 months, exhibiting pronounced annual seasonality with values peaking in summer and declining in winter. This growth is primarily driven by increasing travel demand and economic activity, though high monthly volatility and localized disruptions remain inherent characteristics."
1990-09-30,"Traffic volume is forecast to continue its upward trajectory over the next 18 months, exhibiting strong annual seasonality with pronounced summer peaks and winter troughs. The primary drivers are sustained economic growth and increasing travel demand, though localized disruptions from severe weather or unforeseen events present ongoing risks to this trend."
1990-10-31,"Overall traffic volume is forecast to continue its upward trend over the next 18 months, maintaining its strong annual seasonality with summer peaks and winter troughs. While general growth in travel demand and ongoing infrastructure planning will drive this increase, potential regulatory actions or localized disruptions could introduce minor volatility."
1990-11-30,"Traffic volume is forecast to continue its upward trajectory over the next 18 months, primarily driven by sustained growth in urban and highway usage. Expect pronounced annual seasonality, with volumes consistently peaking during summer months and experiencing significant dips in winter, while remaining susceptible to volatility from external factors such as natural disasters, major accidents, and regulatory shifts."
1990-12-31,"Traffic:OT is expected to continue its strong annual seasonal pattern over the next 18 months, with volumes peaking in summer and bottoming in winter. An underlying gradual upward trend in overall traffic volume is anticipated, maintaining high monthly volatility due to these pronounced seasonal fluctuations, driven by ongoing growth and infrastructure management efforts."
1991-01-31,"Traffic volume is projected to continue its upward trajectory over the next 18 months, maintaining its established annual seasonality with higher summer peaks and winter troughs, each generally exceeding previous years' levels. This sustained growth is primarily driven by ongoing economic activity and increasing demand, with no apparent systemic risks to this trend."
1991-02-28,"The ""Traffic:OT"" series is expected to continue its strong annual seasonal pattern, with volumes rising through spring to peak in summer and declining to winter troughs. Overall, a gradual upward trend in traffic volume is anticipated, driven by persistent demand and ongoing infrastructure development, maintaining similar intra-year volatility."
1991-03-31,"The next 18 months will exhibit a strong seasonal pattern, with traffic volumes peaking in summer and bottoming out in winter. Following a recent dip likely influenced by the Gulf War, the underlying upward trend is expected to resume, albeit potentially at a more moderate pace, maintaining significant monthly volatility."
1991-04-30,"Traffic:OT will maintain its pronounced annual seasonality, with volumes peaking during summer and declining to winter lows. An underlying upward trend in overall traffic volume is expected to continue, driven by persistent travel demand, though the recent Mount Pinatubo eruption could temper the magnitude of the upcoming 1991 summer peak, especially concerning air travel."
1991-05-31,"Traffic volume is expected to continue its overall upward trajectory over the next 18 months, driven by ongoing demand and economic activity. However, pronounced seasonal patterns will lead to significant volatility, with volumes peaking in the summer and declining during the winter months, and localized disruptions remain a potential risk."
1991-06-30,"Traffic:OT is projected to maintain its upward trajectory over the next 18 months, primarily driven by sustained growth in transportation demand and economic activity, which continues to fuel concerns about increasing traffic volume and congestion. The pronounced annual seasonality will persist, with peak volumes expected in summer and troughs in winter, while localized disruptions or regulatory changes may induce minor, temporary volatility."
1991-07-31,"Traffic:OT is expected to maintain its strong annual seasonal pattern over the next 18 months, with volumes rising towards summer peaks and declining to winter troughs. The overall trend indicates a continued gradual increase in traffic volumes, driven by ongoing transportation development and demand, with consistent seasonal fluctuations."
1991-08-31,"Traffic volumes are forecast to maintain their pronounced annual seasonality, with a general upward trend continuing over the next 18 months, albeit potentially at a slower pace due to existing infrastructure limitations. Volatility will primarily stem from these predictable seasonal fluctuations, with no indications of significant systemic shifts beyond the ongoing challenges of managing increasing congestion."
1991-09-30,"Traffic volume is forecast to continue its moderate upward trend over the next 18 months, exhibiting strong annual seasonality with summer peaks and winter troughs. While overall growth is expected, infrastructure limitations may temper the rate of increase, and localized disruptions remain a persistent risk."
1991-10-31,"Traffic volume is anticipated to maintain its strong annual seasonal pattern, characterized by declines into winter troughs and increases towards summer peaks, though the underlying growth rate is expected to decelerate due to infrastructure constraints. This will result in continued significant month-to-month volatility, with localized disruptions remaining a risk."
1991-11-30,"Traffic volume is anticipated to maintain its strong annual seasonal pattern, peaking in summer and dipping in winter, while exhibiting a modest underlying upward trend over the next 18 months. Significant intra-year volatility will persist, primarily driven by seasonal travel patterns and ongoing urban development contributing to overall traffic growth."
1991-12-31,"Traffic volume is expected to continue its pronounced annual seasonal pattern over the next 18 months, with peaks in summer and troughs in winter. The overall trend projects a slight increase in traffic volume, driven by ongoing growth and infrastructure development, but high seasonal volatility will persist."
1992-01-31,"Traffic volumes are expected to continue their established annual seasonal pattern, rising from winter lows to summer peaks, while maintaining a gradual upward trend. High monthly volatility will persist due to these strong seasonal swings, and while overall vehicular traffic continues to increase, infrastructure limitations may temper the growth rate."
1992-02-29,"Traffic volumes are expected to continue their strong annual seasonal pattern, rising through the spring and summer months to reach new peaks, then declining through autumn and winter. This will occur within an ongoing gradual upward trend in overall traffic, driven by general growth and infrastructure development, maintaining consistent seasonal volatility."
1992-03-31,"Traffic:OT is expected to continue its strong annual seasonal pattern, with volumes peaking in summer and dipping in winter, while maintaining a slight overall upward trend. This growth is driven by ongoing transportation demand and economic activity, though unforeseen events like major accidents or natural disruptions pose a risk of short-term volatility."
1992-04-30,"Traffic volume is forecast to continue its upward trajectory over the next 18 months, driven by an ongoing increase in overall travel and transportation demand. Expect pronounced annual seasonality, with significant peaks during summer periods and lower volumes in winter, maintaining the characteristic high volatility of this series."
1992-05-31,"Traffic volume is projected to maintain its consistent upward trend, exhibiting strong annual seasonality with peaks in summer and troughs in winter. This growth is primarily driven by increasing transportation demands and urban development, though temporary disruptions from external events remain a notable risk."
1992-06-30,"Traffic volumes are forecast to maintain their strong annual seasonal pattern, with peaks during summer months and troughs in winter, exhibiting a slight year-over-year growth. The primary drivers will continue to be general travel demand and ongoing infrastructure management, leading to consistent within-year volatility."
1992-07-31,"Traffic volume is forecast to continue its upward trend over the next 18 months, exhibiting strong annual seasonality with higher volumes in late summer and lower volumes in winter. This growth will be accompanied by persistent volatility, driven by ongoing infrastructure challenges, safety regulations, and the potential for external disruptions."
1992-08-31,"Overall traffic volume is forecast to continue its gradual upward trend over the next 18 months, maintaining its pronounced annual seasonality with lower volumes in late winter and higher peaks in late summer. This growth is driven by increasing demand for transportation, necessitating ongoing traffic management and infrastructure development, with potential for temporary localized volatility from external events."
1992-09-30,"The forecast for ""Traffic:OT"" anticipates a continuation of the strong annual seasonal pattern, with traffic volumes declining into winter lows before rebounding to higher summer peaks. An underlying modest upward trend in overall traffic volume is expected to persist, driven by continued growth and infrastructure development, maintaining significant seasonal volatility."
1992-10-31,"The Traffic:OT series is expected to maintain its pronounced annual seasonal pattern, with values decreasing through the winter months before experiencing a strong rebound to new annual highs in the summer. A slight underlying upward trend in overall traffic volume is anticipated to continue, primarily driven by sustained economic activity and population growth, though potential risks include the impact of evolving traffic management policies or major infrastructure disruptions."
1992-11-30,"Traffic volume is projected to maintain its slow upward trend over the next 18 months, characterized by persistent strong annual seasonality with summer peaks and winter troughs. While underlying demand and population growth drive this increase, infrastructure limitations and regulatory scrutiny on traffic safety and emissions pose potential risks to the rate of growth."
1992-12-31,"Traffic volume is projected to maintain its steady upward trajectory over the next 18 months, continuing the trend of increasing US traffic seen since the early 1990s. This growth will be characterized by strong annual seasonality, with significant peaks expected during summer and troughs in winter, leading to notable intra-year volatility."
1993-01-31,"Traffic volume is forecast to continue its upward trajectory over the next 18 months, driven by the established steady increase observed since the early 1990s and recent passenger traffic growth. Expect pronounced seasonal volatility, with summer months seeing peak traffic and winter months experiencing declines, alongside ongoing influences from traffic management initiatives."
1993-02-28,"Overall traffic volume is forecast to continue its steady upward trend over the next 18 months, driven by ongoing economic activity and population growth. This will be characterized by persistent strong annual seasonality, with volumes peaking during summer and dipping in winter, maintaining consistent seasonal volatility."
1993-03-31,"Traffic volume is forecast to maintain its steady upward trend over the next 18 months, primarily driven by underlying economic activity and infrastructure advancements. This growth will be characterized by significant annual seasonality, with volumes peaking in late summer and declining to winter troughs, ensuring continued high volatility."
1993-04-30,"Traffic:OT is projected to maintain its consistent upward trend over the next 18 months, driven by increasing transportation activity, while continuing to exhibit significant seasonal volatility with lower volumes in winter and higher volumes during summer periods. Although minor disruptions from severe weather or evolving regulations are possible, the underlying growth in traffic volume is expected to persist."
1993-05-31,"Traffic:OT is projected to continue its pronounced annual seasonality over the next 18 months, with higher volumes expected in summer and lower volumes in winter. An underlying upward trend in overall traffic is anticipated, driven by sustained growth in transportation demand and ongoing infrastructure development. The primary risks to this forecast involve potential disruptions from severe weather events or unforeseen economic shifts."
1993-06-30,"The forecast for Traffic:OT indicates a continued upward trend over the next 18 months, characterized by significant seasonal volatility with peaks in summer and troughs in winter. This growth is primarily driven by ongoing increases in overall traffic volume, though potential infrastructure limitations could temper the rate of expansion."
1993-07-31,"Traffic volume is expected to continue its upward trend over the next 18 months, driven by ongoing economic activity and infrastructure development. This growth will be characterized by significant seasonal fluctuations, with volumes peaking in summer and declining in winter, which will be the primary source of volatility."
1993-08-31,"Traffic volumes are projected to maintain their consistent upward trend over the next 18 months, primarily driven by escalating travel demand and ongoing transportation infrastructure initiatives. This period will continue to exhibit significant seasonal volatility, with volumes peaking in the summer and declining during winter."
1993-09-30,"The forecast indicates a continuation of the strong annual seasonality, with traffic volumes expected to decline into the winter months before steadily increasing through spring and summer, reaching new peaks. This pattern will repeat over the next 18 months, driven by escalating travel demand and ongoing infrastructure development, resulting in an overall upward trend in traffic volume."
1993-10-31,"Traffic volume is forecast to continue its robust upward trend over the next 18 months, driven by escalating travel demand and infrastructure developments, while maintaining its consistent annual seasonal pattern of lower winter and higher summer volumes. Volatility is expected to remain stable, with no major risks identified that would significantly alter this growth trajectory."
1993-11-30,"Traffic:OT volumes are expected to continue their moderate upward trend over the next 18 months, driven by escalating travel demand and general economic activity. This growth will be accompanied by significant seasonal volatility, with volumes consistently peaking during the summer months and dipping during winter."
1993-12-31,"Traffic:OT is expected to continue its moderate upward trend over the next 18 months, maintaining a strong annual seasonal pattern with lower volumes in winter and higher volumes in summer. While occasional external events may introduce temporary fluctuations, the overall growth is driven by escalating travel demand and ongoing economic activity."
1994-01-31,"Traffic volume is forecast to continue its gradual upward trend over the next 18 months, propelled by increasing travel demand and economic activity. Strong seasonal patterns will persist, with higher volumes in summer and lower in winter, while localized events may introduce temporary volatility."
1994-02-28,"Traffic volumes are expected to continue their established upward trend over the next 18 months, driven by persistent increases in vehicular usage and escalating travel demand. This growth will be accompanied by significant seasonal fluctuations, with volumes peaking in summer and declining in winter, and while localized disruptions from unforeseen events may cause temporary volatility, they are unlikely to alter the overall trajectory of increasing traffic and congestion."
1994-03-31,"Traffic volumes are expected to maintain their strong annual seasonality, with peaks during summer and troughs in winter, while exhibiting a slight overall upward trend. This growth will be primarily driven by increasing travel demand and ongoing infrastructure development, with potential for temporary localized disruptions from significant unforeseen events."
1994-04-30,"Traffic:OT is expected to continue its gradual upward trend over the next 18 months, driven by escalating travel demand and ongoing transportation initiatives. This will be accompanied by strong annual seasonality, with traffic volumes peaking significantly during the summer months and reaching their lowest points in the winter. While localized disruptions from events such as natural disasters or labor actions may introduce temporary volatility, the underlying growth pattern and consistent seasonal fluctuations will remain dominant."
1994-05-31,"Traffic volume is expected to continue its gradual upward trend over the next 18 months, characterized by significant annual seasonality with higher volumes during summer and lower volumes in winter. While localized disruptions from external events remain a risk, the primary drivers will be ongoing general traffic growth and infrastructure developments."
1994-06-30,"Traffic volumes are expected to continue their established annual seasonal pattern, peaking in summer and declining in winter, while maintaining a slight upward trend over the next 18 months. This growth is primarily driven by escalating travel demand and ongoing transportation infrastructure developments."
1994-07-31,"Traffic volume is projected to continue its moderate upward trend over the next 18 months, primarily driven by escalating travel demand and economic activity. The strong annual seasonality will persist, with volumes peaking in late summer and declining during winter months, maintaining historical volatility levels."
1994-08-31,"Traffic:OT is forecast to continue its robust upward trend over the next 18 months, maintaining its strong annual seasonality with peaks in summer and troughs in winter. This growth is primarily driven by escalating travel demand and ongoing economic activity, though occasional disruptions from events like natural disasters or strikes could introduce temporary volatility."
1994-09-30,"Traffic volumes will maintain their robust upward trajectory over the next 18 months, propelled by escalating travel demand and continuous infrastructure development. This persistent growth will exhibit strong annual seasonality, with predictable dips in winter and peaks in summer, and potential for increasing amplitude in these seasonal fluctuations."
1994-10-31,"Traffic volumes are expected to continue their consistent upward trend over the next 18 months, strongly influenced by annual seasonality with lower winter volumes and higher summer activity. This growth is primarily driven by escalating travel demand and ongoing infrastructure development, with potential for localized disruptions from severe weather or other events to cause temporary deviations."
1994-11-30,"The traffic volume is forecast to continue its established upward trend over the next 18 months, maintaining strong annual seasonality with peaks in summer and troughs in winter. This persistent growth is driven by increasing travel demand and ongoing economic activity, with no significant risks identified to alter this trajectory."
1994-12-31,"""Traffic:OT"" is expected to continue its gradual upward trend over the next 18 months, maintaining its strong annual seasonality with peaks in summer and troughs in winter, driven by sustained travel demand and economic activity. While monthly volatility will remain high due to seasonal shifts, the overall growth trajectory appears stable, with no immediate major risks indicated to disrupt this pattern."
1995-01-31,"Traffic:OT is projected to continue its robust upward trend over the next 18 months, maintaining its distinct annual seasonality with higher summer peaks and lower winter troughs. This accelerated growth, evident in the recent January 1995 data, is primarily driven by sustained increases in travel demand and general economic activity, indicating a period of elevated traffic volumes with consistent seasonal volatility."
1995-02-28,"Traffic volume is projected to continue its upward trend over the next 18 months, consistently exhibiting strong annual seasonality with higher volumes in summer and lower volumes in early winter. Significant short-term volatility will persist, driven by the impact of severe weather, natural disasters, and ongoing congestion challenges."
1995-03-31,"Traffic volumes are expected to continue their established annual seasonal pattern over the next 18 months, peaking in summer and declining in winter, while maintaining a slight upward trend overall. This persistent increase in travel demand will likely lead to slightly higher annual peaks and troughs, with volatility primarily driven by these strong seasonal shifts."
1995-04-30,"Traffic volume is projected to continue its upward trend over the next 18 months, maintaining strong annual seasonality with peaks in summer and relatively lower volumes in winter. This growth is primarily driven by increasing travel demand and ongoing infrastructure developments, with potential for temporary fluctuations due to unforeseen events."
1995-05-31,"Traffic volume will maintain its strong annual seasonality, with peaks during summer months and dips in winter. A gradual upward trend in overall traffic volume is expected, driven by escalating travel demand and general economic activity, though persistent congestion poses a risk for future growth."
1995-06-30,"Traffic volumes will maintain their strong seasonal pattern over the next 18 months, characterized by summer peaks and winter troughs, alongside a continued gradual upward trend. This persistent growth is primarily fueled by escalating travel demand and ongoing infrastructure developments, though significant seasonal volatility and the potential for temporary localized disruptions will remain."
1995-07-31,"Traffic volume is expected to continue its upward trend over the next 18 months, driven by escalating travel demand and general economic activity. This growth will exhibit strong annual seasonality, with lower volumes during winter and higher volumes during summer, and moderate volatility primarily from these seasonal shifts and potential localized disruptions."
1995-08-31,"The ""Traffic:OT"" series is expected to maintain its clear upward trend over the next 18 months, exhibiting strong and consistent annual seasonality with peaks in summer and troughs in winter. This sustained growth is primarily driven by escalating travel demand, though unforeseen major events could introduce short-term volatility."
1995-09-30,"Traffic volume is projected to continue its steady upward trend, driven by escalating travel demand across the United States. Expect significant seasonal volatility, with traffic typically peaking in summer and declining in late autumn and winter months."
1995-10-31,"Traffic volume is projected to continue its consistent upward trend over the next 18 months, primarily driven by escalating travel demand, and will maintain its strong annual seasonal pattern with lower winter volumes and higher summer peaks. While localized events or severe weather could introduce temporary volatility, the established growth trajectory and seasonal rhythm are expected to be the dominant drivers."
1995-11-30,"Traffic volume is forecast to continue its steady upward trend over the next 18 months, driven by increasing travel demand. This growth will maintain strong annual seasonality, with significant peaks during summer and noticeable declines in winter. While monthly fluctuations will remain substantial, the primary risk to this upward trajectory comes from unpredictable disruptive events, such as severe weather or major incidents, which could cause temporary dips."
1995-12-31,"Traffic:OT is projected to maintain its moderate upward trend over the next 18 months, characterized by persistent seasonal peaks in summer and troughs in winter, reflecting ongoing increases in travel demand. While overall traffic volume is expected to grow, temporary disruptions from severe weather or infrastructure issues remain a notable risk for short-term volatility."
1996-01-31,"Traffic volume is forecast to continue its gradual upward trend over the next 18 months, driven by escalating travel demand and economic activity. Significant seasonal volatility will persist, with typical dips in winter and peaks in summer, and potential for temporary disruptions from unforeseen events."
1996-02-29,"Traffic:OT is projected to maintain its strong annual seasonal pattern, with volumes increasing towards summer peaks and decreasing to winter troughs. An underlying upward trend is expected to continue, driven by rising travel demand and economic activity, though significant monthly volatility and potential for event-driven disruptions will persist."
1996-03-31,"Traffic volume is expected to continue its strong annual seasonality, rising through summer and falling in winter, with a slight underlying upward trend driven by increasing travel demand and ongoing infrastructure development. Significant volatility remains a risk due to potential natural disasters or major policy changes, which could cause sharp, temporary deviations from seasonal patterns."
1996-04-30,"Traffic volumes are expected to continue their gradual upward trend over the next 18 months, characterized by a strong annual seasonal pattern with summer peaks and winter troughs. High volatility will persist due to this seasonality and ongoing demand-side pressures from increasing travel and cargo, alongside potential localized disruptions."
1996-05-31,"Traffic volume is forecast to maintain its upward trajectory over the next 18 months, exhibiting strong annual seasonality with summer peaks and winter troughs. This persistent growth is driven by increasing travel demand and infrastructure developments, with localized events representing the primary risk to short-term fluctuations."
1996-06-30,"Overall traffic volume is expected to continue its moderate upward trend, driven by increasing travel demand, while maintaining its strong annual seasonality with peaks in summer and troughs in winter. Unforeseen events such as natural disasters or significant infrastructure changes remain notable risks for short-term volatility."
1996-07-31,"Traffic volumes are expected to continue their gradual upward trend over the next 18 months, maintaining a strong seasonal pattern with peaks in summer and troughs in winter. This growth is primarily driven by increasing travel demand and economic activity, though significant short-term volatility from seasonal shifts and potential disruptions like severe weather or infrastructure issues remains a notable risk."
1996-08-31,"Overall traffic volume is forecast to continue its upward trajectory over the next 18 months, exhibiting a pronounced annual seasonality with higher volumes in summer and lower volumes in winter. This sustained growth is primarily driven by ongoing economic activity and population increases, with persistent congestion remaining a key challenge."
1996-09-30,"The ""Traffic:OT"" volume is projected to maintain its robust upward trajectory over the next 18 months, primarily driven by sustained economic activity and increasing congestion. This growth will exhibit consistent annual seasonality, with higher volumes expected during summer periods and lower volumes in winter, while remaining susceptible to volatility from infrastructure limitations and external factors."
1996-10-31,"Traffic volume is forecast to continue its established upward trend over the next 18 months, characterized by significant seasonal fluctuations with summer peaks and early winter troughs. This growth is primarily driven by increasing travel demand and economic activity, with persistent congestion remaining a key challenge."
1996-11-30,"Traffic volume is expected to continue its upward trend over the next 18 months, driven by ongoing travel growth and economic activity, while maintaining strong annual seasonality with peaks in summer and troughs in winter. Persistent congestion will remain a factor, and short-term fluctuations will occur due to weather events and localized disruptions."
1996-12-31,"Overall traffic volume is forecast to continue its steady upward trajectory over the next 18 months, reflecting persistent growth in travel demand and economic activity. A pronounced seasonal pattern will endure, with significant increases leading to summer peaks and subsequent declines into the winter months, while specific events may cause short-term volatility."
1997-01-31,"Overall traffic volume is expected to continue its upward trend over the next 18 months, driven by persistent growth in travel and ongoing congestion issues. This growth will be accompanied by a consistent annual seasonal pattern, with lower volumes in winter months and peaks during the summer, while localized events may introduce temporary fluctuations."
1997-02-28,"Traffic volume will continue its moderate upward trend over the next 18 months, exhibiting strong seasonal fluctuations with consistent summer peaks and winter troughs. This growth is driven by increasing travel demand and economic activity, with ongoing congestion and infrastructure issues remaining key influences."
1997-03-31,"Traffic volume is projected to maintain its gradual upward trajectory, exhibiting pronounced annual seasonality with summer peaks and winter troughs. Fluctuations will persist due to ongoing congestion from infrastructure limitations and potential impacts from significant weather events or regulatory changes."
1997-04-30,"Traffic:OT is expected to continue its clear upward trend over the next 18 months, maintaining its strong annual seasonality with volumes peaking in summer and declining in winter. High volatility will persist due to these seasonal shifts and potential external disruptions, while increasing congestion and infrastructure capacity will remain key drivers and concerns."
1997-05-31,"Traffic volume is forecast to continue its gradual upward trend over the next 18 months, exhibiting strong seasonal peaks in summer and troughs in winter. This will maintain high monthly volatility, driven by sustained travel demand and economic activity, with weather events presenting a key risk for short-term deviations."
1997-06-30,"Traffic volume is projected to maintain its gradual upward trajectory over the next 18 months, driven by continued travel demand and economic activity. This growth will be accompanied by significant seasonal volatility, with peak volumes occurring in summer and troughs in winter, and ongoing challenges related to congestion."
1997-07-31,"Traffic volume is expected to continue its upward trend over the next 18 months, driven by persistent increases in travel demand and ongoing congestion. Significant annual seasonality will persist, with volumes peaking in summer and declining in winter, maintaining the observed high volatility."
1997-08-31,"Traffic volume is projected to sustain its upward growth trend over the next 18 months, propelled by increasing travel demand and economic activity. This growth will continue to exhibit strong annual seasonality, with volumes peaking in summer and declining in winter, resulting in significant month-to-month volatility."
1997-09-30,"Overall traffic volume is projected to continue its consistent upward trend over the next 18 months, primarily driven by ongoing growth and economic activity. Significant seasonal volatility will persist, with traffic peaking in summer and declining in winter, and continued congestion remaining a notable risk."
1997-10-31,"Traffic volume is forecast to maintain its upward trend over the next 18 months, exhibiting a clear seasonal pattern with lower volumes in winter and higher volumes in summer. This growth, driven by sustained travel demand, will be accompanied by persistent volatility from localized congestion, infrastructure limitations, and potential disruptions from weather or unforeseen events."
1997-11-30,"Traffic volumes are forecast to continue their upward trend over the next 18 months, maintaining strong annual seasonality with summer peaks and winter troughs. This persistent growth, driven by increasing travel demand, will likely lead to continued congestion and heightened volatility from seasonal shifts and potential disruptions like severe weather or infrastructure incidents."
1997-12-31,"Traffic:OT is projected to maintain its strong upward trajectory over the next 18 months, driven by sustained increases in travel demand and economic activity. Expect significant annual seasonality, with volumes consistently peaking in summer and declining in winter, alongside continued high volatility as congestion and infrastructure pressures persist."
1998-01-31,"Traffic volume is forecast to continue its consistent upward trend over the next 18 months, primarily driven by sustained economic growth and increasing trade. This period will also see strong seasonal patterns persist, characterized by higher summer peaks and lower winter troughs, with an overall increase in the amplitude of these annual fluctuations."
1998-02-28,"Traffic volume is forecast to maintain its strong annual seasonality over the next 18 months, with significant increases through the summer and declines in winter, while continuing a gradual upward trend overall. Although the recent January 1998 ice storm may cause some initial localized disruptions, the persistent drivers of growth and infrastructure discussions indicate sustained high traffic volumes."
1998-03-31,"Traffic volume is projected to maintain its strong upward trend over the next 18 months, primarily driven by continued growth in travel demand. Expect pronounced seasonal patterns to persist, with peak volumes occurring in summer and troughs in late winter, and the absolute range of these fluctuations will likely expand."
1998-04-30,"Traffic:OT is expected to continue its upward trend in overall volume over the next 18 months, driven by ongoing growth and economic activity. This increase will be strongly modulated by consistent annual seasonality, with predictable dips in winter months and peaks during the summer, maintaining a stable pattern of fluctuations."
1998-05-31,"Traffic volume is projected to maintain its upward trend over the next 18 months, reflecting continued growth and economic activity. Expect pronounced annual seasonality, with volumes peaking in late summer and reaching their lowest points in winter. The series will exhibit high volatility due to these strong seasonal fluctuations and potential impacts from external events like severe weather or infrastructure challenges."
1998-06-30,"Traffic:OT volume will continue its established upward trend over the next 18 months, driven by sustained growth and increasing demand for travel. Predictable seasonal fluctuations will persist, with volumes peaking in summer and declining during winter, representing the primary source of volatility."
1998-07-31,"Traffic volume is expected to continue its upward trend, driven by ongoing growth and new developments, leading to increased congestion. Strong annual seasonality will persist, with volumes peaking in summer months and declining during winter, maintaining consistent volatility."
1998-08-31,"Traffic volume is projected to maintain its consistent upward trend over the next 18 months, driven by ongoing growth and economic activity. Expect pronounced seasonal fluctuations, with volumes peaking in summer and declining in winter, leading to continued congestion and demand on infrastructure."
1998-09-30,"Traffic volume will continue its upward trajectory over the next 18 months, exhibiting strong annual seasonality with higher volumes during summer and lower volumes in winter. This consistent growth will likely exacerbate existing congestion, posing an ongoing risk to infrastructure capacity, while overall volatility will be primarily driven by seasonal shifts and potential weather-related disruptions."
1998-10-31,"Traffic volume is projected to continue its consistent upward trajectory over the next 18 months, driven by ongoing economic activity and development. This will be accompanied by pronounced annual seasonality, with volumes typically peaking in summer and reaching their lowest points in early winter, alongside persistent high volatility due to these seasonal swings and potential localized disruptions."
1998-11-30,"Traffic volume is forecast to continue its consistent upward trend over the next 18 months, driven by ongoing growth and increasing travel demand. Expect pronounced seasonal volatility, with volumes peaking in summer and dipping in winter, reaching progressively higher levels each year."
1998-12-31,"Traffic volume is expected to continue its consistent year-over-year growth, driven by ongoing economic activity and urban development. This upward trend will be accompanied by persistent seasonal fluctuations, with lower volumes in winter months and higher peaks during summer, likely exacerbating existing congestion issues."
1999-01-31,"Traffic volume is forecast to maintain its upward trajectory over the next 18 months, primarily driven by continued economic activity. Expect a continuation of the strong seasonal pattern, with peak volumes occurring in the summer and lower levels during winter months, contributing to ongoing volatility."
1999-02-28,"Traffic volumes are forecast to continue their upward trajectory over the next 18 months, primarily driven by sustained economic and demographic growth, which will likely exacerbate ongoing congestion. The series will exhibit strong annual seasonality, with significant peaks expected during summer and troughs in winter, maintaining its characteristic volatility."
1999-03-31,"Traffic:OT is projected to maintain its observed upward trend over the next 18 months, primarily driven by sustained economic growth and increasing travel demand. Expect continued strong annual seasonality with significant peaks during summer and troughs in winter, leading to consistent monthly volatility."
1999-04-30,"Traffic:OT is expected to continue its overall upward trend over the next 18 months, driven by ongoing economic growth, increasing travel demand, and population expansion, potentially boosted by programs like the Visa Waiver Program. This growth will be accompanied by significant monthly volatility due to strong seasonal patterns, with peaks typically observed in summer and troughs in winter. While temporary disruptions from severe weather or infrastructure incidents remain a risk, the general trajectory points towards sustained higher traffic volumes and persistent congestion."
1999-05-31,"Traffic volume is expected to continue its strong annual seasonal pattern over the next 18 months, with significant increases during the summer months and declines in winter. The overall trend indicates a slight but persistent growth, driven by ongoing economic activity and travel, leading to continued high volumes and congestion."
1999-06-30,"Traffic volumes are forecast to maintain a gradual upward trend over the next 18 months, driven by sustained economic activity and population growth. Expect continued significant seasonal volatility, with peak volumes in summer and lower levels in winter, alongside persistent congestion challenges."
1999-07-31,"Traffic:OT is expected to continue its upward trend over the next 18 months, driven by ongoing economic activity and increasing personal travel. This growth will be accompanied by persistent strong annual seasonality, with traffic volumes peaking during summer months and reaching their lowest points in winter, contributing to consistent volatility."
1999-08-31,"Traffic volume is expected to maintain its strong annual seasonal pattern, peaking in summer and bottoming out in winter, while continuing a modest year-over-year upward trend driven by ongoing economic activity and population growth. Volatility will primarily reflect these consistent seasonal fluctuations, with potential for temporary localized disruptions from severe weather or incidents."
1999-09-30,"The forecast anticipates continued high seasonal volatility, with traffic volumes peaking in the summer months and reaching annual lows in winter. An underlying upward trend is expected to persist, driven by ongoing economic and demographic growth, leading to generally higher traffic levels over the next 18 months."
1999-10-31,"Traffic volumes are forecast to maintain their gradual upward trend over the next 18 months, consistently exhibiting strong annual seasonality with distinct winter lows and summer peaks. This sustained growth is primarily driven by increasing personal travel and economic activity, while localized disruptions remain a potential risk."
1999-11-30,"The forecast anticipates a continuation of the established annual seasonal pattern, with traffic volumes peaking in summer months and dipping in winter. An underlying upward trend is expected to persist, driven by increasing vehicle miles traveled and economic activity, leading to generally higher traffic volumes year-over-year."
1999-12-31,"Traffic volume is expected to continue its gradual upward trend over the next 18 months, driven by ongoing economic growth and increasing personal travel. Significant seasonal fluctuations will persist, with lower volumes during winter months and higher volumes during summer, consistent with historical patterns."
2000-01-31,"Traffic volume is projected to continue its consistent upward trend over the next 18 months, exhibiting strong annual seasonality with summer peaks and winter lows. This sustained growth is primarily driven by increasing travel demand and economic activity, with volatility expected to remain aligned with historical seasonal patterns."
2000-02-29,"Traffic volumes will maintain their consistent annual seasonality, rising to summer peaks and falling to winter troughs, while exhibiting an overall upward trend over the next 18 months. This growth is primarily driven by increasing vehicle miles traveled and ongoing urban development."
2000-03-31,"Traffic volumes are projected to continue their consistent upward trend over the next 18 months, marked by persistent strong seasonal patterns with summer peaks and winter lows, primarily driven by underlying economic and demographic growth. While this growth continues, temporary disruptions from severe weather or infrastructure issues remain the primary risk to volume."
2000-04-30,"The Traffic:OT metric is forecast to maintain its pronounced annual seasonality, with volumes consistently peaking in summer and declining during winter months. This seasonal pattern will likely be superimposed on a slight underlying growth trend, driven by ongoing economic activity and increasing travel demand, though unforeseen disruptions could introduce temporary volatility."
2000-05-31,"Traffic volumes are projected to continue their gradual upward trajectory over the next 18 months, driven by sustained economic activity and increasing travel demand. This growth will be accompanied by strong annual seasonality, with pronounced peaks during summer and holiday periods and lower volumes in winter, leading to consistent, predictable volatility."
2000-06-30,"Traffic volume is expected to continue its gradual upward trend over the next 18 months, driven by sustained economic activity and increasing personal travel. The established strong annual seasonality will persist, leading to significant fluctuations with peaks in summer and troughs in winter, maintaining high overall volatility."
2000-07-31,"Traffic:OT is projected to maintain its strong annual seasonality, with significant summer peaks and winter troughs, while continuing its underlying upward trend over the next 18 months. This high volatility is primarily driven by increasing travel demand and economic growth, with potential for temporary dips due to severe weather or infrastructure disruptions."
2000-08-31,"Traffic volume is expected to continue its upward trend over the next 18 months, driven by ongoing economic growth and increasing vehicle miles traveled. This will be characterized by persistent seasonal fluctuations, with volumes peaking in summer and declining in winter, contributing to moderate volatility; severe weather or infrastructure disruptions pose risks for temporary declines."
2000-09-30,"Traffic volumes are projected to continue their upward trajectory over the next 18 months, driven by sustained economic growth and increasing personal travel. A pronounced annual seasonal pattern will persist, with lower volumes in winter and higher volumes during summer, contributing to moderate volatility, while ongoing congestion remains a notable characteristic."
2000-10-31,"The forecast for ""Traffic:OT"" indicates a continued upward trend in overall traffic volumes, driven by ongoing economic activity, population growth, and increasing personal travel. This growth will be accompanied by persistent annual seasonality, with traffic levels peaking during summer months and dipping in winter, and continued high congestion."
2000-11-30,"Overall traffic volume is expected to continue its upward trend over the next 18 months, driven by sustained economic activity and increasing personal travel. This growth will be accompanied by significant seasonal volatility, with traffic volumes consistently lower in winter and peaking during the summer months."
2000-12-31,"Traffic:OT is forecast to maintain its upward trend over the next 18 months, characterized by strong annual seasonality with summer peaks and winter dips, and persistent high volatility. This growth is primarily driven by ongoing economic and demographic expansion, increasing personal travel, and rising international traffic, though localized disruptions could temporarily impact volumes."
2001-01-31,"Traffic volumes are projected to maintain their strong annual seasonal pattern, peaking in summer months and dipping in winter, while continuing a consistent underlying upward trend. This growth is primarily driven by ongoing economic activity and increasing travel demand, with no significant immediate downside risks identified."
2001-02-28,"Traffic volumes are forecast to continue their gradual upward trajectory over the next 18 months, exhibiting pronounced seasonal fluctuations with summer peaks and winter lows. This sustained growth, driven by ongoing economic activity and increasing travel demand, will likely exacerbate existing congestion and safety challenges."
2001-03-31,"Traffic volumes are projected to maintain their established annual seasonality, with significant peaks in summer and troughs in winter, while continuing a slight overall upward trend. This sustained growth in traffic is driven by consistent travel demand and economic activity, likely leading to ongoing congestion."
2001-04-30,"Traffic:OT is expected to maintain its strong annual seasonal pattern over the next 18 months, with volumes peaking during summer and declining in winter. The overall trend will likely see a stable to slight increase, driven by sustained economic activity and demographic growth, with continued high volatility due to these predictable seasonal shifts."
2001-05-31,"Traffic volume is expected to continue its strong annual seasonality, with peaks during summer months and dips in winter. A slight upward trend in overall volume is anticipated, driven by ongoing growth in travel and economic activity, which will likely sustain high congestion levels."
2001-06-30,"Traffic volumes are forecast to continue their moderate upward trend over the next 18 months, maintaining a strong seasonal pattern with significant peaks in summer and troughs in winter. This sustained growth, driven by increasing travel demand, will likely exacerbate existing congestion issues."
2001-07-31,"Traffic volumes are expected to maintain their established annual seasonal pattern, peaking in the summer and dipping in winter, while continuing a gradual upward trend. This growth is primarily driven by increasing personal travel and overall passenger traffic, with persistent congestion remaining a significant operational challenge."
2001-08-31,"Traffic volumes are expected to continue their gradual upward trend over the next 18 months, maintaining strong seasonal fluctuations with peaks during summer and dips in winter. This growth is driven by ongoing economic activity and increasing personal travel, with persistent congestion and infrastructure strain remaining notable challenges."
2001-09-30,"Traffic volumes are forecast to continue their upward trend over the next 18 months, driven by increasing personal travel and vehicle miles, with strong annual seasonality peaking in summer and troughing in winter. Expect persistent congestion, though recent data indicates a deceleration in year-over-year growth for some months, suggesting a moderation in the rate of expansion."
2001-10-31,"Traffic volume is forecast to exhibit continued strong seasonality with annual summer peaks and early winter dips. While the underlying trend suggests a gradual increase, heightened security measures and potential travel delays stemming from the recent PATRIOT Act enactment introduce a risk of increased volatility and potentially moderated growth in overall traffic volumes."
2001-11-30,"Traffic volumes are projected to continue their upward trend over the next 18 months, exhibiting pronounced annual seasonality with summer peaks and winter lows. This growth is driven by increasing travel demand, though heightened security measures in transportation could introduce some volatility."
2001-12-31,"Traffic volumes are expected to continue their upward trend over the next 18 months, driven by sustained economic activity and increasing personal travel, while maintaining strong annual seasonality with summer peaks. Although the recent USA PATRIOT Act could introduce some minor localized disruptions, the overall direction points to continued high and growing traffic levels."
2002-01-31,"Traffic:OT is projected to continue its robust upward trend over the next 18 months, driven by increasing personal travel and economic activity, while maintaining its pronounced seasonal pattern of summer peaks and winter lows. Despite ongoing security measures, overall traffic volume is expected to rise."
2002-02-28,"Traffic volume is projected to maintain its upward trajectory over the next 18 months, primarily driven by increasing vehicle miles traveled and personal travel. Expect significant annual volatility, with pronounced peaks during the summer travel seasons and lower volumes in winter, consistent with historical patterns."
2002-03-31,"Traffic volume is expected to continue its upward trend over the next 18 months, driven by increasing vehicle miles traveled and general travel demand. This will be accompanied by strong annual seasonality, with significant peaks during summer and troughs in winter, leading to persistent monthly volatility."
2002-04-30,"Traffic volumes are expected to continue their overall upward trend over the next 18 months, maintaining a strong seasonal pattern with pronounced summer peaks and winter troughs, driven by increasing vehicle miles traveled. Significant seasonal volatility is anticipated, with a notable risk of substantial drops following any catastrophic events."
2002-05-31,"Traffic volume is forecast to continue its moderate upward trend, primarily driven by increasing vehicle miles traveled. Expect persistent strong seasonal fluctuations, with volumes peaking during summer and declining significantly in winter, maintaining high overall volatility."
2002-06-30,"Traffic volumes are projected to continue their steady upward trend over the next 18 months, consistently following the established seasonal pattern of higher activity in summer and lower in winter. This growth is primarily driven by increasing vehicle miles traveled, with ongoing congestion presenting a notable challenge."
2002-07-31,"Traffic:OT is expected to continue its upward trend over the next 18 months, driven by increasing vehicle miles traveled and ongoing congestion. This growth will be accompanied by significant and predictable seasonal volatility, with volumes peaking during summer months and declining in winter."
2002-08-31,"The ""Traffic:OT"" is projected to maintain its strong annual seasonality over the next 18 months, with values peaking in summer and reaching troughs in winter, alongside a continued slight upward trend in overall traffic volumes. This pattern is primarily driven by consistent increases in vehicle miles traveled and seasonal travel behaviors, leading to significant monthly volatility."
2002-09-30,"Traffic:OT is projected to continue its modest upward trend over the next 18 months, primarily driven by sustained increases in vehicle miles traveled, while exhibiting significant annual seasonality with higher summer volumes and lower winter activity. Persistent congestion across the network will remain a notable characteristic and potential operational risk."
2002-10-31,"Traffic volume is forecast to continue its steady upward trend over the next 18 months, maintaining its distinct annual seasonality with peaks in summer and troughs in winter. This persistent growth is primarily driven by ongoing increases in vehicle miles traveled, with no significant risks to this trend apparent."
2002-11-30,"Traffic:OT will continue to display pronounced annual seasonality, with peak volumes during summer months and lower activity in winter. While the long-term trend has been upward, recent data indicates a moderation in growth, suggesting more modest increases or temporary flattening in the coming year and a half, alongside persistent seasonal volatility."
2002-12-31,"Traffic volumes are forecast to maintain their upward trajectory over the next 18 months, primarily driven by continued increases in vehicle miles traveled. This growth will be characterized by strong annual seasonality, exhibiting significant dips in winter and pronounced peaks during the summer."
2003-01-31,"Traffic volume is forecast to continue its consistent year-over-year upward trend, driven by sustained increases in vehicle miles traveled. This growth will be accompanied by strong annual seasonality, with volumes peaking in summer months and declining to winter troughs, leading to significant monthly fluctuations."
2003-02-28,"Traffic volumes are expected to continue their strong annual seasonal pattern, peaking in summer and bottoming in winter. However, recent declines in vehicle-miles traveled indicate a potential shift towards a flatter or slightly contracting overall trend, with increased volatility around these seasonal movements."
2003-03-31,"Traffic volumes are expected to continue their strong annual seasonality, with peaks in summer and troughs in winter. However, the recent geopolitical impact of the Iraq War is likely to interrupt the previous growth trajectory, leading to a period of stagnation or slight decline in overall volumes, while maintaining consistent seasonal volatility."
2003-04-30,"The series will continue to exhibit strong annual seasonality, with traffic volumes peaking during summer months and declining in winter, consistent with historical patterns. Following a recent slowdown attributed to geopolitical events, overall traffic is expected to resume a gradual upward trend over the next 18 months, though subject to volatility from economic factors or future disruptions."
2003-05-31,"Traffic volume will continue to exhibit strong seasonal patterns, with peaks in summer and troughs in winter. However, the underlying trend has stalled or slightly declined year-over-year in early 2003, largely influenced by the Iraq War, suggesting a period of flat to slightly decreasing overall volumes and potentially higher volatility over the next 18 months."
2003-06-30,"Traffic volumes will continue to exhibit a strong annual seasonal pattern, peaking in summer and dipping in winter. Following a recent period of moderated growth and temporary declines influenced by geopolitical events, a modest upward trend is anticipated to resume, driven by ongoing increases in vehicle-miles traveled."
2003-07-31,"Traffic volume is expected to continue its upward year-over-year trend, driven by ongoing travel demand, while maintaining its strong seasonal pattern of summer peaks and winter troughs. Occasional external factors or new transportation regulations may introduce short-term volatility."
2003-08-31,"Traffic volumes are projected to maintain their strong annual seasonal pattern, characterized by significant winter lows and summer peaks. The underlying trend indicates a continued slight year-over-year increase in overall traffic, driven by persistent vehicle-miles traveled growth, despite minor recent fluctuations in growth rates."
2003-09-30,"Traffic volumes are projected to maintain their strong annual seasonality, with peaks during summer and troughs in winter. While a modest upward trend is expected to continue, the rate of growth will likely moderate, driven by recent decelerations in vehicle miles traveled and broader economic conditions."
2003-10-31,"Traffic volumes are expected to continue their general upward trend over the next 18 months, driven by consistent increases in vehicle miles traveled. This will be accompanied by significant and predictable seasonal volatility, with lower volumes in winter months and higher volumes during summer, though unforeseen economic or geopolitical events could temporarily dampen growth."
2003-11-30,"Traffic volumes are expected to generally increase over the next 18 months, maintaining the established seasonal patterns with higher volumes in summer months and lower volumes in winter. This upward trajectory is primarily driven by a continued rise in vehicle miles traveled, though significant external events could introduce periods of volatility."
2003-12-31,"Traffic:OT is expected to maintain its strong annual seasonality over the next 18 months, with volumes peaking in summer and dipping in winter. A continued slight upward trend in overall traffic volume is anticipated, driven by consistent travel demand, with inherent volatility reflecting these seasonal shifts."
2004-01-31,"Traffic volumes are projected to maintain their upward trajectory over the next 18 months, characterized by strong seasonal patterns with summer peaks and winter troughs. This growth is primarily driven by increasing vehicle miles traveled, though significant external events could introduce temporary volatility."
2004-02-29,"Traffic volumes are expected to continue their overall upward trend over the next 18 months, driven by consistent increases in vehicle-miles traveled. This growth will be accompanied by significant annual seasonality, with traffic peaking in summer and dipping in winter, maintaining the observed high volatility."
2004-03-31,"Traffic:OT is expected to maintain its upward trend over the next 18 months, driven by continued increases in vehicle-miles traveled. Significant seasonal fluctuations will persist, with volumes peaking during summer and decreasing in winter."
2004-04-30,"Traffic volume is expected to maintain its strong seasonal pattern, with significant peaks in summer and troughs in winter, exhibiting high annual volatility. The overall trend points to a continued modest increase in volumes, primarily driven by sustained growth in vehicle miles traveled."
2004-05-31,"Traffic volumes are expected to continue their strong seasonal pattern over the next 18 months, with peaks in summer and troughs in winter, alongside a modest underlying upward trend. The primary volatility will be driven by these predictable seasonal fluctuations, though unforeseen external events could introduce significant disruptions."
2004-06-30,"The ""Traffic:OT"" is expected to continue its established strong seasonal pattern, with peaks during summer months and dips in winter, while maintaining a moderate upward trend year-over-year. Volatility will primarily be driven by these seasonal shifts, with overall growth sustained by increasing vehicle miles traveled, though external events or economic shifts could introduce minor fluctuations."
2004-07-31,"Traffic:OT is expected to continue its strong annual seasonal pattern, with volumes peaking during the summer months and dipping in winter, while maintaining a slight underlying upward trend driven by consistent increases in vehicle miles traveled. Significant monthly volatility will persist due to these seasonal shifts, but no major disruptive risks are immediately apparent."
2004-08-31,"Traffic volume is expected to continue its strong annual seasonal pattern, with significant fluctuations between winter lows and summer peaks. While the underlying trend has been upward, recent moderation in vehicle miles traveled growth suggests a potentially slower overall increase or more variable traffic volumes in the coming months."
2004-09-30,"Traffic volume will continue its modest upward trend over the next 18 months, characterized by strong annual seasonality with higher volumes in summer/fall and lower volumes in winter. Significant monthly fluctuations are inherent to this pattern, driven by consistent increases in vehicle miles traveled, while major geopolitical or economic events pose the primary risk for temporary deviations from this growth."
2004-10-31,"The forecast anticipates continued strong seasonal fluctuations, with traffic volumes peaking in summer months and dipping in winter. While the long-term trend has been upward, recent data suggests a deceleration in year-over-year growth, indicating a potential stabilization or slight moderation in overall traffic volumes, possibly influenced by mounting congestion."
2004-11-30,"Traffic volumes are expected to continue their strong annual seasonal pattern, peaking in summer and dipping in winter, while maintaining a generally stable to modestly increasing trend. The primary drivers will remain seasonal travel patterns, economic activity, and ongoing infrastructure management efforts, with potential for continued deceleration in year-over-year growth observed in late 2004."
2004-12-31,"Traffic volumes are forecast to continue a moderate upward trend over the next 18 months, characterized by strong seasonal fluctuations with significant summer peaks and winter lows, consistent with historical patterns. This growth is primarily driven by ongoing increases in vehicle-miles traveled, though persistent congestion and the potential for external shocks present risks to the overall trajectory."
2005-01-31,"Traffic:OT is expected to continue its long-term upward trajectory over the next 18 months, driven by sustained increases in vehicle miles traveled, while exhibiting strong annual seasonality with summer peaks and winter troughs. The primary risks to this forecast include potential economic slowdowns or significant geopolitical events that could reduce overall travel demand."
2005-02-28,"The forecast for Traffic:OT indicates a continued upward trend over the next 18 months, maintaining strong seasonal patterns with higher volumes in summer and lower in winter, primarily driven by sustained growth in vehicle miles traveled and underlying economic activity. While seasonal fluctuations will create inherent volatility, the overall trajectory remains positive with no immediate indicators of significant disruption to this established growth."
2005-03-31,"The ""Traffic:OT"" series is forecast to maintain its consistent upward trend over the next 18 months, characterized by strong annual seasonality with summer peaks and winter troughs. This growth is primarily driven by increasing vehicle miles traveled and population, with stable volatility expected."
2005-04-30,"Traffic volumes are expected to maintain their strong annual seasonality, peaking in summer and dipping in winter. However, the overall growth trend appears to be decelerating, with potential for slight year-over-year declines influenced by factors such as fuel prices and ongoing labor shortages in the transportation industry."
2005-05-31,"Traffic:OT will continue its pronounced annual seasonality, with peaks in summer and troughs in winter, while sustaining a gradual upward trend year-over-year. However, growth will likely be constrained by factors like elevated fuel prices and labor shortages in the transportation sector, maintaining moderate volatility."
2005-06-30,"Traffic volumes are anticipated to continue their gradual upward trend over the next 18 months, strongly adhering to the established seasonal pattern of summer peaks and winter lows. The persistent increase in vehicle miles traveled will be the primary driver, but the ongoing labor shortage in the transportation industry presents a notable risk for increased congestion and potential volatility."
2005-07-31,"Traffic volume is expected to continue its pronounced seasonal pattern, with summer peaks and winter troughs. However, the overall growth trend is likely to remain subdued or slightly negative year-over-year, driven by persistent traffic congestion and potential impacts from the transportation labor shortage."
2005-08-31,"Traffic volume is forecast to continue its strong seasonal pattern, with peaks in summer and troughs in winter, while the underlying year-over-year growth trend is expected to flatten or slightly decelerate. This subdued growth is driven by factors such as rising fuel prices and ongoing labor shortages in the transportation industry."
2005-09-30,"Traffic volume will continue to exhibit strong annual seasonality, with peaks in summer and troughs in winter. However, the underlying growth trend is expected to decelerate significantly, potentially leading to flat or slightly reduced year-over-year volumes, driven by factors such as persistent labor shortages and fluctuating fuel prices, contributing to ongoing monthly volatility."
2005-10-31,"Vehicle miles traveled will continue to exhibit strong annual seasonality, with peaks in summer and troughs in winter, but overall growth is expected to remain subdued or slightly decline, reflecting recent negative year-over-year trends. Volatility will persist due to these seasonal patterns, while rising fuel prices and persistent traffic congestion present notable downside risks to overall travel demand."
2005-11-30,"Traffic volumes are expected to continue exhibiting strong annual seasonality, with summer peaks and winter lows. The overall trend indicates a plateauing or very modest growth in traffic, as the year-over-year increases have significantly slowed or turned negative in recent months, influenced by factors like fuel prices and ongoing congestion management efforts."
2005-12-31,"Traffic volumes are expected to continue their overall upward trajectory over the next 18 months, characterized by strong seasonal fluctuations with summer peaks and winter lows. However, the rate of growth is showing signs of moderation and increased volatility, influenced by economic conditions and potential shifts in vehicle miles traveled."
2006-01-31,"Traffic:OT is expected to continue its strong annual seasonal pattern over the next 18 months, with peak travel volumes occurring in the summer and lower volumes in the winter. An underlying moderate upward trend in overall traffic is anticipated, driven by persistent demand and urban development, though monthly volatility will remain and could be influenced by fuel prices or economic shifts."
2006-02-28,"Traffic volumes are expected to maintain their established annual seasonal pattern, peaking in summer and declining in winter. The overall growth trend appears to be slowing and more volatile, influenced by persistent congestion, fuel prices, and labor shortages, despite underlying population and freight growth."
2006-03-31,"The ""Traffic:OT"" is expected to continue its pronounced annual seasonality over the next 18 months, with significant peaks during summer and troughs in winter, maintaining a stable to slightly increasing overall trend. High volatility is anticipated due to these seasonal shifts, with potential influences from fuel price fluctuations and ongoing transportation labor shortages."
2006-04-30,"Traffic volume is expected to continue its established annual seasonal pattern, peaking in summer months and dipping in winter, with a stable to slightly increasing overall trend. Persistent congestion and potential impacts from fuel prices or labor shortages remain notable risks, indicating continued high demand for road travel."
2006-05-31,"Traffic volumes are expected to continue exhibiting strong annual seasonality, peaking in summer and troughing in winter. The overall trend suggests a period of relative stability or slight fluctuations around current levels over the next 18 months, influenced by persistent congestion and potential fuel price impacts, despite underlying long-term freight traffic growth projections."
2006-06-30,"Traffic volumes are expected to maintain their strong annual seasonality, peaking in summer and declining in winter. However, the overall trend suggests a period of stagnation or slight year-over-year decline, with continued volatility, driven by factors such as persistent congestion and potentially increasing transportation costs."
2006-07-31,"Traffic volumes are projected to maintain their pronounced annual seasonal pattern, peaking in summer and dipping in winter. However, recent trends suggest a plateauing or slight deceleration in year-over-year growth, driven by persistent congestion and potential broader economic pressures."
2006-08-31,"Traffic volumes are expected to continue exhibiting strong monthly seasonality, with peaks in summer and troughs in winter. However, the recent trend of slight year-over-year declines is likely to persist, influenced by factors such as pervasive congestion and sustained fuel price levels."
2006-09-30,"Traffic volumes are forecast to continue their pronounced seasonal fluctuations over the next 18 months, with overall levels remaining stable to modestly increasing, primarily influenced by economic growth and ongoing congestion challenges."
2006-10-31,"Traffic volumes are expected to maintain their strong seasonal fluctuations, with a slight upward trend continuing from the recent positive year-over-year growth observed in late 2006, driven primarily by ongoing economic activity. Volatility will remain high due to these pronounced seasonal patterns, with potential shifts in fuel prices posing a notable risk to this growth."
2006-11-30,"Traffic volumes will continue to exhibit strong annual seasonality, peaking in summer and bottoming out in winter months. A slight overall upward trend is anticipated, though recent year-over-year volatility suggests continued fluctuations, influenced by persistent congestion and potential impacts from fuel prices or transportation labor issues."
2006-12-31,"Traffic volumes are expected to maintain their strong annual seasonal pattern, peaking in summer and declining in winter. The underlying trend indicates a slight but sustained increase in overall traffic, primarily driven by ongoing economic activity and population growth, with persistent congestion remaining a key characteristic."
2007-01-31,"Traffic volume will continue to exhibit strong annual seasonality, peaking in summer months and declining in winter. The underlying trend is expected to flatten or slightly decrease over the next 18 months, driven by persistent traffic congestion, ongoing management efforts, and potential influences from economic conditions or fuel prices."
2007-02-28,"Traffic volumes are expected to continue exhibiting a strong annual seasonal pattern, with peaks during summer months and troughs in winter. However, the overall trend is likely to flatten or experience a slight decline over the next 18 months, driven by recent year-over-year decreases in vehicle miles traveled and a reported ""perfect storm"" outlook for 2007 traffic trends."
2007-03-31,"Traffic:OT will continue its strong seasonal pattern over the next 18 months, with peak volumes in summer and troughs in winter. However, overall traffic volumes are anticipated to experience a slight decline, driven by the 'perfect storm' of worsening traffic trends and persistent congestion."
2007-04-30,"Traffic volumes are expected to continue their strong annual seasonality, with peaks in summer and troughs in winter. However, recent negative year-over-year changes and a warning of a ""perfect storm"" in traffic trends suggest a potential slight overall decline in volumes, driven by broader economic and operational factors."
2007-05-31,"Traffic volumes are expected to maintain their pronounced seasonal pattern, with significant increases during summer months and declines in winter. The overall trend is anticipated to be relatively stable, potentially experiencing slight stagnation or even a modest decline in year-over-year growth, primarily influenced by persistent congestion and the ""perfect storm"" of converging factors highlighted in early 2007."
2007-06-30,"Traffic volumes are expected to stagnate or experience slight declines over the next 18 months, maintaining established seasonal patterns but with increased volatility. This outlook is primarily driven by recent weakening year-over-year growth and a reported ""perfect storm"" of converging traffic trends."
2007-07-31,"Traffic:OT is expected to maintain its strong seasonal pattern over the next 18 months, with consistent winter troughs and summer peaks. While overall volumes are anticipated to remain relatively stable with a slight upward trend driven by economic and population growth, moderate volatility is likely due to factors such as fuel prices and persistent congestion."
2007-08-31,"Traffic:OT is expected to continue its strong annual seasonality, with volumes declining into the autumn and winter before rising to potentially new peaks in the subsequent spring and summer months. An underlying slight upward trend in overall volume is anticipated, driven by economic growth and potential shifts from air travel, though persistent congestion and a 'perfect storm' warning for 2007 traffic trends suggest ongoing challenges and moderate volatility around this growth."
2007-09-30,"Traffic volumes are anticipated to experience an overall decline over the next 18 months, driven by the broader expectation of decreasing vehicle miles traveled, although some localized increases are possible. This period will maintain strong seasonal patterns with summer peaks and winter troughs, contributing to persistent monthly volatility."
2007-10-31,"Traffic volumes are expected to maintain their strong annual seasonality, with peaks during summer and troughs in winter months. However, the underlying trend is likely to stagnate or experience a slight decline over the next 18 months, influenced by recent negative year-over-year changes and broader transportation challenges."
2007-11-30,"Traffic:OT will continue to exhibit strong annual seasonality with summer peaks and winter lows. However, the overall trend is expected to remain flat or experience a slight decline over the next 18 months, driven by the recent observed flattening and predicted decreases in vehicle miles traveled, potentially influenced by economic conditions or fuel prices, while maintaining consistent seasonal volatility."
2007-12-31,"Traffic volume is expected to experience a declining or flat trend over the next 18 months, continuing the decelerating growth and recent decreases observed in late 2007, primarily driven by underlying economic factors and a ""perfect storm"" of traffic trends. Seasonal fluctuations will persist, with lower volumes during winter and higher volumes in summer, maintaining historical volatility."
2008-01-31,"Traffic:OT is expected to maintain its strong annual seasonality, with typical summer peaks and winter lows. However, the recent downturn, influenced by rising gasoline prices and broader economic factors, suggests a continued decline in overall traffic volumes over the next 18 months, with year-over-year comparisons likely to show a sustained decrease."
2008-02-29,"Traffic volumes will maintain their strong annual seasonality, with peaks during summer and troughs in winter. However, a persistent downward trend, primarily influenced by the impact of gasoline prices on driving behavior, is expected to result in lower overall traffic levels compared to previous years, while still exhibiting considerable seasonal volatility."
2008-03-31,"Traffic volumes are expected to continue their recent declining trend over the next 18 months, primarily driven by the sustained impact of high fuel prices on driving behavior. This overall downward trajectory will be modulated by persistent seasonal patterns, with elevated volatility reflecting sensitivity to economic conditions."
2008-04-30,"Traffic:OT values are expected to continue their recent declining trend over the next 18 months, primarily driven by persistent high fuel prices and broader economic uncertainty. While the established annual seasonality will maintain intra-year fluctuations, overall traffic volumes are anticipated to remain suppressed, with potential for further declines if economic pressures intensify."
2008-05-31,"Traffic volumes are projected to continue their recent year-over-year decline over the next 18 months, primarily driven by persistent high fuel prices and broader economic uncertainty. While typical seasonal fluctuations will still be observed, overall traffic levels are expected to remain suppressed, with the risk of further reductions if economic pressures intensify."
2008-06-30,"Traffic:OT is projected to experience a continued downward trend over the next 18 months, primarily influenced by ongoing high fuel prices and economic uncertainty. This overall decline will be overlaid with persistent strong seasonal patterns, featuring higher volumes during summer months and lower volumes in winter, potentially leading to deeper troughs and dampened peaks compared to previous years."
2008-07-31,"Traffic volumes are expected to continue their recent downward trend over the next 18 months, primarily driven by ongoing high fuel prices and economic uncertainty. While strong seasonal fluctuations will persist, with summer peaks and winter troughs, overall traffic levels are anticipated to be lower than in previous years."
2008-08-31,"Traffic volumes are projected to continue their significant year-over-year decline over the next 18 months, primarily driven by sustained high fuel prices and prevailing economic uncertainty. This strong downward trend will be modulated by the typical annual seasonality, with expected lower volumes in winter and higher volumes in summer, though these seasonal peaks will likely be at reduced overall levels compared to previous years."
2008-09-30,"Traffic volumes are projected to continue their notable decline over the next 18 months, primarily driven by sustained high fuel prices and ongoing economic uncertainty. While strong seasonal patterns with summer peaks and winter troughs will persist, the overall levels are expected to be significantly lower than in prior years."
2008-10-31,"Traffic volumes are projected to continue their significant downward trend over the next 18 months, primarily driven by persistent high fuel prices and economic uncertainty. This overall decline will be overlaid by established annual seasonal patterns, with lower volumes expected in winter and higher, but still suppressed, volumes during summer peak travel periods."
2008-11-30,"Traffic volumes are projected to continue their significant downward trend over the next 18 months, primarily driven by sustained reductions in vehicle miles traveled due to high fuel prices and economic uncertainty. A pronounced seasonal pattern, characterized by lower winter traffic and higher summer traffic, will remain, but these fluctuations are expected to occur at consistently reduced absolute levels."
2008-12-31,"Traffic volumes are projected to continue their overall declining trend over the next 18 months, influenced heavily by prevailing economic conditions and fuel prices, though the rate of decline may moderate. Expect persistent seasonal fluctuations, with lower traffic during winter months and higher volumes in summer."
2009-01-31,"Traffic volume is expected to continue its declining trend over the next 18 months, primarily driven by ongoing economic uncertainty and potentially elevated fuel prices. A distinct seasonal pattern will persist with higher traffic in warmer months, but these seasonal peaks will likely be subdued compared to prior years, and monthly volatility will remain present."
2009-02-28,"Traffic volumes are expected to continue their pronounced seasonal pattern, with peaks in warmer months and troughs in winter, but at an overall suppressed level compared to previous years. This downward pressure is primarily driven by persistent economic uncertainty and the impact of fuel prices, with future seasonal peaks likely remaining below historical highs despite a recent moderation in the rate of decline in vehicle miles traveled."
2009-03-31,"Traffic volumes are projected to continue their declining trend over the next 18 months, primarily influenced by ongoing economic uncertainty and sustained high fuel prices. This will occur within a predictable annual cycle, with volumes typically peaking in summer and dipping during winter."
2009-04-30,"The next 18 months will likely see traffic volumes continue their pronounced seasonal fluctuations, with summer peaks and winter troughs. Following a period of significant declines driven by economic pressures and fuel costs, the recent stabilization and slight year-over-year increase in April 2009 suggest a potential modest recovery in overall traffic levels, though volatility remains inherent."
2009-05-31,"Traffic volumes are expected to stabilize or show modest growth over the next 18 months, following a period of significant decline, driven by evolving economic conditions and fuel prices. The strong annual seasonal pattern, with higher volumes in summer and lower in winter, will persist, maintaining consistent seasonal volatility."
2009-06-30,"Traffic volumes are anticipated to stabilize or experience a modest, gradual recovery over the next 18 months, following the significant declines of 2008 and early 2009. Expect ongoing strong seasonal patterns, with higher volumes in summer and lower in winter, while the overall trend will be primarily driven by the pace of economic recovery and fuel price stability."
2009-07-31,"Traffic volumes are expected to continue their pronounced seasonal fluctuations over the next 18 months, with lower activity in winter and higher volumes during summer. Following the significant declines in 2008 driven by high fuel prices and economic uncertainty, a gradual recovery is anticipated, leading to sustained or moderately increasing traffic levels, assuming continued economic improvement."
2009-08-31,"Traffic volumes are expected to continue their modest recovery trend from the 2008 downturn, maintaining established seasonal patterns with lower winter and higher summer travel. This upward trajectory will primarily be driven by improving economic conditions, though some month-to-month volatility may still be present."
2009-09-30,"Following a period of stabilization and recent year-over-year increases in vehicle miles traveled, traffic volumes are expected to see a gradual recovery over the next 18 months, primarily driven by improving economic conditions. This upward trend will continue to exhibit strong seasonal fluctuations, with higher traffic anticipated during summer months and lower volumes in winter."
2009-10-31,"Traffic volume is anticipated to continue its gradual recovery from the 2008 downturn over the next 18 months, exhibiting established seasonal patterns with summer peaks. However, lingering economic uncertainty and a noted decline in drivers could introduce volatility and temper the pace of growth."
2009-11-30,"Traffic volumes are anticipated to continue a modest upward trend over the next 18 months, recovering from the 2008 downturn, while exhibiting significant seasonal volatility with predictable summer peaks and winter lows. This recovery is primarily driven by an easing of economic pressures, but remains sensitive to changes in fuel prices."
2009-12-31,"Traffic volumes are expected to maintain their strong annual seasonality, with peaks in summer and troughs in winter. Following the stabilization and modest recovery seen in late 2009, the overall trend for the next 18 months is anticipated to be stable to slightly increasing, with volatility primarily driven by these seasonal patterns and broader economic conditions."
2010-01-31,"Traffic volumes are projected to follow their distinct annual seasonal pattern, with peaks in summer and troughs in winter, exhibiting continued monthly volatility. Following a period of stabilization in 2009 after a significant downturn, the overall trend suggests volumes may remain subdued or face slight declines, largely influenced by economic conditions and fuel prices."
2010-02-28,"Traffic volumes are expected to continue their strong annual seasonal pattern, rising through spring and summer to peak around July-August, then declining into the winter months. The overall trend indicates a period of stagnation or slight contraction in year-over-year traffic volumes, driven by persistent economic uncertainty and fluctuating fuel prices, with moderate volatility."
2010-03-31,"Traffic volumes are anticipated to maintain their strong annual seasonality, characterized by lower levels during winter months and elevated activity through spring, summer, and fall. Following the recent positive shift and recovery observed in 2009 and early 2010, overall traffic is projected to experience a gradual upward trend, primarily driven by increasing vehicle miles traveled and a rebound in tourism."
2010-04-30,"Traffic:OT is expected to continue its strong seasonal pattern over the next 18 months, with volumes peaking in summer and declining in winter. The overall trend indicates a modest but sustained increase in traffic, reflecting the ongoing recovery in vehicle miles traveled after the economic downturns of 2008 and early 2009."
2010-05-31,"Traffic volumes are projected to maintain their strong annual seasonality, with peaks in summer and troughs in winter. The overall trend is expected to remain relatively stable, with continued monthly volatility driven by prevailing economic conditions, fuel prices, and the underlying trend of declining drivers."
2010-06-30,"Traffic volumes are expected to maintain their strong annual seasonality over the next 18 months, with summer peaks and winter troughs. The overall trend will likely be stable to slightly increasing, reflecting a continued recovery in vehicle miles traveled after the prior period of decline."
2010-07-31,"Traffic volumes are expected to continue exhibiting a strong annual seasonal pattern, peaking in late summer/fall and declining in winter months. The underlying trend suggests a gradual stabilization and modest growth in overall traffic, driven by improving Vehicle Miles Traveled (VMT) trends after the declines observed in 2008-2009."
2010-08-31,"Traffic:OT is projected to exhibit continued modest growth over the next 18 months, consistently following its established annual seasonal pattern with lower volumes in winter and higher volumes during summer travel. The trajectory will be primarily shaped by prevailing economic conditions and fuel price trends, which have recently supported a recovery from earlier declines."
2010-09-30,"Traffic volumes are expected to maintain their strong seasonal patterns, with lower activity in winter months and higher volumes during summer. The recent trend indicates a modest year-over-year increase, suggesting a continued gradual upward trajectory or sustained stability over the next 18 months, primarily driven by improving economic conditions."
2010-10-31,"Traffic volumes are expected to continue their upward trend over the next 18 months, maintaining strong seasonal patterns with lower winter traffic and higher summer peaks. This growth is primarily driven by increasing vehicle miles traveled, though significant economic shifts or fuel price increases could pose a risk to this trajectory."
2010-11-30,"Traffic volumes are expected to continue their modest year-over-year growth, driven by ongoing economic recovery, while maintaining strong seasonal patterns with lower volumes in winter and higher volumes during summer travel periods."
2010-12-31,"Traffic volumes are expected to continue their modest upward trend over the next 18 months, driven by the ongoing economic recovery. The series will maintain its strong seasonal pattern, with lower traffic in winter and higher volumes during the spring and summer, leading to predictable monthly volatility."
2011-01-31,"Over the next 18 months, traffic volumes are expected to maintain their strong annual seasonal pattern, with pronounced peaks in summer and troughs in winter. The overall trend indicates a modest but consistent year-over-year increase, reflecting continued travel demand and contributing to growing traffic congestion."
2011-02-28,"Traffic volumes are expected to continue their established seasonal pattern, with peaks during summer months and troughs in winter, while maintaining a modest year-over-year growth trend. Volatility will be primarily seasonal, with overall growth supported by ongoing transportation planning, though increasing traffic problems could present a future constraint."
2011-03-31,"Traffic volumes are expected to continue exhibiting strong annual seasonality, peaking in summer and bottoming in winter. While the overall trend has been towards stabilization and modest growth, the recent year-over-year decrease suggests that future volumes will likely remain relatively stable or experience modest, potentially volatile, growth, primarily influenced by economic conditions and fuel prices."
2011-04-30,"Following a period of recovery and growth, traffic volumes are now showing a renewed year-over-year decline, a trend that is likely to persist in the near term. The series will continue its pronounced seasonal pattern, with summer and autumn peaks, while overall volumes will remain under pressure from factors such as evolving economic conditions or increasing congestion."
2011-05-31,"Traffic volumes are expected to maintain their strong annual seasonal pattern, peaking in summer and bottoming out in winter. However, the recent trend of decreasing Vehicle Miles Traveled (VMT) suggests a slight downward pressure on overall traffic levels compared to previous years, leading to moderately lower values within this recurring pattern."
2011-06-30,"Over the next 18 months, traffic volumes are expected to continue exhibiting strong annual seasonality, with peaks in summer and troughs in winter. However, the recent trend of year-over-year declines in Vehicle Miles Traveled (VMT) suggests an overall modest downward trajectory in traffic levels, driven by broader travel patterns."
2011-07-31,"Traffic volumes are expected to continue their strong annual seasonality, with peaks during summer months and lows in winter. However, influenced by persistent economic conditions, overall traffic levels are likely to remain suppressed or experience slight year-over-year declines throughout the forecast horizon."
2011-08-31,"Traffic volumes will continue to exhibit strong annual seasonality with consistent monthly variations, but the overall trend is expected to show persistent downward pressure or stabilization at reduced levels compared to the previous year's figures. This outlook is primarily driven by the prevailing economic conditions impacting vehicle miles traveled."
2011-09-30,"Traffic volumes will continue to exhibit strong annual seasonality, with typical summer peaks and winter troughs. However, driven by recent economic conditions, the prevailing trend of year-over-year declines in vehicle miles traveled suggests an overall moderate downward trajectory for traffic volumes over the next 18 months, maintaining its characteristic monthly volatility."
2011-10-31,"The forecast anticipates continued pronounced seasonal fluctuations, with traffic volumes peaking in the summer months and reaching their lowest points in winter. An underlying slight downward trend is expected to persist, driven by recent year-over-year declines in vehicle miles traveled, potentially influenced by prevailing economic conditions."
2011-11-30,"Traffic:OT is expected to continue its strong annual seasonal pattern over the next 18 months, with higher volumes in summer and lower in winter. However, the overall trend will likely see a moderate decline, extending the year-over-year decreases observed in 2011, primarily influenced by ongoing economic conditions."
2011-12-31,"Traffic volumes will continue to exhibit strong annual seasonality. Following a period of year-over-year declines throughout most of 2011, the trend is likely to stabilize or show modest growth over the next 18 months, influenced by economic conditions and potential long-term infrastructure constraints."
2012-01-31,"Traffic volume will continue to exhibit a strong seasonal pattern, with peaks during summer and troughs in winter. Following a period of year-over-year declines in 2011, the recent positive growth in December 2011 and January 2012 indicates a stabilization or modest upward trend in overall vehicle miles traveled for the next 18 months, with inherent volatility driven by seasonal factors."
2012-02-29,"Traffic volumes are projected to maintain their pronounced annual seasonality, with significant fluctuations between winter lows and summer peaks. Following a period of decline in 2011, the recent positive year-over-year growth suggests an re-established upward trend, indicating generally higher traffic volumes throughout the forecast horizon, driven by increasing demand."
2012-03-31,"Traffic volumes are expected to continue exhibiting strong seasonal patterns, rising towards summer peaks and declining during winter months. Following a period of decline in 2011, the recent modest year-over-year increases suggest a stabilization or slight upward trend in overall volumes, driven by seasonal travel and general economic activity."
2012-04-30,"Traffic:OT is expected to maintain its strong annual seasonal pattern, characterized by significant volatility between summer peaks and winter lows. While recent winter months showed modest year-over-year growth, the latest data points to a potential return to the slight declines observed in 2011, primarily driven by fluctuating Vehicle Miles Traveled."
2012-05-31,"The ""Traffic:OT"" series is expected to maintain its strong annual seasonal pattern, with significant peaks during summer months and notable lows in winter. Driven by a recent shift to positive year-over-year Vehicle Miles Traveled (VMT) growth, overall traffic volumes are likely to exhibit a modest upward trend over the next 18 months, while continuing to show high intra-year volatility."
2012-06-30,"Traffic volumes are expected to continue their recent upward trend over the next 18 months, maintaining a strong annual seasonal pattern with peaks in summer and troughs in winter. This growth is primarily driven by recovering travel demand and economic activity, with potential economic shifts posing the main risk to this trajectory."
2012-07-31,"Traffic volumes are expected to continue exhibiting strong annual seasonality over the next 18 months, with significant declines during winter and robust increases in summer. The overall trend is anticipated to remain largely stable, with minor year-over-year fluctuations, driven primarily by consistent seasonal travel patterns and the current economic environment."
2012-08-31,"Traffic:OT is expected to maintain its pronounced annual seasonality, with volumes peaking in summer and declining in winter. Following the recent recovery, overall vehicle miles traveled will likely see a modest upward trend over the next 18 months, with continued volatility primarily driven by seasonal travel patterns and underlying economic conditions."
2012-09-30,"Traffic volumes are forecast to maintain their strong annual seasonal pattern, peaking in summer and bottoming in early winter. The overall trend for the next 18 months will likely see continued volatility, with traffic levels broadly stable and oscillating between modest year-over-year increases and decreases, primarily influenced by prevailing economic conditions."
2012-10-31,"Traffic volumes are forecast to maintain their strong annual seasonality, with peaks during summer months and lows in winter. The overall trend suggests a continuation of the recent slow growth or stabilization in vehicle miles traveled, with broader economic conditions being the primary risk to this modest trajectory."
2012-11-30,"Traffic volumes are expected to continue their established strong seasonal pattern, with significant dips in winter months and peaks during the summer travel season. The overall trend projects a slight year-over-year increase, building on the modest growth observed in late 2012, driven by general economic activity and consistent travel demand."
2012-12-31,"Traffic volumes are expected to maintain their strong seasonal pattern, with significant fluctuations between winter lows and summer peaks. The overall trend points towards relative stability or slight year-over-year declines, driven by the recent VMT decrease at the end of 2012 and ongoing congestion challenges."
2013-01-31,"Traffic volumes are expected to continue their strong annual seasonal pattern over the next 18 months, with significant increases towards summer peaks and declines into winter, driven primarily by Vehicle Miles Traveled (VMT) trends and seasonal travel. The overall trend indicates relative stability with a slight upward bias, though monthly volatility due to seasonal shifts will remain pronounced."
2013-02-28,"Traffic volume is expected to continue its pronounced seasonal fluctuations, rising significantly from current winter lows into the summer peaks of 2013 and 2014, followed by seasonal declines in the intervening fall and winter periods. The overall trend is anticipated to remain relatively stable, with minor year-over-year variations driven by changes in US vehicle miles traveled."
2013-03-31,"Traffic volumes are anticipated to maintain their strong annual seasonality, with peaks during summer and troughs in winter. The overall trend for the next 18 months is expected to be relatively flat, potentially experiencing slight downward pressure given recent year-over-year declines, with volatility persisting due to economic conditions and seasonal travel patterns."
2013-04-30,"Traffic volumes are anticipated to maintain their strong annual seasonality, peaking in summer and dipping in winter, while the overall trend points to a slow and volatile recovery, characterized by modest growth interspersed with periods of slight decline. This trajectory is largely influenced by ongoing economic conditions and general transportation planning efforts."
2013-05-31,"Traffic volumes are anticipated to remain broadly stable with a slight downward bias over the next 18 months, influenced by prevailing economic conditions and ongoing initiatives in traffic management. Expect continued pronounced seasonal volatility, with predictable summer peaks and winter troughs, alongside moderate month-to-month fluctuations."
2013-06-30,"Traffic volume is expected to continue its strong seasonal pattern over the next 18 months, with predictable summer peaks and winter troughs. The overall trend will likely remain stable, though year-over-year growth may fluctuate modestly, driven primarily by economic conditions and ongoing congestion."
2013-07-31,"Traffic volume is expected to maintain its strong seasonal pattern, peaking in warmer months and during holidays, with a slight overall upward trend observed in recent year-over-year comparisons. However, this growth remains vulnerable to economic conditions and persistent congestion issues."
2013-08-31,"Traffic volume is expected to maintain its slight upward trajectory over the next 18 months, primarily influenced by continued growth in US Vehicle Miles Traveled. Significant seasonal patterns will drive substantial monthly volatility, with lower traffic volumes in winter and higher volumes in spring and summer."
2013-09-30,"Traffic volume is expected to maintain its strong annual seasonality, with typical dips in winter and peaks in summer. The overall trend for the next 18 months indicates a continuation of the modest year-over-year growth observed recently, primarily driven by sustained increases in vehicle miles traveled."
2013-10-31,"Traffic volumes are forecast to continue their upward trend over the next 18 months, supported by ongoing economic activity and seasonal travel patterns, though monthly fluctuations and persistent congestion are expected."
2013-11-30,"Traffic volume will continue its pronounced annual seasonality, with significant peaks during summer and troughs in winter. Overall vehicle miles traveled are expected to maintain a modest upward trend over the next 18 months, driven by sustained economic activity and seasonal travel demands, though monthly year-over-year growth will likely remain somewhat volatile."
2013-12-31,"Traffic volumes are anticipated to maintain their established annual seasonal pattern, with lower activity in winter months and higher volumes during summer, showing minimal overall growth. This outlook reflects a continuation of recent stable vehicle miles traveled, with underlying factors tempering expectations for significant sustained increases."
2014-01-31,"Traffic volumes are forecast to maintain their pronounced annual seasonality, with lower levels in winter and higher peaks in summer. Following a recent decline, the overall trend is expected to stabilize with potential for modest growth, driven by vehicle miles traveled, resulting in moderate year-over-year volatility."
2014-02-28,"Overall traffic volume will continue to exhibit strong annual seasonality, with higher levels in summer and lower in winter, but the recent year-over-year declines indicate a potential flattening or slight reversal of the growth trend observed through much of 2013. Significant monthly volatility will persist, primarily driven by seasonal travel demands and broader economic conditions affecting vehicle miles traveled."
2014-03-31,"Traffic volumes are projected to maintain their strong annual seasonality, with peaks in summer and troughs in winter. The underlying trend suggests relatively stable volumes with minimal year-over-year growth, driven by economic conditions and ongoing transportation planning, though slight declines in colder months remain a possibility."
2014-04-30,"Traffic volumes will continue to exhibit a strong annual seasonal pattern, peaking in summer months and declining in winter. Following a period of mixed year-over-year changes, the overall trend suggests relatively stable to slightly increasing volumes over the next 18 months, although inherent forecasting challenges and economic shifts pose a risk to this moderate outlook."
2014-05-31,"Traffic volumes are anticipated to maintain their pronounced seasonal fluctuations, peaking in summer and declining in winter. An underlying modest upward trend is expected to persist, primarily driven by continued growth in vehicle miles traveled."
2014-06-30,"Traffic volumes will continue to exhibit strong annual seasonality, peaking in summer and declining in winter. A modest upward trend is expected over the next 18 months, driven by sustained increases in vehicle miles traveled, though monthly fluctuations will persist."
2014-07-31,"Traffic volumes are projected to follow their distinct annual seasonal pattern, with peaks during summer and troughs in winter, while exhibiting a modest overall upward trend. This growth is largely influenced by the sustained, moderate increases in US Vehicle Miles Traveled."
2014-08-31,"Traffic volume is expected to continue its strong annual seasonal pattern, peaking in summer and dipping in winter. The overall trend suggests a modest increase in traffic volumes over the next 18 months, driven by consistent, albeit sometimes volatile, growth in vehicle miles traveled."
2014-09-30,"The overall traffic volume is expected to continue its gradual upward trend over the next 18 months, primarily driven by sustained growth in vehicle miles traveled. This will be accompanied by pronounced seasonal volatility, with volumes peaking in summer and declining during winter, consistent with historical patterns."
2014-10-31,"Traffic volumes are forecast to continue their upward trend over the next 18 months, primarily driven by sustained growth in vehicle miles traveled. This will manifest as consistent year-over-year increases, while maintaining the pronounced seasonal fluctuations with lower traffic in winter and higher volumes during the warmer months."
2014-11-30,"Traffic volumes are forecast to continue their established seasonal pattern, with an overall upward trend driven by sustained growth in vehicle miles traveled. This will lead to generally higher volumes across all months, particularly during peak travel seasons, while maintaining moderate seasonal volatility."
2014-12-31,"Traffic volumes are expected to continue their overall upward trend over the next 18 months, driven by sustained increases in vehicle miles traveled. Strong seasonal fluctuations will persist, with lower activity in winter and higher peaks during the summer months."
2015-01-31,"Traffic volume is projected to continue its upward trajectory over the next 18 months, primarily driven by the recently accelerated growth in Vehicle Miles Traveled. This will be accompanied by persistent strong seasonal fluctuations, with volumes peaking in warmer months and declining during winter."
2015-02-28,"Traffic:OT is projected to continue its distinct annual seasonal pattern, with volumes rising towards summer peaks and declining to winter troughs. An overall upward trend is expected, driven by the recent strong growth in US Vehicle Miles Traveled, suggesting generally higher traffic volumes compared to previous years."
2015-03-31,"Traffic volumes are expected to continue their upward trajectory over the next 18 months, driven by sustained increases in vehicle miles traveled. This growth will be accompanied by a consistent annual seasonal pattern, with volumes peaking during the summer and declining in the winter months."
2015-04-30,"The ""Traffic:OT"" metric is projected to continue its upward trajectory over the next 18 months, characterized by strong seasonal patterns with summer peaks and winter lows, but with overall higher volumes year-over-year. This growth is primarily driven by the sustained increase in Vehicle Miles Traveled (VMT), though persistent congestion remains a factor in traffic management."
2015-05-31,"Traffic:OT is expected to continue its upward trajectory over the next 18 months, driven by the sustained acceleration in vehicle miles traveled observed recently. This growth will be accompanied by persistent seasonal patterns, leading to higher volumes during summer peaks and lower volumes during winter troughs, with economic conditions posing a primary risk to this trajectory."
2015-06-30,"Traffic volumes are anticipated to maintain their upward trajectory over the next 18 months, driven by sustained growth in vehicle miles traveled. Expect persistent seasonal fluctuations, with peak volumes during summer and late spring, and lower activity in winter months."
2015-07-31,"Traffic:OT is projected to continue its robust upward trend over the next 18 months, primarily driven by the sustained and accelerating growth in US Vehicle Miles Traveled. The established annual seasonal pattern, characterized by lower volumes in winter and higher volumes in summer, will persist within this rising overall level."
2015-08-31,"Traffic:OT is projected to maintain its overall upward trajectory over the next 18 months, primarily driven by the ongoing and accelerating growth in vehicle miles traveled. Expect continued pronounced seasonality, with recurring dips in winter and peaks during summer, alongside persistent high traffic volumes and congestion."
2015-09-30,"Traffic volumes are forecast to continue their robust upward trend over the next 18 months, characterized by persistent seasonal fluctuations with lower winter values and higher summer peaks. This growth is primarily driven by sustained increases in vehicle miles traveled, indicating ongoing high demand for road usage and potential for increased congestion."
2015-10-31,"Traffic:OT is forecast to maintain its upward trajectory over the next 18 months, propelled by consistent growth in Vehicle Miles Traveled. Expect pronounced seasonal patterns with lower traffic in winter and higher volumes during spring and summer, alongside persistent congestion challenges."
2015-11-30,"Traffic volume is projected to continue its robust upward trend over the next 18 months, driven by sustained and accelerating growth in Vehicle Miles Traveled (VMT). This will maintain a clear seasonal pattern, with higher summer peaks and increasing winter lows, and likely lead to persistent traffic congestion."
2015-12-31,"Traffic:OT will continue its upward trend over the next 18 months, propelled by ongoing increases in Vehicle Miles Traveled. Persistent seasonal patterns will lead to lower volumes in early winter and higher volumes during summer and holiday peak travel, contributing to consistent monthly fluctuations."
2016-01-31,"Traffic volumes are forecast to exhibit continued growth over the next 18 months, maintaining the established upward trend driven by consistent increases in US Vehicle Miles Traveled. This will be accompanied by strong annual seasonality, with volumes peaking in summer and reaching their lowest points in winter."
2016-02-29,"Traffic volume is projected to maintain its consistent upward trend over the next 18 months, primarily driven by continued growth in US vehicle miles traveled. Expect persistent seasonal volatility, with volumes peaking in summer and dipping in winter, while overall levels continue to rise."
2016-03-31,"Traffic volumes are forecast to continue their robust upward trend over the next 18 months, primarily driven by sustained increases in Vehicle Miles Traveled (VMT). Expect continued seasonal patterns with lower winter volumes and higher summer/fall activity, with no apparent risks to this consistent growth."
2016-04-30,"Traffic volumes are expected to continue their upward trend over the next 18 months, driven by sustained growth in vehicle miles traveled. This overall increase will be accompanied by predictable seasonal fluctuations, with higher volumes during summer months and lower volumes in winter, and persistent congestion remains a factor."
2016-05-31,"Traffic:OT is expected to maintain its upward trajectory over the next 18 months, primarily driven by continued growth in vehicle miles traveled. The series will exhibit its characteristic seasonal volatility, with higher volumes during warmer months and lower volumes in winter, and ongoing challenges related to congestion."
2016-06-30,"Traffic volumes are forecast to continue their steady upward trajectory over the next 18 months, primarily driven by ongoing increases in vehicle miles traveled. Expect persistent seasonal patterns with higher volumes during summer and lower during winter, while overall volatility remains moderate."
2016-07-31,"Traffic volumes are expected to maintain their consistent upward trend over the next 18 months, primarily driven by ongoing growth in vehicle miles traveled. This will be characterized by significant and predictable annual seasonality, with higher volumes during summer and lower during winter, and no major risks are apparent to disrupt this growth trajectory."
2016-08-31,"Overall traffic volumes are projected to maintain their consistent upward trend over the next 18 months, primarily driven by the ongoing increases in vehicle miles traveled. This growth will be accompanied by significant seasonal volatility, with expected dips in winter and peaks during summer, mirroring historical patterns."
2016-09-30,"Traffic volume is expected to maintain its clear upward trend over the next 18 months, driven by consistent increases in vehicle miles traveled, while exhibiting strong annual seasonality with higher volumes in summer and lower volumes in winter."
2016-10-31,"""Traffic:OT"" is expected to continue its upward trend over the next 18 months, driven by sustained growth in vehicle miles traveled. This will be accompanied by significant seasonal fluctuations, with lower traffic volumes in winter months and higher volumes during summer and fall, leading to persistent congestion during peak periods."
2016-11-30,"Traffic volumes are expected to maintain their consistent year-over-year growth, propelled by the ongoing increase in vehicle miles traveled. This upward trend will feature strong seasonal variations, with lower volumes in winter and higher volumes during summer, while persistent congestion poses an ongoing challenge that could influence future growth rates."
2016-12-31,"Overall traffic volumes are projected to continue their consistent upward trend over the next 18 months, maintaining strong seasonal patterns with summer peaks and winter lows, driven by ongoing travel demand. The rate of year-over-year growth is anticipated to moderate slightly, following the deceleration observed in late 2016."
2017-01-31,"Overall traffic volumes are expected to continue their consistent upward trend, maintaining strong annual seasonality with peaks during summer and holiday months. This sustained growth is driven by ongoing increases in vehicle miles traveled, leading to persistent high traffic and congestion."
2017-02-28,"Traffic volumes are expected to maintain their steady upward trend over the next 18 months, driven by continued increases in vehicle miles traveled and recurring seasonal travel patterns. This will be accompanied by persistent annual fluctuations, peaking during summer months and declining in winter, with ongoing challenges related to congestion and traffic management."
2017-03-31,"Traffic:OT will continue its pronounced annual seasonal pattern over the next 18 months, with volumes peaking in summer and bottoming in winter, while maintaining an underlying upward trend. However, the pace of year-over-year growth has shown signs of moderating, indicating a less aggressive increase in overall traffic volumes compared to recent years, though significant seasonal volatility will persist."
2017-04-30,"Traffic volume is forecast to continue its upward trend over the next 18 months, maintaining strong annual seasonality with summer peaks and winter troughs. While overall growth persists, the year-over-year increase is expected to moderate, driven by a recent deceleration in US Vehicle Miles Traveled."
2017-05-31,"Overall traffic volume is projected to continue its gradual upward trend over the next 18 months, maintaining a strong seasonal pattern with peaks during summer and holiday travel periods and troughs in winter. This growth is primarily driven by consistent increases in vehicle miles traveled, though the year-over-year growth rate appears to be moderating."
2017-06-30,"The Traffic:OT metric is forecast to maintain its strong annual seasonal pattern, characterized by significant monthly volatility with peaks during summer and lows in winter. The underlying trend will continue to be upward due to persistent increases in vehicle miles traveled, although recent data suggest a moderation in the year-over-year growth rate."
2017-07-31,"Traffic volumes are expected to continue their upward trajectory over the next 18 months, exhibiting strong and consistent annual seasonality with pronounced summer peaks and winter lows. The overall growth, however, will likely be more moderate than in prior years, influenced by a recent slowdown in the year-over-year increase of vehicle miles traveled."
2017-08-31,"Traffic volume is projected to continue its gradual upward trend over the next 18 months, maintaining its strong annual seasonality with predictable peaks in summer and holiday periods and troughs in winter. While overall growth is expected, the rate of year-over-year increase appears to be decelerating."
2017-09-30,"Traffic volumes are expected to maintain their strong annual seasonality, with significant increases during summer and holiday periods and declines in winter months. While the overall trend remains upward, the rate of year-over-year growth is notably decelerating, suggesting more moderate increases in traffic volumes compared to previous periods."
2017-10-31,"Traffic volumes are projected to maintain a gradual upward trend over the next 18 months, characterized by a continued deceleration in year-over-year growth rates. The strong seasonal pattern of winter lows and summer peaks will persist, driven by consistent travel demand and holiday activity."
2017-11-30,"Traffic volume is projected to continue its gradual upward trend over the next 18 months, characterized by persistent strong annual seasonality with summer peaks and winter troughs. The rate of year-over-year growth is expected to further decelerate, driven by the observed slowing in vehicle miles traveled increases."
2017-12-31,"Traffic volumes are projected to continue their upward trajectory over the next 18 months, maintaining a strong seasonal pattern with peaks during summer and holiday periods. However, the consistent deceleration in year-over-year growth rates for vehicle miles traveled indicates a more tempered expansion, with inherent monthly volatility remaining a characteristic."
2018-01-31,"Traffic volumes are anticipated to largely stabilize over the next 18 months, exhibiting minimal to no year-over-year growth and potential for slight declines, primarily driven by the recent deceleration in vehicle miles traveled. Significant monthly volatility will persist due to strong seasonal patterns."
2018-02-28,"Traffic volume is projected to continue its strong annual seasonal fluctuations, with summer peaks and winter troughs. However, the overall trend is shifting from growth to stagnation or slight year-over-year declines, primarily driven by the recent deceleration and negative shifts in vehicle miles traveled."
2018-03-31,"The ""Traffic:OT"" volume will maintain its strong annual seasonality, peaking during summer and holiday travel periods and troughing in winter. However, the underlying growth trend is significantly decelerating, indicating a period of stabilization or only marginal year-over-year increases, primarily driven by the recent slowdown in US vehicle miles traveled."
2018-04-30,"Traffic:OT is expected to continue its strong annual seasonal pattern, with higher volumes during summer months and lower volumes in winter. However, the previously observed year-over-year growth is decelerating, suggesting future volumes will likely plateau around current levels or experience slight fluctuations rather than significant increases, driven primarily by VMT trends."
2018-05-31,"Traffic volumes are expected to continue exhibiting strong seasonal fluctuations, peaking in summer and bottoming in winter. The underlying growth trend is projected to slow further or stabilize, with potential for modest year-over-year declines, primarily driven by decelerating vehicle miles traveled and the increasing impact of higher gas prices."
2018-06-30,"Traffic volumes will maintain their consistent annual seasonal pattern over the next 18 months, with lower activity in winter and higher levels during summer and holiday periods. The overall trend will likely be stable or exhibit very modest growth, primarily driven by the decelerating vehicle miles traveled and potential impacts from gas prices."
2018-07-31,"Traffic volumes are expected to maintain their strong annual seasonal pattern over the next 18 months, peaking in summer and declining in winter. However, the overall growth trend has significantly decelerated and is likely to flatten or experience slight declines compared to previous years, primarily influenced by factors such as potentially high gas prices and a general slowdown in vehicle miles traveled."
2018-08-31,"Traffic:OT is projected to continue its strong annual seasonality, with volumes peaking in summer and declining in winter. However, the overall growth trend is expected to remain minimal, with year-over-year increases being very modest or potentially flat, reflecting the significant deceleration in vehicle miles traveled."
2018-09-30,"Traffic volumes are expected to continue exhibiting strong seasonal patterns, with consistent annual fluctuations peaking in summer and dipping in early winter. However, the previously observed strong year-over-year growth is likely to further decelerate or plateau, driven by slowing vehicle miles traveled (VMT) increases and potential economic factors like fuel prices."
2018-10-31,"Traffic:OT volumes are forecast to maintain their strong annual seasonality, with consistent dips in winter and peaks during summer and holiday travel periods. Given the significant deceleration in vehicle miles traveled growth, overall traffic is expected to remain relatively stable with limited upward movement, with potential downward pressure from factors like gas prices."
2018-11-30,"Traffic volumes are anticipated to maintain their strong annual seasonality over the next 18 months, with consistent peaks during summer and holiday periods and troughs in early winter. The overall trend suggests a continued deceleration in year-over-year growth, indicating a period of general stability with potential for slight monthly contractions rather than significant expansion, primarily driven by established travel patterns."
2018-12-31,"Traffic volumes are expected to maintain their strong annual seasonal pattern, with peaks during summer months and dipping in winter. The overall trend indicates a continued deceleration in year-over-year growth, suggesting a period of stabilization or very modest increases, driven by the slowing growth in vehicle miles traveled."
2019-01-31,"Traffic volumes are expected to maintain their gradual upward trend over the next 18 months, primarily driven by continued growth in vehicle miles traveled and predictable seasonal travel patterns. The series will exhibit consistent annual fluctuations, peaking during summer and holiday periods, with potential risks stemming from significant economic shifts or fuel price volatility."
2019-02-28,"The traffic volume is expected to maintain its strong annual seasonal pattern, with significant fluctuations between winter lows and summer highs. However, the underlying trend suggests a flattening or slight deceleration in overall volumes, primarily driven by slowing vehicle miles traveled growth and potential economic factors like fuel prices."
2019-03-31,"Traffic volume is expected to maintain its strong annual seasonal pattern, with peaks during summer travel and troughs in late winter. The overall trend anticipates continued stability or very modest growth, reflecting the recent slowdown in vehicle miles traveled increases, with potential for downward pressure from economic factors or rising fuel costs."
2019-04-30,"Traffic volumes are projected to maintain their strong annual seasonality, with peaks during summer travel seasons and troughs in winter months, reflecting typical travel patterns. The overall trend will likely show a modest upward trajectory, though with continued year-over-year volatility, influenced by general economic activity and consumer travel behavior, with potential risks from factors like fuel prices."
2019-05-31,"The Traffic:OT metric will continue its strong annual seasonality, peaking in summer and dipping in early winter, with an anticipated underlying trend of modest year-over-year growth driven by sustained vehicle miles traveled. While the general direction is upward, monthly growth rates are expected to show some variability."
2019-06-30,"Traffic volumes are expected to maintain their strong annual seasonality, peaking in summer and late spring while dipping in winter. The overall trend will likely remain relatively flat or exhibit very modest growth over the next 18 months, with persistent volatility and potential for slight year-over-year declines in some periods, reflecting the decelerating growth in vehicle miles traveled."
2019-07-31,"The overall traffic volume is expected to maintain its strong annual seasonal pattern, with significant fluctuations between winter lows and summer and holiday peaks. A modest upward trend is likely to continue year-over-year, primarily driven by ongoing vehicle miles traveled growth, though potential impacts from economic shifts or sustained high fuel prices could introduce volatility."
2019-08-31,"Traffic volumes are expected to continue their strong annual seasonality, with pronounced summer and holiday peaks and winter troughs, while maintaining a gradual upward trend overall, driven by persistent travel demand."
2019-09-30,"The ""Traffic:OT"" values are expected to continue their strong annual seasonal pattern, with significant dips during winter months and peaks in summer, driven by consistent increases in vehicle miles traveled and holiday travel. An overall moderate upward trend is anticipated, maintaining high monthly volatility."
2019-10-31,"Traffic volumes are expected to continue their gradual upward trajectory over the next 18 months, maintaining a strong seasonal pattern with higher activity during summer and holiday periods and lower volumes in late winter. While monthly values will show significant seasonal fluctuations, the underlying year-over-year growth is anticipated to remain modest, primarily driven by consistent increases in vehicle miles traveled, with potential downside risks from economic downturns or sustained high fuel prices."
2019-11-30,"Traffic volumes are expected to maintain their strong annual seasonal pattern over the next 18 months, with peaks during summer and holiday periods and troughs in winter months. A modest overall upward trend in vehicle miles traveled is anticipated, driven by ongoing travel demand, though the rate of year-over-year growth may stabilize."
2019-12-31,"Overall traffic is expected to continue its strong annual seasonality, characterized by lower volumes in winter months and higher volumes during summer and fall, particularly around major holidays. A modest upward trend is anticipated, primarily driven by ongoing increases in vehicle miles traveled, with seasonal fluctuations being the main source of volatility."
2020-01-31,"Traffic volumes are expected to continue their strong annual seasonality over the next 18 months, with significant peaks during summer and holiday periods and lower activity in winter. The overall trend will likely maintain a modest upward trajectory, driven by consistent travel demand, though month-to-month volatility will persist due to these seasonal patterns."
2020-02-29,"Traffic volumes are expected to maintain their pronounced seasonal pattern, with significant peaks during summer months and troughs in winter, exhibiting high volatility. The recent strong increases in early 2020 suggest a higher overall baseline for future traffic, driven by sustained vehicle miles traveled and holiday travel, with localized congestion remaining a persistent factor."
2020-03-31,"Traffic volumes are projected to remain severely suppressed in the near term due to the ongoing COVID-19 pandemic, significantly disrupting typical seasonal patterns observed historically. A gradual, uncertain recovery is expected over the next 18 months, but volumes will likely stay below pre-pandemic levels, with the pace of economic reopening and public health developments being the primary drivers and risks."
2020-04-30,"Traffic volumes are expected to remain significantly depressed in the near term due to the ongoing COVID-19 pandemic and associated restrictions. A gradual, potentially volatile recovery is anticipated over the next 18 months as measures ease, but levels will likely stay below pre-pandemic norms, with the pace of recovery heavily dependent on public health developments and economic activity."
2020-05-31,"The next 18 months will primarily see a gradual, albeit volatile, recovery in traffic volumes from the severe lows experienced during the initial COVID-19 lockdowns. While an upward trend is expected as restrictions ease and economic activity resumes, full restoration to pre-pandemic levels is unlikely, driven by persistent behavioral changes like increased remote work and potential economic headwinds."
2020-06-30,"The next 18 months will likely see a gradual, albeit volatile, recovery in traffic volumes from the severe COVID-19-induced lows, driven by easing restrictions and economic reopening. While seasonal patterns are expected to reassert themselves, overall traffic will likely remain below pre-pandemic levels for much of this period, contingent on the pandemic's progression and potential long-term behavioral changes."
2020-07-31,"Traffic volumes are expected to continue their recovery from the COVID-19 induced lows, gradually moving towards pre-pandemic levels over the next 18 months, primarily driven by easing restrictions and economic reopening. This recovery will likely be accompanied by a re-establishment of typical seasonal patterns, with continued volatility due to potential pandemic resurgences and changes in travel behavior."
2020-08-31,"Traffic volumes are expected to gradually recover over the next 18 months from the significant decline caused by the COVID-19 pandemic, with ongoing volatility influenced by the pace of economic reopening and evolving public health measures. While typical seasonal patterns will re-emerge, overall levels are likely to remain below pre-pandemic peaks in the near term."
2020-09-30,"Traffic volume is forecast to continue its recovery over the next 18 months, gradually approaching pre-pandemic levels, with the strong underlying seasonal patterns reasserting themselves. This recovery may see some volatility, primarily driven by the evolving COVID-19 situation and the lifting of remaining travel restrictions."
2020-10-31,"Traffic volume is expected to continue its gradual recovery from the significant COVID-19 related decline over the next 18 months, re-establishing its typical seasonal patterns with lower volumes in winter and higher volumes in summer. The pace and volatility of this upward trend will be primarily driven by the ongoing pandemic situation and the broader economic reopening, with a full return to pre-pandemic growth levels likely taking time."
2020-11-30,"Traffic volumes are forecast to steadily recover from the 2020 pandemic-induced lows over the next 18 months, driven by easing restrictions and increasing mobility, while maintaining strong seasonal patterns with summer peaks and winter dips. However, the pace of recovery and the ultimate return to pre-pandemic levels face risks from potential new pandemic waves and lasting changes in travel behavior."
2020-12-31,"Traffic volumes are forecast to experience a sustained upward trend over the next 18 months, recovering from the significant declines observed in 2020 due to the COVID-19 pandemic. This recovery will likely be influenced by the pace of pandemic resolution and economic reopening, with seasonal patterns re-emerging amidst potentially volatile month-to-month gains."
2021-01-31,"Traffic volumes are projected to experience a gradual increase over the next 18 months, driven by the ongoing easing of COVID-19 restrictions and vaccine rollout, which will facilitate a recovery towards pre-pandemic levels. While established seasonal patterns will persist, the lingering impact of altered work and travel habits presents a notable risk to the full return to prior peak volumes."
2021-02-28,"Traffic volumes are forecast to gradually recover over the next 18 months from current depressed levels, driven by easing pandemic restrictions and vaccination progress, with strong seasonal patterns re-emerging. However, the recovery's pace and overall volatility are highly contingent on the evolving COVID-19 situation and potential lasting changes in travel behavior."
2021-03-31,"Traffic volumes are expected to continue a strong upward recovery trend over the next 18 months, driven by easing pandemic restrictions and increasing mobility. We anticipate a re-establishment of historical seasonal patterns, with potential for some volatility in the initial phases of this recovery."
2021-04-30,"Traffic volumes are forecast to continue their robust recovery over the next 18 months, driven by the ongoing easing of pandemic restrictions and increased mobility, which will lead to a general upward trend and the re-establishment of historical seasonal patterns. While significant growth is expected, the pace of recovery may face volatility from potential new public health challenges or lasting shifts in travel behavior, preventing a swift return to pre-pandemic levels."
2021-05-31,"Traffic volume is projected to continue its robust recovery over the next 18 months, driven by rising vaccination rates and easing travel restrictions, leading to a sustained return towards pre-pandemic levels and a re-establishment of typical seasonal patterns. While volatility should normalize to historical seasonal fluctuations, the primary risk remains a significant resurgence of the pandemic."
2021-06-30,"Traffic volumes are forecast to continue their strong recovery, stabilizing near or slightly above pre-pandemic 2019 levels over the next 18 months, driven by increasing mobility and economic activity. This period will likely see a return to established annual seasonal patterns, with peak volumes in summer and troughs in winter."
2021-07-31,"Traffic volume is forecast to stabilize at or slightly above pre-pandemic levels over the next 18 months, continuing its strong seasonal pattern with summer peaks and winter lows. The ongoing recovery from the COVID-19 pandemic, particularly increasing passenger travel alongside robust freight movement, will be the main driver."
2021-08-31,"Traffic volumes are expected to continue their strong recovery, gradually approaching and potentially returning to pre-pandemic levels over the next 18 months, while maintaining clear seasonal patterns with lower winter and higher summer activity. The primary drivers will be the ongoing easing of pandemic-related restrictions and a return to normal economic and social mobility, though potential shifts in long-term travel behaviors could introduce some volatility."
2021-09-30,"Traffic volume is expected to continue its strong recovery, generally returning to and aligning with pre-pandemic levels, driven by increasing vehicle miles traveled and sustained economic activity. This period will exhibit significant seasonal fluctuations, with higher volumes during warmer months and dips in winter, while potential risks such as new pandemic variants or economic shifts could introduce volatility."
2021-10-31,"Traffic volumes are projected to continue their recovery and stabilize at levels comparable to or slightly above pre-pandemic figures, exhibiting consistent seasonal fluctuations with lower activity in winter months and higher peaks during spring and summer. While the extreme volatility of the pandemic has subsided, economic factors and fuel prices pose potential risks to this growth trajectory."
2021-11-30,"Traffic volumes are expected to stabilize at or slightly above pre-pandemic levels over the next 18 months, maintaining clear seasonal patterns. The strong recovery from COVID-19 is largely complete, with robust commercial vehicle traffic driving overall volumes and mitigating any residual softness in passenger travel, though significant economic downturns or renewed widespread restrictions pose potential downside risks."
2021-12-31,"Traffic volumes are expected to stabilize at levels comparable to or slightly above pre-pandemic 2019 figures, continuing the strong recovery observed in 2021. This period will likely exhibit normal seasonal patterns, with higher traffic during warmer months, driven by sustained economic activity and normalized travel behavior."
2022-01-31,"Traffic volumes are forecasted to continue their upward trajectory over the next 18 months, steadily recovering towards and potentially surpassing pre-pandemic levels, primarily driven by the ongoing easing of pandemic restrictions and evolving travel behaviors. The established annual seasonality, with higher traffic during warmer months, will remain a prominent feature, though some shifts in passenger versus commercial traffic patterns may influence the overall recovery."
2022-02-28,"Traffic volumes are anticipated to continue their recovery and upward trend over the next 18 months, steadily approaching and potentially surpassing pre-pandemic levels, driven by the ongoing normalization of travel behavior and sustained increases in vehicle miles traveled. Expect typical seasonal variations, with higher traffic during warmer months, though unforeseen disruptions could introduce volatility."
2022-03-31,"Traffic volumes are expected to continue their recovery over the next 18 months, stabilizing at or near pre-pandemic levels while maintaining established seasonal patterns, driven by ongoing economic activity and a return to normal travel. A notable risk is the potential for continued disparity between robust commercial traffic and more subdued passenger vehicle miles traveled."
2022-04-30,"Traffic volumes are projected to continue their steady recovery over the next 18 months, gradually approaching or surpassing pre-pandemic levels, primarily driven by the ongoing normalization of travel and economic activity. This period will likely see a return to established seasonal patterns, with potential for moderate volatility influenced by broader economic factors like fuel costs."
2022-05-31,"Traffic volumes are expected to stabilize near pre-pandemic levels over the next 18 months, maintaining established seasonal patterns with higher activity in summer and lower in winter. Volatility will be moderate, primarily driven by these seasonal shifts, as the recovery from the pandemic has largely completed and a shift towards higher truck traffic continues to influence overall volumes."
2022-06-30,"Traffic volumes are expected to generally stabilize around current levels over the next 18 months, continuing to exhibit established seasonal patterns with lower activity in winter and higher in warmer periods. The strong post-pandemic recovery trend appears to be moderating, with potential for slight downward pressure or plateauing influenced by economic conditions and evolving travel patterns."
2022-07-31,"Traffic volumes are expected to continue exhibiting strong seasonal patterns, with typical dips in colder months and peaks during warmer periods. However, the overall trend indicates a plateauing or slight downward pressure from recent highs, primarily influenced by a moderation in post-pandemic travel recovery and persistent economic factors like elevated fuel costs."
2022-08-31,"Traffic volume is expected to maintain its current robust levels, gradually increasing towards or slightly above pre-pandemic highs, while continuing to exhibit clear seasonal patterns with lower activity in winter and higher in summer. The forecast anticipates slow but steady growth, driven by ongoing post-pandemic normalization and economic activity, with potential moderation from broader economic factors."
2022-09-30,"Overall traffic volumes are expected to continue exhibiting a strong seasonal pattern, with lower activity in winter months and higher activity during summer, stabilizing around current levels. Growth will likely be modest, influenced by prevailing economic conditions and potential shifts in travel behavior, with risks of slight declines if economic headwinds intensify."
2022-10-31,"Traffic volume is expected to remain at high levels, but with minimal overall growth, continuing to exhibit strong seasonal patterns including typical winter dips and summer/fall peaks. This stability is largely driven by sustained commercial traffic, offsetting flat passenger travel, with overall volatility expected to be low unless significant economic shifts occur."
2022-11-30,"Traffic volumes are projected to continue their pronounced seasonal pattern over the next 18 months, with peaks during summer and early fall and troughs in winter. Following the significant post-pandemic recovery, overall growth has largely stabilized, indicating traffic will remain near current levels with a flat to very modest upward trend, primarily driven by consistent seasonal travel behavior."
2022-12-31,"Traffic volumes are expected to stabilize at levels observed in late 2022, continuing to exhibit strong seasonal fluctuations with lower activity in winter months and higher activity during spring and summer. The diminishing impact of pandemic recovery and a deceleration in year-over-year growth suggest a plateau in the upward trend, with potential downside risks from economic shifts or changes in travel behavior."
2023-01-31,"Traffic volume is expected to continue its upward trajectory over the next 18 months, driven by a sustained return to pre-pandemic travel patterns and robust freight activity, while exhibiting clear seasonal peaks in summer and dips in winter. The series will likely show moderate volatility, primarily influenced by these seasonal shifts and potential impacts from broader economic conditions."
2023-02-28,"Traffic volumes are expected to continue their established seasonal patterns, rising through the spring and summer months and dipping in winter, with an overall trend of gradual increase. This sustained growth, driven by ongoing post-pandemic recovery and economic activity, will maintain traffic levels at or slightly above recent peaks, with year-over-year growth rates moderating."
2023-03-31,"Traffic volumes are anticipated to continue their established seasonal patterns over the next 18 months, with peaks during summer and dips in winter. Following the strong post-pandemic recovery, overall growth will remain modest and stable, reflecting a return to normalized levels and persistent congestion, with economic conditions and holiday travel being key drivers."
2023-04-30,"Traffic:OT is projected to continue its strong seasonal pattern over the next 18 months, with peak volumes in summer and during holiday periods, and lower activity in winter. Overall traffic levels are expected to remain stable at current high levels, as the post-pandemic recovery has largely matured, with potential risks stemming from economic shifts impacting travel demand and evolving work patterns influencing passenger vehicle miles traveled."
2023-05-31,"Traffic volumes are expected to continue their modest upward trend over the next 18 months, maintaining a strong seasonal pattern with higher activity during summer and lower during winter. This trajectory is driven by ongoing post-pandemic normalization and sustained travel demand, with moderate volatility influenced by holiday periods and general economic conditions."
2023-06-30,"The ""Traffic:OT"" metric is expected to continue its modest year-over-year growth, maintaining a strong seasonal pattern with peaks during summer and holiday travel periods and troughs in winter months. Overall traffic volumes will remain high, driven by sustained economic activity and a return to pre-pandemic travel behaviors, with volatility primarily stemming from these predictable seasonal fluctuations."
2023-07-31,"Traffic:OT is expected to continue its established seasonal pattern over the next 18 months, with higher volumes during summer and holiday periods and lower volumes in winter. The overall trend projects a slight, gradual increase in traffic, reflecting sustained post-pandemic normalization and robust travel demand, though monthly volatility will remain significant."
2023-08-31,"Overall traffic volume is expected to continue its modest upward trend over the next 18 months, driven by sustained post-pandemic travel demand and general economic activity. Strong seasonal fluctuations will persist, with lower volumes in winter and higher volumes during summer peaks, maintaining predictable volatility."
2023-09-30,"Traffic volume will continue to follow its strong seasonal pattern, experiencing declines through the upcoming winter months before rebounding to higher summer peaks. An underlying modest year-over-year growth is anticipated, driven by sustained travel demand and freight activity, which will contribute to persistent congestion."
2023-10-31,"Traffic volumes are expected to continue their established seasonal fluctuations over the next 18 months, with lower activity in winter and elevated levels during spring and summer travel seasons. An overall gradual upward trend is anticipated, driven by sustained post-pandemic travel normalization and ongoing economic activity, though inherent monthly volatility will persist."
2023-11-30,"Traffic:OT is expected to continue its strong seasonal pattern over the next 18 months, with lower volumes during winter and higher volumes throughout the spring and summer travel seasons. The overall trend will likely remain stable at high levels or show slight growth, driven by sustained post-pandemic travel demand and holiday activity."
2023-12-31,"Overall traffic volumes are expected to continue their upward trajectory over the next 18 months, driven by sustained post-pandemic travel normalization and robust economic activity. This will result in persistent high traffic, particularly during peak seasonal and holiday periods, maintaining the observed annual fluctuations."
2024-01-31,"Vehicle miles traveled (VMT) are expected to continue displaying strong annual seasonality, peaking in summer and during holidays, while the overall trend is anticipated to remain relatively flat or show minor fluctuations over the next 18 months. This plateau follows the post-pandemic recovery, with potential volatility driven by economic conditions and sustained but not rapidly increasing travel demand."
2024-02-29,"Traffic volumes are anticipated to maintain their strong seasonal fluctuations, peaking during the spring and summer travel seasons and dipping in winter. The overall trend points to a continued gradual increase in vehicle miles traveled, supported by ongoing post-pandemic recovery and robust travel demand, with relatively stable year-over-year growth expected."
2024-03-31,"Traffic volumes are anticipated to experience a modest upward trend over the next 18 months, maintaining strong seasonal patterns with peaks during summer and year-end holidays, and troughs in early winter. This trajectory will be driven by continued post-pandemic travel normalization, economic activity, and specific events like the recent solar eclipse, leading to notable monthly fluctuations."
2024-04-30,"Traffic volumes are anticipated to continue their pronounced annual seasonality, ascending towards summer peaks and receding during winter months, while maintaining a stable to slightly increasing overall trend. This trajectory will be largely influenced by seasonal holiday travel and general economic conditions, with potential economic shifts representing the primary risk."
2024-05-30,"Overall traffic volumes are expected to continue their moderate upward trend over the next 18 months, strongly influenced by established seasonal patterns with significant peaks during summer and holiday travel periods and corresponding dips in winter. This sustained demand will likely lead to persistent congestion, particularly during peak travel times."
2024-06-30,"Overall traffic volume is forecast to maintain a moderate upward trajectory over the next 18 months, strongly influenced by recurring seasonal travel demand, leading to predictable peaks during summer and holiday periods. While exhibiting consistent annual fluctuations, the underlying trend suggests continued growth in vehicle miles traveled."
