end_date,coarse_pred
1989-12-31,"The ""Economy:OT"" is projected to continue its upward trajectory, with values becoming less negative over the next 18 months, driven by sustained economic growth, strong employment, and robust exports. While moderate fluctuations are anticipated, the overall trend points towards continued improvement, though persistent trade imbalances and federal deficits remain underlying concerns."
1990-01-31,"The Economy:OT series, after a multi-year trend of gradual improvement, recently experienced a significant downturn driven by the weakest economic growth in 3.5 years and a worsening trade deficit. Over the next 18 months, values are likely to remain relatively negative and highly volatile, influenced by persistent trade imbalances and evolving global economic dynamics, potentially pausing or reversing the prior improving trend."
1990-02-28,"The Economy:OT is expected to generally improve, moving towards less negative values over the next 18 months, extending its long-term trend. However, this trajectory will be highly volatile, with potential for significant fluctuations driven by persistent trade imbalances and moderating economic growth."
1990-03-31,"The Economy:OT is expected to continue its gradual improvement, with values generally moving closer to zero over the next 18 months. However, the series will remain highly volatile, experiencing significant monthly fluctuations driven by ongoing trade imbalances, global economic competition, and domestic growth concerns."
1990-04-30,"The overall trend for ""Economy:OT"" has been towards a shrinking deficit, but recent data and economic context point to a potential reversal. Expect continued high volatility driven by persistent trade imbalances and domestic economic weakness, with a risk of the deficit widening again."
1990-05-31,"The series has generally trended towards less negative values amidst significant monthly volatility, driven by US economic expansion. However, the next 18 months are likely to see this improvement decelerate or slightly reverse, with continued high volatility, as the economy faces domestic weaknesses and persistent trade imbalances."
1990-06-30,"The Economy:OT metric is expected to stagnate or slightly worsen over the next 18 months, driven by persistent challenges like bad loans, worthless property, and rising unemployment. Significant volatility is likely to continue as the economy navigates these headwinds."
1990-07-31,"The Economy:OT is poised for a period of increasing negative values and high volatility over the next 18 months, primarily driven by escalating geopolitical tensions, particularly the threat of oil production disruptions by Iraq, and a deepening Soviet economic crisis. Domestic economic weaknesses, including rising foreign debt and bad loans, will exacerbate this challenging outlook."
1990-08-31,"The economy faces a significant downturn over the next 18 months, driven primarily by the recent Iraqi invasion and subsequent oil price shock, which exacerbates existing domestic vulnerabilities. Expect continued high volatility and a sustained period of economic contraction or stagnation."
1990-09-30,"The recent sharp deterioration in the ""Economy:OT"" indicator, primarily driven by the Iraqi invasion and subsequent oil price shock, suggests a period of sustained economic challenge and elevated negativity. High volatility is expected to persist as global geopolitical tensions, trade imbalances, and domestic economic weaknesses continue to exert pressure."
1990-10-31,"The Economy:OT is forecast to remain significantly negative and highly volatile over the next 18 months, with a likely continuation of the recent worsening trend. This trajectory is primarily driven by the lingering economic fallout from the Gulf War, including oil price instability, coupled with persistent trade imbalances and rising foreign debt."
1990-11-30,"The ""Economy:OT"" is expected to remain significantly negative and highly volatile over the next 18 months, driven by the ongoing US economic slowdown and the persistent impact of the Iraqi invasion on global oil prices. This period will likely see continued recessionary pressures and geopolitical uncertainty contributing to depressed values and sharp fluctuations."
1990-12-31,"The ""Economy:OT"" is projected to maintain its high monthly volatility and pronounced seasonal pattern over the next 18 months, with values likely to become more negative overall due to ongoing economic slowdowns and the persistent impact of external shocks like oil price instability."
1991-01-31,"The Economy:OT values, which have generally become less negative during the recent economic slowdown, are expected to exhibit significant volatility over the next 18 months. As the economy navigates ""preliminary signs of recovery"" amidst the persistent uncertainty of the Gulf crisis, values will likely fluctuate, with a potential trend towards more negative figures if economic expansion gains momentum."
1991-02-28,"Economy:OT is expected to continue its recent strong upward trend, becoming less negative over the next 18 months, though significant month-to-month volatility will persist. This improvement occurs despite broader economic distress and recession warnings, suggesting a potential counter-cyclical behavior or a risk of reversal if the general economy deteriorates further."
1991-03-31,"The ""Economy:OT"" indicator is expected to continue its recent trend of significant improvement, moving towards less negative values, potentially signaling an early recovery or resilience in specific economic components despite the ongoing broader recession. However, this progress is likely to be accompanied by notable volatility, driven by persistent global economic uncertainties and the lingering effects of the recession."
1991-04-30,"The ""Economy:OT"" indicator has shown a strong trend towards less negative values in recent months, suggesting an ongoing improvement in this specific economic balance. This upward trajectory is anticipated to continue over the next 18 months, though persistent high volatility is expected, driven by the broader economic recession and global trade dynamics."
1991-05-31,"The economy is expected to begin a slow, volatile recovery from its current recessionary state over the next 18 months, with values gradually trending towards less negative territory. This recovery will be influenced by the ongoing unwinding of Gulf War impacts and persistent global economic uncertainties, leading to continued fluctuations."
1991-06-30,"The Economy:OT is expected to continue its trend of becoming less negative over the next 18 months, suggesting a gradual improvement, likely influenced by the ongoing recession's impact on trade balances. However, high monthly volatility and recurring seasonal dips in late summer and fall are anticipated, with risks tied to the fragile economic recovery and global uncertainties."
1991-07-31,"The Economy:OT, after a brief post-Gulf War improvement, has shown a sharp deterioration, indicating a likely return to more negative values over the next 18 months. This period is expected to be highly volatile, influenced by ongoing US recessionary pressures, global economic instability, and potential commodity price fluctuations."
1991-08-31,"The Economy:OT is forecast to continue its recovery, gradually moving towards less negative values over the next 18 months, building on the recent upturn from the 1990-91 recession. However, significant volatility is expected as the economy navigates persistent global instability, particularly from the ongoing economic struggles in the former Soviet Union, and potential lingering domestic challenges."
1991-09-30,"The Economy:OT indicator is expected to generally trend towards less negative values over the next 18 months, signifying ongoing improvement, but will likely experience continued high volatility. This forecast is primarily driven by the pace of the US economic recovery, tempered by persistent global economic instabilities and evolving international trade dynamics."
1991-10-31,"The Economy:OT is expected to remain significantly negative and highly volatile over the next 18 months. Persistent structural challenges like corporate debt and trade imbalances, coupled with ongoing global economic fragility, will likely impede a sustained recovery, leading to continued depressed levels."
1991-11-30,"The Economy:OT is expected to trend towards more negative values or remain depressed in the near term, reflecting the US economy's slip into recession at the end of the historical period. Significant monthly volatility is anticipated, driven by the depth and duration of the recession, persistent domestic economic challenges, and evolving global geopolitical landscape."
1991-12-31,"The US economy is anticipated to continue its recessionary trend from late 1991, maintaining significant volatility with recurring seasonal downturns, as it navigates the profound global economic shifts following the collapse of the Soviet Union and persistent trade challenges."
1992-01-31,"The Economy:OT metric is expected to generally hover in a less negative range over the next 18 months, reflecting the continued slow economic growth and persistent underlying economic issues. Significant month-to-month volatility will persist, influenced by global economic conditions and recurring seasonal patterns."
1992-02-29,"The ""Economy:OT"" indicator is projected to continue its recent trend of improvement, becoming less negative over the next 18 months, reflecting an ongoing recovery from the recent recession and adaptation to post-Cold War economic conditions. However, the series will likely exhibit continued significant monthly volatility."
1992-03-31,"The Economy:OT is expected to continue its highly volatile trajectory, with a general trend towards improvement as the US economy gradually recovers from recession and adapts to the post-Cold War environment. However, ongoing challenges like slow growth and global instability will likely drive significant fluctuations."
1992-04-30,"The ""Economy:OT"" indicator is expected to continue its pronounced seasonal pattern of late summer/fall declines followed by winter/early spring recoveries, maintaining high volatility. While the long-term trend has shown a gradual improvement (less negative values), the ongoing US economic duress and slow growth suggest this improvement will likely decelerate or experience temporary setbacks in the forecast period."
1992-05-31,"The ""Economy:OT"" series is expected to continue its trend of becoming less negative, indicating an ongoing improvement, driven by economic reforms and adaptation to globalization. However, significant monthly volatility and recurring seasonal dips, particularly in the late summer and fall, are likely to persist, reflecting underlying economic duress and global uncertainties."
1992-06-30,"The Economy:OT series is expected to continue its pronounced seasonal volatility, with values likely becoming more negative through late 1992 before experiencing a cyclical rebound in early 1993. The overall period will be characterized by a challenging and slow recovery, driven by persistent domestic economic problems and global instability, maintaining significant downside risks."
1992-07-31,"The negative economic indicator is forecast to continue its recent worsening trend, likely deepening further over the next 18 months, driven by persistent economic duress, a surging trade deficit, and global instability. High volatility is expected to persist as the economy struggles to find sustained positive momentum."
1992-08-31,"The Economy:OT is forecast to continue its recent sharp decline, indicating a worsening economic situation, with high volatility expected over the next 18 months. This trend is driven by persistent unemployment, large deficits, and ongoing trade imbalances."
1992-09-30,"The Economy:OT is expected to experience continued high volatility, likely seeing a moderate rebound from its current deeply negative levels in the near term. However, persistent challenges such as slow recovery from recession, high unemployment, large deficits, and a surging trade deficit will likely prevent a sustained improvement, keeping values significantly negative over the next 18 months."
1992-10-31,"The Economy:OT metric is projected to continue its recent decline, trending towards more negative values over the next 18 months, driven by persistent challenges from the slow post-recession recovery and underlying structural economic issues. High volatility is expected to persist across this period."
1992-11-30,"The Economy:OT series is expected to remain deeply negative over the next 18 months, driven by the ongoing slow economic recovery, persistent unemployment, and global uncertainties. The series will exhibit continued high volatility, with a likely seasonal pattern of temporary improvements in early spring followed by significant deterioration into late summer and fall."
1992-12-31,"The Economy:OT is expected to remain in a significantly negative range over the next 18 months, reflecting the ongoing slow recovery from the 1990-91 recession and persistent structural challenges. High month-to-month volatility will likely continue, driven by factors such as trade imbalances, unemployment, and broader global economic weakness."
1993-01-31,"The Economy:OT is expected to see some short-term moderation in its negative values, followed by a return to deeper negativity in the latter half of 1993 and 1994, continuing its cyclical pattern. Significant volatility will persist, primarily driven by the slow economic recovery, persistent unemployment, and global economic weakness."
1993-02-28,"The Economy:OT is projected to see a slow, gradual improvement over the next 18 months, moving away from recent lows but remaining in a negative range. However, significant volatility is expected to persist, driven by ongoing federal budget concerns, unemployment, and the broader global economic adjustments post-recession."
1993-03-31,"The Economy:OT is projected to remain in negative territory over the next 18 months, continuing its volatile trend as the economy slowly recovers from the early 1990s recession. Despite broader economic growth, persistent challenges such as increased foreign ownership and lingering deficits will likely keep this indicator negative, with fluctuations driven by ongoing domestic and international economic adjustments."
1993-04-30,"The Economy:OT metric is expected to trend towards less negative values over the next 18 months, driven by the ongoing economic recovery and growth. However, significant monthly volatility will persist, with potential short-term corrections occurring within this broader improving trend."
1993-05-31,"The Economy:OT values are expected to trend upwards, becoming less negative over the next 18 months, as the economy officially moves past its recessionary low point and enters a recovery phase. While overall volatility should moderate, the pace of improvement will be influenced by ongoing global economic adjustments and domestic policy effectiveness."
1993-06-30,"The Economy:OT metric is projected to gradually improve (become less negative) over the next 18 months, following the recent severe downturn and the official low point of the recession, though significant volatility is expected. This recovery will be influenced by the slow pace of economic growth and persistent unemployment, with potential for continued cyclical fluctuations."
1993-07-31,"The ""Economy:OT"" is expected to remain highly volatile over the next 18 months, with a strong likelihood of sustained or deepening negative values. This outlook is primarily driven by ongoing slow economic growth, persistent unemployment, and the potential for increased fluctuations following the Federal Reserve's recent shift in monetary policy."
1993-08-31,"The ""Economy:OT"" is projected to remain in a deeply negative range, continuing its recent downward trend and exhibiting high volatility. This trajectory is primarily driven by the recent significant Federal Reserve policy shift and ongoing economic restructuring, which introduce considerable uncertainty."
1993-09-30,"The economy is expected to remain under significant negative pressure over the next 18 months, struggling for sustained recovery from recent historical lows, with high volatility persisting. This outlook is primarily driven by recent Federal Reserve policy shifts and ongoing global economic weakness."
1993-10-31,"The prevailing trend of increasingly negative economic performance is expected to continue over the next 18 months, primarily driven by the persistent and expanding fiscal deficit. This sustained downward pressure carries risks of heightened volatility, particularly given the recent shift in monetary policy and concerns about rising inflation and interest rates."
1993-11-30,"The Economy:OT series is projected to continue its overall downward trend, with values remaining deeply negative and exhibiting persistent volatility. This trajectory is primarily driven by the ongoing large fiscal deficits and the evolving impacts of the Federal Reserve's recent policy shift."
1993-12-31,"The ""Economy:OT"" indicator is expected to continue its negative trajectory, potentially deepening further, driven by persistent fiscal deficits and the ongoing adjustments from the recent Federal Reserve policy shift. Significant volatility is anticipated as the economy navigates the initial impacts and restructuring associated with the North American Free Trade Agreement."
1994-01-31,"The Economy:OT is projected to continue its overall declining trend, with values remaining significantly negative and highly volatile over the next 18 months. This trajectory is influenced by ongoing economic adjustments and the immediate impact of the Northridge earthquake, which suggests a short-term slowdown."
1994-02-28,"The Economy:OT indicator is forecast to remain significantly negative, continuing its overall downward trend with high volatility. Recent trade policy shifts, such as NAFTA and the lifting of the Vietnam trade ban, alongside domestic economic adjustments and natural disaster impacts, will likely drive continued fluctuations and potentially deeper deficits."
1994-03-31,"The Economy:OT is forecast to continue its recovery, with values becoming less negative over the next 18 months, supported by recent strong economic growth and trade agreements like NAFTA. Despite this positive trajectory, the series will likely exhibit moderate volatility, with potential for periodic fluctuations."
1994-04-30,"The ""Economy:OT"" is projected to continue its highly volatile and significantly negative trend over the next 18 months, with a tendency for its negative values to deepen, influenced by ongoing fiscal pressures and potential trade imbalances despite the broader economic recovery."
1994-05-31,"The Economy:OT is anticipated to continue its trend of increasing negative magnitude, suggesting a worsening deficit or negative balance. This trajectory will likely be driven by the ongoing economic recovery, which may lead to increased imports or government spending, coupled with the evolving impacts of NAFTA and persistent global economic instability, maintaining significant volatility."
1994-06-30,"The Economy:OT series is projected to continue its trend of increasing negative values over the next 18 months, indicating a worsening deficit or negative economic contribution. High volatility, particularly around the mid-year period, is expected to persist, driven by ongoing global trade dynamics and the US fiscal situation, despite broader signs of US economic recovery."
1994-07-31,"The Economy:OT is projected to continue its pronounced downward trend, becoming more negative over the next 18 months, driven by persistent deficits and ongoing global economic headwinds. Expect continued significant monthly volatility."
1994-08-31,"The ""Economy:OT"" series is expected to continue its pronounced negative trend, with values becoming increasingly negative over the next 18 months. High month-to-month volatility will persist, potentially with larger swings, driven by ongoing trade dynamics and international economic conditions despite broader US economic recovery."
1994-09-30,"The Economy:OT is projected to continue its significant negative trend over the next 18 months, with values becoming increasingly negative and exhibiting high monthly volatility. This trajectory is driven by ongoing global economic instability and international trade imbalances, while maintaining its distinct annual seasonal pattern."
1994-10-31,"The Economy:OT is expected to continue its pronounced downward trend, with values becoming increasingly negative over the next 18 months. High volatility will persist, driven by ongoing structural economic challenges and global instabilities."
1994-11-30,"The significant widening of the deficit observed throughout 1994 is expected to continue over the next 18 months, driven by ongoing economic growth and international trade dynamics, maintaining high monthly volatility."
1994-12-31,"The ""Economy:OT"" series is projected to continue its multi-year trend of becoming more negative over the next 18 months, indicating a worsening situation for this specific economic indicator. Expect persistent significant monthly volatility, driven by the interplay of US economic growth, evolving trade policies, and global economic conditions."
1995-01-31,"The US trade deficit is projected to continue its widening trend over the next 18 months, with values becoming increasingly negative, driven by sustained economic growth and the ongoing impacts of trade agreements like NAFTA. Expect continued monthly fluctuations, with deficits likely peaking during mid-year periods."
1995-02-28,"The Economy:OT is projected to continue its long-term trend of worsening, with the underlying deficit reaching increasingly negative levels over the next 18 months, driven by ongoing US economic growth and international trade dynamics. Significant monthly volatility, characterized by sharp fluctuations between periods of deepening deficit and temporary rebounds, will persist."
1995-03-31,"The ""Economy:OT"" is forecast to continue its overall downward trend, with values becoming increasingly negative over the next 18 months, primarily driven by a persistent and growing US trade deficit. Significant monthly volatility, including a recurring seasonal pattern, will persist, influenced by ongoing currency instability and global economic conditions."
1995-04-30,"The Economy:OT series is projected to continue its downward trend, with values becoming increasingly negative over the next 18 months. This worsening trajectory is primarily driven by persistent trade deficits and a global economic slowdown, accompanied by continued significant monthly volatility."
1995-05-31,"The ""Economy:OT"" is projected to continue its downward trend, becoming increasingly negative over the next 18 months, driven by persistent trade deficits and a global economic slowdown. High volatility is expected to persist, with notable seasonal drops around mid-year, exacerbated by ongoing currency fluctuations and international trade disputes."
1995-06-30,"The Economy:OT is projected to continue its overall negative trajectory, with values becoming increasingly negative over the next 18 months. Expect significant monthly volatility, primarily driven by persistent trade deficits, currency instability, and the economic health of key international partners."
1995-07-31,"The ""Economy:OT"" is projected to continue its downward trend, marked by increasingly negative values, primarily driven by persistent and widening trade deficits. Significant volatility is expected to persist as the economy responds to global economic conditions and recent monetary policy adjustments."
1995-08-31,"The ""Economy:OT"" is forecast to continue its overall deteriorating trend, with values generally becoming more negative over the next 18 months, largely influenced by persistent trade deficits and broader economic stagnation. Significant monthly volatility is expected to persist, likely reflecting seasonal patterns and responding to ongoing economic policy shifts and global conditions."
1995-09-30,"The ""Economy:OT"" is expected to remain significantly negative over the next 18 months, continuing its overall downward trend with substantial monthly volatility. This trajectory will likely be driven by persistent trade deficits and ongoing global economic pressures, despite any short-term periods of stabilization or minor recovery."
1995-10-31,"The series is expected to continue its overall downward trend, with values becoming increasingly negative over the next 18 months. Significant monthly volatility will persist, marked by a strong seasonal improvement around year-end followed by sharp declines throughout the remainder of each year. Persistent trade imbalances and broader economic adjustments will likely drive these fluctuations."
1995-11-30,"The Economy:OT series is expected to see its deficit stabilize or slightly moderate over the next 18 months, following a period of significant expansion. High monthly volatility will persist, driven by international trade dynamics and global economic conditions, with underlying economic vulnerabilities posing notable risks."
1995-12-31,"The Economy:OT is expected to remain substantially negative, indicating persistent deficits, over the next 18 months. Significant monthly volatility is anticipated, with deficits likely to widen during summer and fall periods, driven by ongoing international trade dynamics and underlying US competitiveness challenges."
1996-01-31,"The Economy:OT is projected to experience a continued trend of widening deficits over the next 18 months, driven by robust domestic economic activity and persistent global trade imbalances. Expect significant monthly volatility, with overall deficit levels remaining elevated, influenced by ongoing international economic pressures and trade policy adjustments."
1996-02-29,"The Economy:OT is expected to continue its pronounced seasonal volatility, with deficits widening through spring and summer before narrowing towards year-end. Despite recent improvements, the underlying trend points to a persistent and potentially increasing trade deficit over the next 18 months, driven by ongoing US economic activity and global trade dynamics."
1996-03-31,"The Economy:OT is forecast to continue its recent trend of narrowing deficits over the next 18 months, stabilizing at significantly more favorable levels than observed in 1994-1995. While moderate monthly volatility is expected, especially around seasonal shifts, the overall trajectory points towards sustained improvement, driven by a stronger underlying economic balance."
1996-04-30,"The Economy:OT is projected to exhibit continued significant volatility, with values likely to deepen into more negative territory during mid-year periods before experiencing end-of-year recoveries. This pattern is primarily driven by the fluctuating US trade balance, which, despite overall economic growth, has shown a trend towards larger deficits."
1996-05-31,"The Economy:OT, likely representing the trade deficit, has shown a persistent widening trend over the historical period, marked by significant annual seasonality with deficits typically increasing mid-year. This pattern of increasing deficits and high volatility is expected to continue for the next 18 months, primarily driven by ongoing trade dynamics and global economic conditions."
1996-06-30,"The US trade deficit is expected to continue its established seasonal pattern, with wider deficits typically occurring in mid-year and narrowing towards year-end. While remaining volatile, the overall magnitude of the deficit will likely stabilize or show a modest improvement compared to the peaks observed in 1995, driven by ongoing US economic strength and evolving global trade dynamics."
1996-07-31,"The Economy:OT is expected to remain highly volatile, continuing its cyclical pattern of significant swings. While an immediate short-term improvement (less negative values) is anticipated following the recent record low, the underlying trend suggests subsequent downturns could reach even deeper negative levels, primarily driven by persistent global trade imbalances and broader economic conditions."
1996-08-31,"The Economy:OT is forecast to continue its trend of widening, exhibiting high monthly volatility and a persistent seasonal pattern of year-end improvements followed by increases in the deficit. This trajectory will be primarily driven by the interplay of US domestic demand, global economic dynamics, and ongoing trade policies."
1996-09-30,"The ""Economy:OT"" series is projected to remain deeply negative over the next 18 months, characterized by continued high volatility and a general trend towards more negative values, primarily driven by ongoing US trade deficits and geopolitical factors. A recurring seasonal pattern of less negative values in winter and more negative values in summer/fall is expected to persist."
1996-10-31,"The Economy:OT is forecast to remain significantly negative over the next 18 months, indicating persistent deficits, primarily driven by strong domestic economic activity fueling import demand. Expect continued high month-to-month volatility, with ongoing trade imbalances and international policy actions posing notable risks."
1996-11-30,"The US trade deficit is projected to continue its overall deepening trend over the next 18 months, maintaining substantial negative values. This persistent deficit will be driven by a strong domestic economy increasing import demand and ongoing global trade dynamics, with significant monthly volatility expected."
1996-12-31,"The trade deficit is expected to remain substantial, likely continuing to deepen during seasonal troughs, driven by a strong US economy and ongoing global trade dynamics. Volatility will persist, with significant monthly fluctuations around this elevated level."
1997-01-31,"The Economy:OT is projected to continue its trend of increasing negative values over the next 18 months, indicating a widening underlying deficit. This will be accompanied by substantial monthly volatility, characterized by a recurring seasonal pattern of larger negative values during summer and fall, primarily driven by the ongoing fluctuations in the US international trade balance."
1997-02-28,"The US trade deficit is expected to generally widen over the next 18 months, driven by the sustained strong growth and expansion of the US economy, which typically increases import demand. This trend will be accompanied by continued high monthly volatility, reflecting persistent seasonal patterns with larger deficits around mid-year."
1997-03-31,"The Economy:OT series, likely representing a trade deficit, will continue to exhibit significant monthly volatility, with the recent narrowing of the deficit expected to reverse seasonally in the near term, leading to recurring peaks in deficit magnitude around mid-year and early-year, followed by contractions. Driven by the US economy's sustained expansion and associated import demand, the overall deficit magnitude is expected to remain substantial, with a potential for gradual widening over the forecast horizon, while still exhibiting significant short-term fluctuations."
1997-04-30,"The overall trade deficit is expected to continue its trend of widening over the next 18 months, driven by sustained strength in the US economy and associated import demand. Significant monthly volatility will persist, with the deficit experiencing periods of both expansion and temporary narrowing."
1997-05-31,"The US trade deficit is expected to remain elevated and potentially widen over the next 18 months, primarily driven by US economic conditions and global trade dynamics affecting exports and imports. The series will continue to exhibit significant month-to-month volatility, with recurring seasonal patterns of larger deficits mid-year."
1997-06-30,"The Economy:OT will continue to experience substantial month-to-month volatility, without a discernible long-term directional trend. Its trajectory will be primarily influenced by the evolving pace of US economic activity and shifts in international trade balances, particularly with rapidly growing regions like Asia."
1997-07-31,"The Economy:OT is forecast to remain negative over the next 18 months, exhibiting significant month-to-month volatility driven primarily by the persistent US trade deficit. Expect continued fluctuations influenced by global economic conditions and trade policies, with a seasonal tendency for larger negative values during summer months."
1997-08-31,"The Economy:OT is set to maintain its pronounced seasonality and high volatility over the next 18 months, with the trade deficit typically expanding in summer/early fall and contracting in late fall/winter. The prevailing trend indicates a further widening of the deficit, primarily influenced by strong domestic demand and the adverse effects of the unfolding Asian financial crisis on global trade."
1997-09-30,"The Economy:OT is expected to continue exhibiting significant monthly volatility, driven by strong seasonal patterns of widening deficits in mid-year and narrowing towards year-end. The overall magnitude of the deficit will likely remain substantial, potentially trending larger, influenced by a robust domestic economy increasing imports and persistent global economic uncertainties affecting exports."
1997-10-31,"The US trade deficit is projected to continue its widening trend over the next 18 months, primarily driven by robust domestic economic growth. This will be accompanied by a persistent annual pattern of larger deficits during the summer and fall, with potential for increased volatility due to ongoing global economic challenges."
1997-11-30,"The deficit is expected to continue its widening trend over the next 18 months, driven by robust domestic demand for imports and challenging global economic conditions affecting exports. Significant monthly volatility will persist, reflecting the dynamic nature of international trade and potential external shocks."
1997-12-31,"The US trade deficit is expected to continue its pronounced seasonal pattern, with deficits narrowing in the first quarter and expanding considerably through the summer and fall months. An underlying trend of persistent or slightly increasing deficits is anticipated, primarily driven by robust domestic demand and the potential for global economic instability, particularly from the ongoing Asian financial crisis, to influence trade flows."
1998-01-31,"The deficit is forecast to remain elevated and highly volatile over the next 18 months, largely due to the persistent economic uncertainty from the ongoing Asian financial crisis. Expect seasonal widening during the mid-year periods."
1998-02-28,"The Economy:OT series, indicative of the US trade deficit, is projected to continue its overall trend of deepening over the next 18 months, driven by a robust domestic economy and the persistent effects of the Asian financial crisis. Significant monthly volatility and a recurring seasonal pattern of mid-year widening are expected to persist."
1998-03-31,"The US trade deficit is projected to generally widen over the next 18 months, primarily driven by the ongoing Asian financial crisis which is likely to suppress US exports while a strong domestic economy sustains import demand. This period will continue to exhibit significant monthly volatility, with the deficit typically expanding during the summer and early fall."
1998-04-30,"The US trade deficit is projected to continue its upward trend over the next 18 months, driven by robust domestic demand and the ongoing impacts of the Asian financial crisis. Expect continued monthly volatility, with deficits generally widening."
1998-05-31,"The US international trade deficit is projected to continue its recent widening trend over the next 18 months, primarily driven by the lingering effects of the Asian financial crisis and robust domestic demand. Volatility in monthly figures will persist within this overall trend of an expanding deficit."
1998-06-30,"The Economy:OT is forecast to show a continued trend of deepening deficits over the next 18 months, primarily driven by a robust domestic US economy and the lingering effects of the Asian financial crisis. Expect persistent significant monthly volatility and strong annual seasonality to continue."
1998-07-31,"The US trade deficit is projected to continue widening over the next 18 months, driven by robust domestic demand for imports and the ongoing dampening effect of the Asian financial crisis on exports. Expect persistent month-to-month volatility in the deficit's magnitude."
1998-08-31,"The US trade deficit is projected to continue widening over the next 18 months, driven by persistent global economic volatility stemming from the ongoing Asian financial crisis. Expect continued significant monthly fluctuations, with the overall trend indicating larger deficits."
1998-09-30,"The international trade deficit is projected to continue its widening trend over the next 18 months, primarily driven by a robust domestic economy and the ongoing global economic volatility stemming from the Asian financial crisis, while exhibiting significant month-to-month fluctuations."
1998-10-31,"The US international trade deficit is forecast to continue widening significantly over the next 18 months, driven by robust domestic demand and persistent global economic volatility stemming from the Asian financial crisis. Monthly fluctuations are expected to remain pronounced, with the deficit reaching new, more negative levels."
1998-11-30,"The US trade deficit is projected to continue its widening trend over the next 18 months, driven by a robust domestic economy and ongoing global economic volatility, particularly from the Asian financial crisis. Monthly values will exhibit significant fluctuations around this upward trajectory."
1998-12-31,"The U.S. international trade deficit is projected to continue its widening trend over the next 18 months, primarily driven by robust domestic demand increasing imports and persistent global economic volatility potentially hindering export growth. Expect high monthly volatility with a recurring seasonal pattern of larger deficits in the summer and early autumn."
1999-01-31,"The U.S. international trade deficit is projected to continue its widening trend over the next 18 months, fueled by strong domestic economic growth and the persistent effects of the Asian financial crisis, with sustained high volatility in monthly figures due to ongoing global economic uncertainties."
1999-02-28,"The U.S. international trade deficit is expected to continue its widening trend over the next 18 months, driven by robust domestic economic growth stimulating import demand. While monthly fluctuations will persist, the overall magnitude of the deficit will likely increase, with potential for heightened volatility."
1999-03-31,"The US trade deficit is expected to continue widening over the next 18 months, driven by the robust domestic economy increasing imports and persistent global economic challenges impacting exports. This trend will be accompanied by significant monthly volatility, with the deficit generally deepening, especially during the mid-year periods."
1999-04-30,"The US trade deficit is projected to continue widening over the next 18 months, driven by robust domestic economic growth sustaining import demand. Expect persistent high volatility, with global economic recovery from the Asian financial crisis being a key factor influencing export performance."
1999-05-31,"The US international trade deficit is projected to continue its widening trend over the next 18 months, primarily driven by sustained strong domestic economic growth boosting imports. While moderate month-to-month volatility will remain, the overall deficit is expected to increase in magnitude, with global economic conditions posing a notable risk."
1999-06-30,"The U.S. trade deficit is projected to continue its accelerating widening trend over the next 18 months, primarily driven by sustained robust domestic economic growth stimulating imports. While month-to-month volatility will persist, the overall direction indicates a significantly larger deficit."
1999-07-31,"The U.S. trade deficit will continue to widen significantly over the next 18 months, propelled by the strong domestic economy and robust consumer demand that drive increased imports. Monthly volatility will persist within this overall trend."
1999-08-31,"The trade deficit is projected to continue widening significantly over the next 18 months, driven by sustained robust domestic economic growth and strong consumer demand fueling imports. Expect increasingly negative values with continued monthly volatility, as the deficit magnitude likely exceeds historical levels."
1999-09-30,"The US trade deficit will continue its significant widening trend over the next 18 months, primarily driven by sustained domestic economic strength and evolving global trade dynamics. Monthly fluctuations will persist, with the overall deficit reaching new record levels."
1999-10-31,"The Economy:OT metric is projected to continue its significant downward trend, with values becoming increasingly negative over the next 18 months, primarily driven by the persistent widening of the US international trade deficit. This trend carries risks of sustained economic imbalance and is expected to maintain high volatility."
1999-11-30,"The US international trade deficit is expected to continue its significant and accelerating widening trend over the next 18 months, primarily driven by robust domestic economic growth sustaining high import demand. Monthly volatility in the deficit will remain elevated, influenced by ongoing global economic adjustments and trade dynamics."
1999-12-31,"The US international trade deficit is forecast to continue widening significantly over the next 18 months, primarily driven by the robust domestic economy sustaining strong import demand. While monthly fluctuations will persist, the overall trend indicates an increasing negative balance, with potential risks from global economic conditions impacting export growth."
2000-01-31,"The ""Economy:OT"" series is projected to continue its significant downward trend, becoming increasingly negative over the next 18 months, primarily driven by the persistent widening of the US international trade deficit. While monthly fluctuations will occur, the overall trajectory indicates a worsening balance, reflecting strong domestic demand for imports."
2000-02-29,"The trade deficit is expected to continue its significant widening trend over the next 18 months, driven primarily by robust US economic growth fueling increased imports. While monthly fluctuations are likely, the overall trajectory will be towards increasingly negative values."
2000-03-31,"The Economy:OT is projected to continue its significant worsening trend over the next 18 months, exhibiting increasingly negative values with sustained month-to-month volatility. This trajectory is primarily driven by the persistent and widening U.S. international trade deficit, fueled by strong domestic economic growth and robust import demand."
2000-04-30,"The overall trade deficit is projected to continue its significant widening trend over the next 18 months, primarily driven by robust domestic demand in the US. This will likely lead to sustained high volatility and new record negative values."
2000-05-31,"The Economy:OT is forecast to continue its significant and accelerating decline over the next 18 months, with persistent monthly fluctuations around this downward trend. This deterioration is primarily driven by robust US economic growth, which fuels strong import demand that consistently outpaces export growth."
2000-06-30,"The US trade deficit is projected to continue widening significantly over the next 18 months, driven by sustained strong domestic economic growth and robust import demand. While monthly fluctuations are expected, the overall trend indicates a persistent increase in the deficit."
2000-07-31,"The US international trade deficit is expected to continue widening significantly over the next 18 months, driven by robust domestic demand for imports outpacing export growth. While monthly fluctuations will occur, the overall trend points to increasingly negative values for the ""Economy:OT"" series."
2000-08-31,"Despite a recent slight decrease, the overall trade deficit is projected to continue widening over the next 18 months, driven primarily by sustained strong US economic growth and robust import demand, with continued monthly volatility."
2000-09-30,"The trade deficit is forecast to continue its widening trend over the next 18 months, driven primarily by the robust US economy and strong import demand. While month-to-month volatility is expected, the overall deficit will likely become more negative, with global economic stabilization efforts potentially influencing the pace of change."
2000-10-31,"The ""Economy:OT"" indicator is projected to continue its strong downward trend, becoming increasingly negative over the next 18 months. This persistent deterioration, likely influenced by the robust domestic economic expansion, will be accompanied by significant month-to-month volatility."
2000-11-30,"The US international trade deficit is projected to continue its widening trend over the next 18 months, primarily driven by sustained strong domestic demand and robust economic growth. Expect continued monthly volatility around this overall trajectory."
2000-12-31,"The Economy:OT deficit is expected to continue its significant widening trend over the next 18 months, primarily driven by the strong US economy and robust import demand. Monthly fluctuations are anticipated to persist, with the overall magnitude of the deficit increasing and volatility remaining a characteristic feature."
2001-01-31,"The international trade deficit is expected to continue its widening trend over the next 18 months, driven by ongoing domestic demand within the US economy. While significant monthly volatility will persist, the rate at which the deficit increases may moderate somewhat due to projected slower GDP growth."
2001-02-28,"The trade deficit is projected to continue narrowing over the next 18 months, primarily driven by the ongoing deceleration of the US economy which is curbing import demand. While monthly volatility will remain, the overall trend indicates a sustained reduction in the deficit from its prior peaks."
2001-03-31,"The trade deficit is expected to stabilize or show a modest narrowing trend over the next 18 months, departing from the rapid widening observed previously. This shift will be primarily driven by the ongoing deceleration of the US economy, which is likely to temper import growth, although month-to-month volatility in trade flows is anticipated."
2001-04-30,"The US ""Other Trade"" (likely representing the trade deficit) has consistently widened with high monthly volatility. While the ongoing economic slowdown may temper the rapid expansion, the deficit is expected to remain substantial and fluctuate significantly, driven by the balance of declining imports and exports."
2001-05-31,"Following a period of consistent widening, the trade deficit is now showing signs of narrowing, a trend expected to continue over the next 18 months. This moderation is primarily driven by the ongoing US economic slowdown reducing import demand, though monthly fluctuations will persist."
2001-06-30,"The US trade deficit, which has generally widened over the historical period, is likely to experience continued volatility in the coming months. While the ongoing economic slowdown may lead to a temporary moderation or narrowing of the deficit, the recent tax relief and economic stimulation efforts could eventually contribute to a renewed widening trend."
2001-07-31,"The ""Economy:OT"" is expected to continue its trend of deepening negative values over the next 18 months, indicating a persistent and likely widening deficit, albeit with significant month-to-month volatility. While the ongoing US economic slowdown may exert some moderating pressure on import demand, underlying structural factors are likely to maintain this downward trajectory, potentially influenced by recent fiscal policy changes."
2001-08-31,"The US international trade deficit is expected to remain substantial and volatile over the next 18 months, as the underlying imbalance between exports and imports persists despite the economic slowdown. While significant narrowing is not anticipated, the effects of recent economic stimulus measures will likely influence its trajectory."
2001-09-30,"The Economy:OT is expected to exhibit significant volatility and a continued narrowing of the deficit in the near term, primarily driven by the economic disruptions and reduced trade activity following the September 11 attacks. The longer-term trajectory will depend on the evolving global economic recovery and policy responses to these profound geopolitical shifts."
2001-10-31,"The US trade deficit has significantly widened over the past three years, reaching substantial levels by late 2001. While the US and global economic slowdown, exacerbated by the September 11 attacks, should lead to reduced import demand, the deficit will likely remain high and volatile, with a potential for gradual stabilization or narrowing over the next 18 months."
2001-11-30,"The international trade deficit is expected to remain substantial and highly volatile over the next 18 months, fluctuating around its elevated levels. While US and global economic slowdowns will impact both imports and exports, a sustained narrowing trend is not clearly indicated, suggesting continued significant trade imbalances."
2001-12-31,"The negative trend in the series is expected to stabilize or become less pronounced in the near term, as the US economy navigates its recessionary phase, dampening demand. However, significant monthly volatility is anticipated, driven by the uncertain pace of economic recovery and ongoing global economic challenges."
2002-01-31,"The Economy:OT series, representing the trade deficit, is expected to continue its general widening trend over the next 18 months, driven by the ongoing US recession, global economic slowdown, and the lingering effects of the September 11th attacks and petroleum price volatility. The series will exhibit significant monthly fluctuations, including a tendency for temporary improvements at year-end followed by renewed widening in early months."
2002-02-28,"The Economy:OT, representing the trade deficit, is expected to continue its widening trend over the next 18 months, driven by a recovering domestic economy stimulating import demand. Significant volatility will persist, influenced by the pace of global economic recovery and ongoing geopolitical uncertainties."
2002-03-31,"The trade deficit is expected to remain substantial and highly volatile over the next 18 months, influenced by the ongoing US recession and a pervasive global economic slowdown. While the recession may temper import demand, persistent challenges to exports suggest the deficit will continue at elevated levels."
2002-04-30,"The US trade deficit is projected to continue its widening trend over the next 18 months, maintaining high levels of volatility. This trajectory is primarily driven by the persistent structural imbalance in trade, further exacerbated by the ongoing global economic slowdown and the lingering impacts of the recent recession."
2002-05-31,"The trade deficit is expected to remain substantial and highly volatile over the next 18 months, with a likely continuation of the widening trend driven by persistent import demand and global economic conditions impacting exports."
2002-06-30,"The substantial trade deficit is forecast to generally widen over the next 18 months, maintaining its high volatility amidst ongoing US economic challenges and a persistent global slowdown."
2002-07-31,"The US international trade deficit is expected to continue its widening trend over the next 18 months, maintaining high monthly volatility, driven by ongoing US economic challenges and global weakening."
2002-08-31,"The US trade deficit is projected to continue its widening trend over the next 18 months, maintaining persistently high magnitudes with significant monthly volatility driven by the ongoing imbalance between imports and exports. Geopolitical risks, particularly the potential for a war in Iraq and its associated economic impacts, present a notable upward risk to the deficit's magnitude and overall economic stability."
2002-09-30,"The trade deficit is expected to remain substantial and highly volatile over the next 18 months, with a tendency to widen further. This outlook is primarily driven by persistent global economic uncertainties, ongoing domestic economic challenges, and significant geopolitical risks, particularly the potential for war in Iraq."
2002-10-31,"The trade deficit is projected to remain substantial and highly volatile over the next 18 months, with continued widening expected due to persistent economic slowdown, geopolitical uncertainties, and potential trade disruptions."
2002-11-30,"The trade deficit is expected to continue its general widening trend over the next 18 months, maintaining significant monthly volatility. This trajectory will be driven by the interplay of domestic economic recovery, global economic conditions, and potential geopolitical events, particularly the ongoing discussions around Iraq, which could exacerbate trade imbalances."
2002-12-31,"The ""Economy:OT"" series is projected to remain deeply negative and likely continue its downward trend over the next 18 months, primarily driven by a persistent and widening international trade deficit. Significant volatility is expected due to ongoing economic challenges, including a jobless recovery and the potential for further geopolitical disruptions such as the looming war in Iraq."
2003-01-31,"The international trade deficit is projected to remain substantial and likely expand further over the next 18 months, driven by persistent US economic recovery challenges and global trade imbalances. Expect continued significant monthly volatility, with geopolitical developments and the interplay of import demand and export performance as primary drivers."
2003-02-28,"The US international trade deficit is projected to continue its widening trend, remaining at elevated levels with persistent monthly volatility, primarily driven by ongoing economic conditions and global trade dynamics."
2003-03-31,"The US international trade deficit is expected to remain substantial and will likely continue to widen over the next 18 months, driven by the economic implications of the ongoing Iraq War and the evolving pace of global and domestic economic recovery. Monthly volatility in the deficit's magnitude will persist."
2003-04-30,"The Economy:OT series, representing the US trade deficit, is projected to remain substantial and likely continue its widening trend over the next 18 months, influenced by ongoing economic challenges and the geopolitical impact of the Iraq War. Expect continued significant month-to-month volatility."
2003-05-31,"The large international trade deficit is expected to persist and potentially widen further over the next 18 months, maintaining the highly negative values observed in early 2003. Volatility will likely remain moderate, but the ongoing Iraq War and unresolved domestic economic challenges pose significant risks for further deterioration."
2003-06-30,"The trade deficit is expected to remain substantial and likely widen further over the next 18 months, continuing the established trend of increasing deficits. Persistent economic challenges, including the ongoing Iraq War and a jobless recovery, will likely drive this trend, with continued month-to-month volatility."
2003-07-31,"The international trade deficit is projected to continue widening over the next 18 months, indicating a persistent increase in its negative magnitude. Elevated volatility is expected due to ongoing global economic challenges and geopolitical uncertainties, particularly the lasting impact of the Iraq War."
2003-08-31,"The US international trade deficit is projected to remain elevated and likely continue its trend of widening over the next 18 months, driven by persistent domestic economic challenges and global trade dynamics. Expect continued significant monthly fluctuations, with the ongoing impact of the Iraq War being a notable risk factor."
2003-09-30,"The Economy:OT is forecast to continue its trend of a widening deficit over the next 18 months, driven by persistent economic challenges and global trade dynamics. Expect continued significant monthly volatility, with ongoing geopolitical factors posing notable risks to the economic outlook."
2003-10-31,"The trade deficit is projected to continue its significant widening trend over the next 18 months, with persistent volatility driven by the pace of economic recovery and evolving global trade conditions."
2003-11-30,"The US trade deficit is expected to continue its widening trend over the next 18 months, driven by sustained domestic demand and global trade dynamics. While monthly fluctuations will occur, the overall trajectory points to increasing negative values, with ongoing geopolitical events and trade policies introducing potential volatility."
2003-12-31,"The Economy:OT indicator is forecast to continue its recent trend of becoming more negative over the next 18 months, reflecting a persistent worsening of the underlying economic conditions. This trajectory will be accompanied by continued significant monthly volatility, primarily driven by the ongoing widening of the trade deficit and the lingering economic impacts of geopolitical events."
2004-01-31,"The overall trade deficit (Economy:OT) is set to continue widening over the next 18 months, primarily driven by sustained US economic growth fueling import demand. Significant volatility will persist, influenced by global economic conditions and ongoing geopolitical developments."
2004-02-29,"The international trade deficit is projected to continue its overall widening trend over the next 18 months, characterized by significant monthly volatility and recurring annual peaks. This trajectory is primarily driven by persistent structural trade imbalances and evolving global economic conditions."
2004-03-31,"The US trade deficit is forecast to continue its long-term trend of widening over the next 18 months, maintaining elevated levels primarily due to robust consumer spending and global trade dynamics. Expect continued monthly volatility around this expanding deficit."
2004-04-30,"The Economy:OT is projected to continue its trend of widening over the next 18 months, driven by ongoing economic recovery and sustained import demand. While month-to-month fluctuations will persist, the overall direction indicates a deepening deficit, with geopolitical events posing a risk for short-term volatility."
2004-05-31,"The ""Economy:OT"" is forecast to continue its trajectory of deepening negative values over the next 18 months, primarily driven by the persistent and expanding US international trade deficit. While month-to-month volatility will persist, the overall trend indicates a worsening situation, influenced by global economic conditions and ongoing geopolitical factors."
2004-06-30,"The Economy:OT is projected to continue its significant downward trend over the next 18 months, primarily driven by the persistent widening of the international trade deficit. This will lead to increasingly negative values, with ongoing monthly volatility around this worsening economic balance."
2004-07-31,"The Economy:OT is forecast to continue its trend of increasingly negative values over the next 18 months, indicating a persistent and widening deficit. This will be driven by ongoing international trade imbalances and global economic dynamics, with substantial month-to-month volatility expected due to geopolitical factors and domestic economic shifts."
2004-08-31,"The U.S. trade deficit is projected to continue widening significantly over the next 18 months, driven by persistent global trade imbalances and domestic economic factors. While monthly fluctuations will occur, the overall trend points to increasingly negative values, reflecting a sustained and growing deficit."
2004-09-30,"The negative trend in the Economy:OT indicator is expected to continue, with the overall deficit widening further over the next 18 months, primarily driven by the persistent U.S. international trade deficit. Significant monthly volatility will persist, reflecting ongoing economic challenges."
2004-10-31,"The ""Economy:OT"" is projected to continue its worsening trend over the next 18 months, with values becoming increasingly negative, largely driven by the persistently widening US international trade deficit. Expect continued significant monthly volatility, with potential exacerbation from high oil prices and broader global economic shifts."
2004-11-30,"The Economy:OT, representing the US trade deficit, is forecast to continue its significant widening trend over the next 18 months, primarily driven by ongoing import-export imbalances and elevated oil prices. While monthly volatility will persist, the overall trajectory points to a deepening deficit."
2004-12-31,"The U.S. international trade deficit is projected to continue its widening trend over the next 18 months, primarily driven by persistent imbalances in exports and imports. Expect continued month-to-month volatility around this growing deficit, with global economic conditions and trade policies remaining key influencing factors."
2005-01-31,"The ""Economy:OT"" is forecast to continue its pronounced downward trend, becoming increasingly negative over the next 18 months, primarily driven by the persistent widening of the U.S. international trade deficit. This trajectory will likely be characterized by significant monthly volatility, with potential for larger fluctuations."
2005-02-28,"Economy:OT is forecast to continue its strong trend of worsening (becoming more negative) over the next 18 months, driven by persistent imbalances in international trade. Expect continued significant monthly volatility around this expanding negative trend."
2005-03-31,"The U.S. international trade deficit will continue to widen significantly over the next 18 months, pushing values further into negative territory with sustained high volatility. This trend is primarily driven by persistent trade imbalances, global economic dynamics, and potential impacts from commodity prices and geopolitical developments."
2005-04-30,"The US trade deficit is forecast to continue its substantial widening trend over the next 18 months, driven by persistent import demand and underlying structural economic imbalances, with ongoing monthly fluctuations. This trajectory reflects the ongoing challenges of rising indebtedness and the sustained growth in the current account deficit."
2005-05-31,"The U.S. international trade deficit is projected to continue widening over the next 18 months, exhibiting ongoing monthly volatility but an overall increasing magnitude. This persistent trend is primarily driven by structural trade imbalances and rising national indebtedness."
2005-06-30,"The overall trade deficit is projected to continue its widening trend over the next 18 months, driven by persistent current account imbalances and rising national indebtedness. While monthly volatility will remain, the underlying direction is towards larger deficits, with global economic imbalances posing a significant ongoing risk."
2005-07-31,"The U.S. international trade deficit (Economy:OT) is projected to continue its significant widening trend over the next 18 months, primarily driven by persistent import demand and global economic imbalances. While monthly fluctuations are expected, the overall trajectory points towards increasingly negative values."
2005-08-31,"The ""Economy:OT"" is projected to continue its significant downward trajectory over the next 18 months, with values becoming increasingly negative. This trend is primarily driven by the persistent widening of the U.S. trade deficit and will likely be accompanied by considerable month-to-month volatility due to evolving economic conditions and factors like energy prices."
2005-09-30,"The Economy:OT is expected to continue its significant widening trend over the next 18 months, driven by persistent strong domestic demand and global economic imbalances. This will result in increasingly negative values, with high energy prices and rising indebtedness posing ongoing risks."
2005-10-31,"The Economy:OT is forecast to continue its trajectory of becoming significantly more negative over the next 18 months, reflecting a persistent and widening international trade deficit, primarily driven by robust domestic economic expansion fueling increased imports. This trend will likely be accompanied by heightened volatility due to global imbalances, sustained high energy prices, and the ongoing economic repercussions of Hurricane Katrina."
2005-11-30,"The trade deficit is forecast to continue its widening trend over the next 18 months, primarily driven by sustained US economic expansion and increasing imports. While monthly fluctuations will occur, the overall deficit is expected to grow, influenced by ongoing high energy prices and global trade imbalances."
2005-12-31,"The ""Economy:OT"" is projected to continue its downward trajectory, becoming increasingly negative over the next 18 months, primarily driven by the persistent and widening U.S. international trade deficit. High volatility is expected to persist, with potential for significant monthly fluctuations influenced by ongoing energy price concerns and global economic imbalances."
2006-01-31,"The trade deficit is expected to continue its pronounced widening trend over the next 18 months, driven by sustained domestic demand and global economic imbalances. While monthly fluctuations will persist, the overall trajectory points to larger deficits."
2006-02-28,"The US trade deficit is expected to continue its persistent widening trend over the next 18 months, with ongoing monthly volatility. This expansion will likely be driven by sustained import demand and underlying global economic imbalances, alongside potential impacts from energy prices and US indebtedness."
2006-03-31,"The US trade deficit is expected to continue its widening trend over the next 18 months, primarily driven by sustained domestic economic growth and robust consumer demand. While monthly fluctuations are inherent, persistent high energy prices and ongoing global imbalances pose risks for increased volatility and a further deepening of the deficit."
2006-04-30,"The US trade deficit is expected to continue widening over the next 18 months, driven by sustained economic growth and robust consumer demand leading to increased imports, alongside persistent high energy prices. While monthly fluctuations are probable, the underlying trend of a deepening deficit remains firm, posing ongoing challenges related to global imbalances."
2006-05-31,"The deficit is expected to continue its widening trend over the next 18 months, driven by ongoing strong U.S. economic expansion and increasing imports. While monthly fluctuations are probable, the overall direction points towards increasingly negative values, reflecting persistent global imbalances."
2006-06-30,"The US trade deficit is projected to continue its widening trend over the next 18 months, driven primarily by sustained economic growth and increasing imports, though monthly fluctuations will remain significant. This trajectory suggests ongoing challenges related to global economic imbalances, with the deficit likely reaching new record levels."
2006-07-31,"The ""Economy:OT"" is forecast to continue its significant downward trend over the next 18 months, reflecting a persistently widening international trade deficit. This trajectory will be shaped by ongoing global economic imbalances and domestic consumption patterns, with continued monthly volatility expected."
2006-08-31,"The Economy:OT is forecast to continue its worsening trend over the next 18 months, primarily driven by the persistently expanding U.S. international trade deficit and increasing imports. Despite periods of robust economic growth, this structural imbalance will likely lead to further deterioration in the indicator, accompanied by continued monthly volatility."
2006-09-30,"The U.S. international trade deficit is projected to continue its overall widening trend over the next 18 months, primarily driven by sustained robust domestic economic growth and strong import demand. While monthly fluctuations are anticipated, the deficit's magnitude will likely increase, with global economic imbalances remaining a contributing factor."
2006-10-31,"The ""Economy:OT"" series is forecast to continue its trend of widening deficits, with values generally becoming more negative over the next 18 months, primarily driven by sustained U.S. economic growth and robust import demand. Expect persistent month-to-month volatility, influenced by global trade dynamics and commodity price fluctuations."
2006-11-30,"The Economy:OT, which has trended towards widening deficits, is expected to see a moderation or slight improvement in its negative magnitude over the next 18 months, driven by a slowing U.S. economy and recent decreases in the trade deficit from increased exports. However, significant monthly volatility will persist, with underlying structural economic imbalances remaining a notable risk."
2006-12-31,"The Economy:OT, reflecting the trade deficit, is expected to generally stabilize or show a gradual narrowing over the next 18 months, driven by a decelerating US economy and the conclusion of the housing boom which may temper import demand. Despite this trend, significant monthly volatility is anticipated to persist, influenced by ongoing global trade dynamics."
2007-01-31,"The aggregate economic deficit is projected to continue its long-term trend of widening over the next 18 months, driven by persistent trade imbalances and a decelerating US economy. Expect continued significant month-to-month volatility, with potential for further deterioration as the housing boom ends and employment growth slows."
2007-02-28,"The US trade deficit (Economy:OT) will remain substantial and volatile over the next 18 months. While recently showing some narrowing, continued economic growth is expected to sustain significant import demand, likely keeping the deficit large or leading to its re-widening."
2007-03-31,"The overall trade deficit is expected to continue its general widening trend over the next 18 months, primarily driven by sustained import growth and global economic dynamics. Significant monthly volatility will likely persist around this underlying trajectory."
2007-04-30,"The U.S. trade deficit is projected to remain substantial and volatile over the next 18 months. The recent economic slowdown, driven by housing market decline and credit tightening, will likely temper the deficit's growth, while global economic integration continues to influence trade flows."
2007-05-31,"The overall trade deficit is projected to remain at elevated levels and likely widen further over the next 18 months, primarily driven by sustained strong import demand and ongoing domestic economic headwinds. Expect continued significant month-to-month volatility, with notable risks stemming from the housing market downturn and tightening credit conditions."
2007-06-30,"The U.S. international trade deficit is expected to remain substantial and volatile over the next 18 months. While a domestic economic slowdown from housing and credit tightening may moderate import growth, persistent global trade dynamics and structural factors suggest the deficit will continue to face upward pressure."
2007-07-31,"The ""Economy:OT"" is projected to remain highly negative over the next 18 months, characterized by continued significant month-to-month volatility. Persistent trade imbalances, coupled with the ongoing US housing market slowdown and credit tightening, will likely maintain the overall high level of deficit."
2007-08-31,"The Economy:OT indicator is anticipated to remain deeply negative over the next 18 months, exhibiting persistent high monthly volatility and strong annual seasonal patterns. While recent data suggests some moderation, the ongoing housing market decline and credit tightening pose significant risks, potentially pushing the indicator towards larger negative magnitudes."
2007-09-30,"The U.S. trade deficit, represented by Economy:OT, is forecast to continue narrowing over the next 18 months, driven by the impending economic slowdown and reduced import demand due to the housing bubble. Expect continued significant monthly volatility around this trend."
2007-10-31,"The ""Economy:OT"" is anticipated to generally narrow over the next 18 months, primarily driven by the deepening housing market downturn and associated credit tightening, which will likely suppress domestic demand. However, significant monthly fluctuations are expected to persist amidst these broader economic shifts."
2007-11-30,"The U.S. international trade deficit, which has significantly widened over the historical period, is expected to narrow in the coming months as the domestic economy faces a slowdown driven by the housing market decline and credit tightening. However, high monthly volatility will persist amidst ongoing structural imbalances and global economic pressures."
2007-12-31,"The series is expected to trend towards less negative values over the next 18 months, primarily driven by the impending economic downturn reducing import demand. Substantial monthly volatility will persist, influenced by ongoing global economic adjustments and established seasonal patterns."
2008-01-31,"The Economy:OT is projected to trend significantly more negative over the next 18 months, driven by an anticipated U.S. recession, weakening key economic sectors, and increasing trade deficits. This period will likely be marked by continued high volatility."
2008-02-29,"The Economy:OT is forecast to trend towards increasingly negative values over the next 18 months, indicating a widening deficit, primarily driven by the deepening U.S. economic slowdown and predicted recession. Moderate volatility and seasonal patterns are expected to persist amidst these challenging economic conditions."
2008-03-31,"The Economy:OT indicator is projected to remain significantly negative and likely worsen over the next 18 months, driven by the ongoing US economic slowdown, housing market decline, and persistent trade deficits. Expect continued high volatility in monthly values."
2008-04-30,"The economic deficit is projected to remain substantial and likely deepen over the next 18 months, driven by the ongoing economic slowdown, housing market decline, and credit tightening. This period will also be characterized by continued significant month-to-month volatility."
2008-05-31,"The trade deficit is projected to remain substantial and highly volatile over the next 18 months. Amidst an ongoing economic slowdown, recessionary pressures, and a weakened dollar, the deficit is expected to widen or stay elevated."
2008-06-30,"The trade deficit is projected to remain substantial and likely widen further over the next 18 months, driven by the ongoing economic slowdown, potential recession, and weakening domestic sectors, with continued monthly volatility."
2008-07-31,"The 'Economy:OT' series is projected to continue its significant worsening trend over the next 18 months, driven by the deepening economic downturn, housing market decline, and rising unemployment. Elevated volatility is expected as the economy navigates persistent recessionary pressures."
2008-08-31,"The Economy:OT is projected to experience further deterioration over the next 18 months, marked by increased volatility and a trend towards more negative values, primarily driven by the deepening housing crisis, credit crunch, and rising unemployment."
2008-09-30,"The Economy:OT, representing the trade deficit, is projected to significantly narrow over the next 18 months, primarily driven by the ongoing economic downturn and global recession which will sharply curb import demand. This period will likely see heightened volatility in trade figures as global economic activity adjusts to the crisis."
2008-10-31,"The Economy:OT series is projected to remain deeply negative and highly volatile over the next 18 months, primarily driven by the severe and lingering impacts of the 2008 financial crisis and the ensuing global recession. While some stabilization at very low levels may occur, significant recovery is not anticipated within this period, with persistent downside risks."
2008-11-30,"The ""Economy:OT"" series is expected to show relatively narrower deficits, maintaining less negative values, over the next 18 months due to the ongoing global financial crisis and a contraction in international trade. However, the forecast period will likely be marked by continued volatility as the economy navigates a deepening recession."
2008-12-31,"The trade deficit is expected to remain significantly narrower than prior levels for the next 18 months, primarily driven by the ongoing global financial crisis and recession which continues to suppress both imports and exports. While some monthly volatility is likely, the overall magnitude of the deficit will likely remain reduced until a substantial economic recovery takes hold."
2009-01-31,"The trade deficit (Economy:OT) is expected to continue shrinking over the next 18 months, driven by the ongoing global economic recession and reduced trade activity. While volatility may persist, the overall trend points towards a sustained reduction in the magnitude of the deficit."
2009-02-28,"The trade deficit is expected to remain significantly reduced in the near term, reflecting the ongoing global economic slowdown and suppressed demand for both exports and imports. As economic conditions gradually stabilize and recover, the deficit will likely begin to widen again, though with continued volatility."
2009-03-31,"The Economy:OT series, representing a deficit, is expected to show continued volatility over the next 18 months. Following a significant narrowing due to the financial crisis, the deficit is likely to stabilize around current levels or gradually widen again, driven by the uneven recovery of global trade and domestic demand."
2009-04-30,"The Economy:OT metric is expected to gradually become more negative over the next 18 months, driven by the ongoing global recession and a likely widening of the trade deficit from its recent lows. Volatility will persist as the economy navigates recovery challenges and trade flows adjust."
2009-05-31,The trade deficit has significantly narrowed due to the global recession and is expected to remain at substantially lower levels over the next 18 months. Its trajectory will be primarily influenced by the pace of global economic recovery and associated shifts in import and export demand.
2009-06-30,"The trade deficit is projected to continue widening over the next 18 months as the economy slowly recovers from the recession, driven by a gradual increase in domestic demand and imports. Persistent volatility is expected as global economic conditions also influence the pace of recovery."
2009-07-31,"The deficit, having significantly narrowed during the global financial crisis, is expected to gradually widen over the next 18 months as global trade slowly recovers. This trend will be primarily driven by the pace of economic rebound and the relative growth of imports versus exports."
2009-08-31,"The trade deficit is projected to continue widening over the next 18 months, driven by an anticipated weak economic recovery that will likely boost import demand. While monthly volatility will persist, the overall trend will be towards a larger deficit as global trade re-engages post-recession."
2009-09-30,"The trade deficit is projected to continue widening over the next 18 months, primarily driven by increasing imports as the economy slowly recovers from the recession. This widening will likely be accompanied by some volatility, reflecting the fragile nature of the ongoing global economic recovery."
2009-10-31,"The ""Economy:OT"" is expected to continue its trend of increasing negative values over the next 18 months, reflecting a gradual widening of the trade deficit as global economic activity slowly recovers from the recent financial crisis. The recovery path may be uneven, influenced by the pace of global trade and lingering economic challenges."
2009-11-30,"The indicator is expected to continue its trend of gradually becoming more negative over the next 18 months, reflecting a widening deficit as the economy slowly recovers from the financial crisis. Significant monthly volatility is likely to persist amidst ongoing economic challenges like high unemployment."
2009-12-31,"The international trade deficit is projected to continue widening over the next 18 months, driven by a gradual economic recovery and increasing global trade activity. This trend will likely see values becoming more negative with moderate volatility, as the economy adjusts to post-recession conditions."
2010-01-31,"The Economy:OT series is forecast to continue its recent trend of improvement, with values becoming less negative over the next 18 months, primarily driven by the ongoing economic recovery. However, significant volatility is anticipated, reflecting the uneven pace of recovery, persistent high unemployment, and evolving global trade conditions."
2010-02-28,"The international trade deficit is projected to generally widen over the next 18 months, driven by a gradual economic recovery that will likely boost import demand. However, persistent global economic uncertainties and domestic unemployment could introduce volatility and temper the pace of this widening."
2010-03-31,"The ""Economy:OT"" is projected to experience a gradual increase in its negative values over the next 18 months, primarily driven by a widening international trade deficit as the economy slowly recovers. Moderate volatility is anticipated around these levels, influenced by persistent slow growth and high unemployment."
2010-04-30,"The U.S. international trade deficit is projected to continue widening over the next 18 months, primarily driven by the ongoing economic recovery stimulating increased imports. This trend suggests a sustained increase in the magnitude of the deficit, with potential for moderate volatility."
2010-05-31,"The Economy:OT indicator is anticipated to continue its trend of gradually worsening over the next 18 months, primarily driven by the ongoing slow economic recovery leading to increased import demand and persistent trade imbalances. Expect continued volatility as the economy navigates this recovery phase."
2010-06-30,"The indicator is expected to continue its recent trend of deterioration, driven by a widening international trade deficit as the economy slowly recovers and imports increase. Expect continued volatility, particularly influenced by ongoing global economic instability such as the euro crisis."
2010-07-31,"The Economy:OT is projected to continue its trend of increasing negativity over the next 18 months, primarily driven by a widening international trade deficit as domestic demand slowly recovers. While month-to-month fluctuations are likely, the overall direction indicates a sustained expansion of the deficit, with global economic uncertainties posing a risk to stability."
2010-08-31,"The Economy:OT is expected to continue its recent worsening trend over the next 18 months, driven by persistent widening trade deficits and slow economic growth. Volatility may persist, with external risks such as the euro crisis potentially exacerbating the downward pressure."
2010-09-30,"The trade deficit is projected to continue widening over the next 18 months, primarily driven by the ongoing slow economic recovery increasing import demand. This trend suggests a return to larger deficits, with potential volatility influenced by global economic conditions."
2010-10-31,"The trade deficit is projected to generally widen over the next 18 months, extending the post-recession trend as global and domestic economic activity slowly recovers. This expansion will be moderated by ongoing slow growth and high unemployment, resulting in continued monthly fluctuations."
2010-11-30,"The trade deficit is projected to continue its widening trend over the next 18 months, influenced by the ongoing slow economic recovery. While some monthly volatility is anticipated, persistent high unemployment and potential global economic instability, particularly from the euro crisis, present notable risks to the deficit's trajectory."
2010-12-31,"The trade deficit is expected to continue widening over the next 18 months, primarily driven by the ongoing post-recession economic recovery and increasing domestic demand. While monthly volatility will persist, the overall trajectory points towards a larger deficit."
2011-01-31,"The Economy:OT series, reflecting the trade deficit, is expected to remain highly volatile over the next 18 months, with a tendency for the deficit to widen further in the near term. This trend is primarily driven by ongoing post-recession economic struggles and fluctuating global trade conditions."
2011-02-28,"The trade deficit is expected to generally widen over the next 18 months, driven by the ongoing economic recovery and increasing import demand. Volatility will likely persist as the recovery continues to navigate global economic uncertainties."
2011-03-31,"The Economy:OT, reflecting the US trade deficit, is forecast to remain significantly negative and likely widen further over the next 18 months, driven by persistent post-recession economic challenges and increasing imports. Expect continued volatility as the economy navigates global factors and attempts to stabilize."
2011-04-30,"The trade deficit is projected to generally widen over the next 18 months, primarily driven by the ongoing economic recovery stimulating increased imports. While month-to-month fluctuations are expected, the overall trend points towards a larger deficit, with global economic conditions and supply chain stability posing notable risks."
2011-05-31,"The trade deficit is projected to remain substantial and likely widen further over the next 18 months, driven by increasing import demand as the domestic economy continues its recovery. Significant month-to-month volatility will persist, influenced by global economic conditions and the pace of export growth."
2011-06-30,"The trade deficit is expected to continue its recent widening trend over the next 18 months, primarily driven by a gradual increase in domestic demand for imports as the US economy slowly recovers. However, ongoing global economic uncertainties and potential slowdowns will likely introduce volatility and could constrain export growth, maintaining a substantial overall deficit."
2011-07-31,"The ""Economy:OT"" series has been on a general downward trend, showing increasingly negative values since early 2009, a trend that intensified in recent months. This decline is expected to persist or stabilize at highly negative levels over the next 18 months, with significant month-to-month volatility. While the international trade deficit is a key driver, the most recent data suggests other underlying economic challenges are contributing to the continued negative performance, potentially overriding positive signals from trade."
2011-08-31,"The trade deficit, represented by Economy:OT, is expected to continue its recent trend of widening over the next 18 months. This persistent increase in the deficit magnitude will likely be accompanied by significant monthly volatility, driven by the ongoing slow economic recovery and fluctuating global trade dynamics."
2011-09-30,"The trade deficit is expected to continue widening over the next 18 months, driven by sustained domestic economic recovery increasing import demand. While month-to-month volatility will persist, global economic instability, particularly the European sovereign debt crisis and trade dynamics with China, presents notable risks to the trajectory."
2011-10-31,"The ""Economy:OT"" is expected to remain significantly negative over the next 18 months, reflecting persistent economic challenges and trade imbalances. While monthly fluctuations are anticipated, the overall trend suggests values will continue to oscillate around current deeply negative levels, primarily driven by ongoing global economic uncertainties, particularly the European sovereign debt crisis, and the persistent trade deficit."
2011-11-30,"The international trade deficit is projected to remain substantial and exhibit continued monthly volatility, with a general tendency to widen further as the US economy progresses in its recovery. However, the ongoing European sovereign debt crisis presents a notable risk that could temper global trade and influence the deficit's magnitude."
2011-12-31,"The Economy:OT is projected to continue its downward trend over the next 18 months, with values becoming increasingly negative, primarily driven by persistent and widening trade deficits. High monthly volatility will persist, with potential for larger swings influenced by global economic uncertainties and domestic economic challenges."
2012-01-31,"The U.S. international trade deficit is expected to continue widening over the next 18 months, driven by persistent global economic challenges and ongoing imbalances in trade flows. Significant monthly volatility will likely persist as the economy navigates these factors."
2012-02-29,"Following a significant recent contraction, the international trade deficit is expected to fluctuate with high volatility over the next 18 months. Its trajectory will largely depend on the pace of domestic economic recovery and global trade conditions, with a tendency to widen again as the economy strengthens."
2012-03-31,"The US international trade deficit (Economy:OT) is projected to continue its general trend of increasing in magnitude over the next 18 months, exhibiting significant monthly volatility. This trajectory will be primarily driven by the persistent imbalance between imports and exports, influenced by the prolonged economic slump and global economic uncertainties."
2012-04-30,"The overall trade deficit (Economy:OT) is projected to continue its widening trend over the next 18 months, driven by the ongoing domestic economic recovery stimulating import demand. Expect sustained monthly volatility, with the deficit's magnitude primarily influenced by the balance of trade and global economic conditions."
2012-05-31,"The Economy:OT is projected to continue its downward trend, with values becoming more negative over the next 18 months, driven by persistent slow economic growth and a widening international trade deficit. This trajectory will likely be accompanied by ongoing monthly volatility."
2012-06-30,"The international trade deficit is forecast to continue its general widening trend over the next 18 months, maintaining significantly negative values with persistent high monthly volatility. This trajectory will be primarily driven by global trade dynamics and domestic economic performance, likely exhibiting seasonal increases in the deficit during late spring and summer."
2012-07-31,"The US international trade deficit (Economy:OT) is projected to continue its widening trend over the next 18 months, characterized by significant monthly volatility. This persistent growth in the deficit is primarily driven by the ongoing imbalance between imports and exports, and remains vulnerable to shifts in global economic conditions."
2012-08-31,"The international trade deficit is anticipated to remain substantial and generally trend towards increasing in magnitude over the next 18 months, characterized by continued high monthly volatility. This trajectory will be primarily driven by the ongoing slow economic recovery and fluctuating global trade dynamics, with potential risks from international economic instability."
2012-09-30,"The Economy:OT, representing the international trade deficit, has shown a general widening trend and high monthly volatility over the historical period. This pattern is expected to continue, with the deficit remaining substantial or deepening further over the next 18 months, driven by ongoing challenges in US international competitiveness and global economic conditions."
2012-10-31,"The international trade deficit is projected to continue its gradual widening trend over the next 18 months, marked by persistent volatility. This outlook is primarily shaped by ongoing slow economic growth, global economic uncertainties, and the significant risks associated with fiscal policy decisions."
2012-11-30,"The international trade deficit is projected to continue its widening trend over the next 18 months, characterized by significant monthly volatility and a recurring seasonal pattern of larger deficits in summer and smaller in early spring. Ongoing slow economic growth and the potential impacts of fiscal policy decisions, such as the ""fiscal cliff"" mentioned in late 2012, will be key drivers influencing its trajectory."
2012-12-31,"The international trade deficit is anticipated to remain wide and highly volatile over the next 18 months, with a tendency to expand from current levels. This outlook is primarily shaped by persistent slow domestic economic growth, potential fiscal policy challenges, and ongoing global economic uncertainties."
2013-01-31,"The Economy:OT series, likely reflecting the international trade deficit, is projected to remain significantly negative and generally widen over the next 18 months, exhibiting substantial monthly volatility. This trend will be primarily shaped by the dynamics of global trade, influenced by the ongoing slow domestic economic recovery and potential lingering impacts of global economic instability."
2013-02-28,"The overall trade deficit is projected to continue its pattern of significant monthly volatility, likely widening in the immediate term from its current narrowed state before potentially improving later in the year. While a growing US economy driven by exports offers some positive momentum, the deficit's trajectory will remain highly sensitive to global economic conditions and the ongoing challenge of high public debt."
2013-03-31,"The overall trade deficit is expected to continue its significant monthly volatility, fluctuating within its historical range. While recent months indicate a trend towards a smaller deficit, seasonal patterns suggest it may widen in the near term before resuming its fluctuating course, driven by global trade dynamics, domestic economic conditions, and fiscal policy considerations."
2013-04-30,"The trade deficit (Economy:OT) is expected to continue its significant monthly fluctuations over the next 18 months, lacking a clear sustained trend of either widening or narrowing. Its trajectory will be primarily influenced by global economic conditions and domestic demand affecting export and import volumes, with persistent volatility remaining a key characteristic."
2013-05-31,"The Economy:OT indicator is anticipated to exhibit continued high volatility over the next 18 months, likely fluctuating within its established historical range. Persistent slow economic recovery and ongoing shifts in international trade balances will be primary drivers, indicating a tendency towards continued widening of deficits."
2013-06-30,"The Economy:OT is projected to maintain its high volatility over the next 18 months, with the trade deficit experiencing significant month-to-month swings. This pattern will be primarily driven by the interplay of domestic economic conditions and global trade dynamics affecting exports and imports."
2013-07-31,"The international trade deficit is projected to remain substantial and highly volatile over the next 18 months, continuing its established pattern of fluctuation. This will be driven by the interplay of US economic growth and global demand, with persistent seasonal variations and potential impacts from ongoing trade policy discussions."
2013-08-31,"The U.S. trade deficit is expected to remain substantial and highly volatile over the next 18 months, fluctuating within a broad range. Persistent slow global economic growth and robust domestic demand for imports will likely prevent a significant, sustained improvement, keeping the deficit a notable economic concern."
2013-09-30,"The Economy:OT is expected to continue its highly volatile monthly fluctuations over the next 18 months, exhibiting clear seasonal patterns with recurring periods of both widening and narrowing. The overall trajectory will largely depend on the dynamic balance between U.S. export performance and import demand, influenced by the pace of domestic economic recovery and global trade conditions."
2013-10-31,"The ""Economy:OT"" series is expected to remain highly volatile over the next 18 months, with significant fluctuations in the trade deficit driven by dynamic international trade flows and persistent domestic political and fiscal uncertainties. No sustained directional trend is anticipated, but month-to-month swings will continue to be a prominent feature."
2013-11-30,"This economic indicator, strongly correlated with the US trade deficit, will continue to exhibit significant monthly volatility and a consistent seasonal pattern over the next 18 months, with larger deficits typically occurring in mid-year. Its value is expected to fluctuate around historical averages, primarily driven by global trade dynamics and the pace of domestic economic recovery, with potential for heightened instability due to lingering economic uncertainty."
2013-12-31,"The Economy:OT values are expected to continue their highly volatile pattern over the next 18 months, with a general trend towards less negative values driven by ongoing slow economic recovery and evolving trade dynamics. However, significant monthly fluctuations are anticipated, influenced by international trade conditions and potential domestic policy shifts."
2014-01-31,"The trade deficit is expected to continue its historical pattern of significant monthly fluctuations, generally widening during mid-year and narrowing in early spring and late winter. Sustained US economic growth, particularly in consumer spending, will likely maintain a substantial deficit, while global economic conditions and evolving trade policies will also influence its trajectory."
2014-02-28,"The Economy:OT series is projected to maintain its high monthly volatility and strong seasonal pattern, with deficits generally larger in mid-year and smaller towards year-end and early spring. The overall magnitude of these deficits will likely remain within the historical range, influenced by persistent slow economic growth, international trade dynamics, and potential domestic policy uncertainties."
2014-03-31,"The Economy:OT metric is expected to remain in negative territory with substantial monthly volatility over the next 18 months, largely driven by strong seasonal patterns and evolving trade dynamics. Continued economic growth and consumer spending suggest a potential for this component to trend towards more negative values."
2014-04-30,"The Economy:OT, representing the trade deficit, is expected to remain significantly negative and highly volatile over the next 18 months, fluctuating widely around its historical range. The deficit's direction will be primarily influenced by the dynamic balance of exports and imports, with potential for widening during periods of strong domestic demand or shifts in global economic conditions."
2014-05-31,"The Economy:OT series is projected to maintain its high month-to-month volatility over the next 18 months, reflecting ongoing fluctuations in the trade deficit. This will be primarily driven by the interplay of domestic consumer spending and economic growth impacting imports, alongside global economic conditions and currency valuations affecting exports."
2014-06-30,"The US international trade deficit is expected to continue its significant monthly fluctuations within its historical range, with recent narrowing potentially influenced by domestic economic rebound and export growth. However, persistent volatility is anticipated over the next 18 months, driven by evolving global trade dynamics and import demand."
2014-07-31,"The ""Economy:OT"" indicator will continue to exhibit significant monthly volatility, fluctuating within its established negative range, with a persistent tendency to reach more negative levels. Its direction will primarily be driven by the balance of exports and imports, influenced by domestic economic growth and global trade dynamics."
2014-08-31,"The Economy:OT series is expected to continue its highly volatile, negative trajectory, exhibiting a consistent seasonal pattern with larger deficits typically occurring mid-year and smaller deficits towards the end and beginning of the year. Fluctuations will primarily be driven by international trade balances and broader economic conditions, with potential risks from fiscal policy uncertainties influencing the magnitude of these deficits."
2014-09-30,"The ""Economy:OT"" values are expected to continue exhibiting significant month-to-month volatility within their historical negative range, with no clear long-term trend. A strong seasonal pattern will persist, showing improvements (less negative values) around February/March and December, and worsening (more negative values) around July/August and October/November, primarily driven by ongoing international trade dynamics."
2014-10-31,"The Economy:OT is expected to continue its highly volatile fluctuations within the historical negative range, driven by ongoing slow economic growth and trade balance dynamics. A persistent seasonal pattern is anticipated, with deeper negative values typically observed in mid-year months, particularly July, and less negative values in other periods."
2014-11-30,"Over the next 18 months, the Economy:OT is anticipated to maintain its current pattern of a persistent deficit, characterized by significant monthly volatility and a strong annual seasonality. This trend will largely be shaped by the U.S. international trade balance, influenced by domestic economic performance and global trade dynamics."
2014-12-31,"The Economy:OT is expected to continue its pattern of significant monthly fluctuations, with larger deficits typically observed in mid-year. Driven primarily by international trade dynamics and domestic economic activity, the deficit will likely remain within its established historical range despite recent positive economic indicators."
2015-01-31,"The trade deficit is expected to remain negative, exhibiting continued high month-to-month volatility around its historical average. Fluctuations will be primarily driven by global trade dynamics, including export and import levels, and influenced by broader economic growth trends and policy developments."
2015-02-28,"The trade deficit is expected to generally trend smaller (less negative values) over the next 18 months, supported by continued economic recovery and growth. However, the series will likely maintain its significant monthly volatility and strong seasonal patterns, with larger deficits anticipated during summer months."
2015-03-31,"The ""Economy:OT"" is anticipated to maintain its highly volatile pattern over the next 18 months, with the deficit continuing to fluctuate significantly around its historical range, driven by ongoing shifts in global trade dynamics, domestic demand, and the relative performance of exports and imports. Expect continued periods of both widening and narrowing deficits, reflecting the recent sharp movements."
2015-04-30,"The ""Economy:OT"" values, representing an economic deficit, are expected to continue their strong seasonal fluctuations over the next 18 months, with significant monthly volatility. The magnitude of this deficit will likely remain broadly consistent with historical levels, driven by ongoing shifts in trade flows and the prevailing slow economic recovery."
2015-05-31,"The Economy:OT series is expected to remain in a significant negative range over the next 18 months, characterized by continued substantial monthly volatility. This persistent deficit will be primarily driven by ongoing domestic economic growth, tempered by concerns about sluggishness and a slowdown in foreign growth."
2015-06-30,"The US international trade deficit is expected to remain substantial and highly volatile over the next 18 months, with a tendency to widen further. This outlook is primarily driven by sustained domestic economic activity influencing imports, coupled with potential global economic sluggishness affecting exports and the impact of evolving monetary policy."
2015-07-31,"The overall trade deficit is expected to remain elevated and highly volatile over the next 18 months, with a tendency to widen further due to robust domestic demand for imports and potential weakness in exports from slower global growth. Significant monthly fluctuations, influenced by seasonal patterns, will continue."
2015-08-31,"The U.S. international trade deficit will continue to fluctuate significantly on a monthly basis, maintaining its established historical range. Expect a recurring seasonal pattern of the deficit widening in late spring and late summer/early fall, and narrowing in late winter and late fall, primarily influenced by global trade dynamics and domestic economic activity."
2015-09-30,"The ""Economy:OT"" indicator is expected to remain significantly negative over the next 18 months, exhibiting continued high volatility driven primarily by fluctuations in the international trade deficit and underlying economic growth. A sustained improvement towards less negative values is unlikely given the historical context of persistent slow growth and vulnerabilities."
2015-10-31,"The Economy:OT deficit is expected to generally widen over the next 18 months, maintaining recent high levels and potentially reaching new extremes, driven by sustained domestic economic growth. Significant monthly volatility will persist, with global economic factors and credit market conditions posing risks to the magnitude and stability of the deficit."
2015-11-30,"The US trade deficit is expected to continue its widening trend over the next 18 months, maintaining significant monthly volatility and established seasonal patterns with higher deficits in summer. This trajectory will be largely influenced by sustained domestic economic growth driving import demand, alongside global economic conditions and evolving trade policies."
2015-12-31,"The US international trade deficit is anticipated to maintain its historical pattern of considerable monthly fluctuations over the next 18 months. This volatility will be primarily driven by the ongoing interplay between domestic demand for imports and global economic conditions impacting exports, with the deficit likely remaining within its established range amidst continued slow economic growth and global uncertainties."
2016-01-31,"The Economy:OT series, representing the trade deficit, is expected to continue its pattern of substantial monthly fluctuations, remaining consistently negative over the next 18 months. While recent data suggests a narrowing of the deficit, historical seasonality indicates periods of widening, primarily driven by the interplay of US economic growth and global trade conditions, with risks stemming from potential global economic slowdowns."
2016-02-29,"The ""Economy:OT"" series, reflecting the international trade balance, is expected to continue its pattern of substantial monthly fluctuations over the next 18 months. While the deficit has recently shown a narrowing trend, it is likely to oscillate, widening and narrowing again, driven by evolving global trade dynamics and domestic economic performance."
2016-03-31,"The Economy:OT, representing the trade deficit, will remain consistently negative over the next 18 months, exhibiting substantial monthly volatility. Its future path will be largely determined by the balance between domestic economic growth driving imports and global demand for US exports, with international trade dynamics posing ongoing risks."
2016-04-30,"The economy's trade deficit is projected to continue its highly volatile pattern, fluctuating around a significant negative level. Persistent slow domestic economic growth and a strong dollar are key drivers that could lead to the deficit widening again, with global economic conditions also playing a crucial role."
2016-05-31,"The trade deficit is projected to remain substantial and highly volatile over the next 18 months, with recent trends indicating a potential for further widening. This trajectory is primarily driven by persistent slow economic growth, a strong dollar, and fluctuating global trade dynamics affecting imports and exports."
2016-06-30,"The international trade deficit is expected to remain volatile and negative over the next 18 months, continuing its historical pattern of widening and narrowing, often shrinking in the early part of the year and expanding towards mid-year. This fluctuation will be primarily driven by the interplay of US consumer demand, global economic health, and the relative strength of the dollar impacting exports and imports."
2016-07-31,"The Economy:OT is expected to remain negative and exhibit high monthly volatility over the next 18 months, with a recent trend indicating a widening deficit. Sustained domestic demand and global economic shifts, particularly in trade flows and currency valuations, will continue to drive these fluctuations."
2016-08-31,"The U.S. international trade deficit is expected to remain substantial and highly volatile over the next 18 months. Continued domestic economic growth, global trade dynamics, and the strength of the dollar will drive significant monthly fluctuations, with the deficit likely persisting at or near recent elevated levels."
2016-09-30,"The U.S. international trade deficit is projected to continue its volatile trend over the next 18 months, remaining negative with significant monthly fluctuations. Its direction and magnitude will largely be shaped by the interplay of domestic consumer demand, global economic conditions, and trade policies affecting exports and imports."
2016-10-31,"The Economy:OT, likely representing the trade deficit, is projected to remain wide and highly volatile over the next 18 months, primarily influenced by ongoing U.S. economic growth and a strong dollar, with no significant narrowing expected."
2016-11-30,"The substantial trade deficit will continue over the next 18 months, experiencing heightened volatility driven by the impending changes in US trade policy following the recent presidential election. These policy shifts will directly impact export and import dynamics, causing fluctuations in the deficit's magnitude."
2016-12-31,"The U.S. international trade deficit is expected to remain volatile over the next 18 months, continuing its historical fluctuations. The primary driver of its directionality will be the evolving trade policies under the new presidential administration, introducing notable uncertainty regarding future import and export levels."
2017-01-31,"The trade deficit is anticipated to remain substantial and volatile over the next 18 months, with a likely tendency to widen further in the near term. This trajectory will be predominantly shaped by the new U.S. administration's evolving trade policies and their impact on exports and imports."
2017-02-28,"The U.S. international trade deficit is expected to continue its volatile fluctuations over the next 18 months, influenced significantly by the new administration's evolving trade policies and the ongoing dynamics of global economic growth and consumer spending. Policy changes introduce substantial uncertainty regarding the future direction and magnitude of the deficit."
2017-03-31,"The trade deficit is expected to continue exhibiting high volatility, fluctuating around its historical average, driven primarily by evolving export and import dynamics. Anticipated policy shifts from the new US administration pose a significant risk, potentially influencing the deficit's magnitude and direction."
2017-04-30,"The US trade deficit is expected to generally persist and likely widen over the next 18 months, driven by ongoing shifts in exports and imports and potential impacts from new administration trade policies. High month-to-month volatility will continue, with a possible seasonal narrowing in early calendar years."
2017-05-31,"The Economy:OT series, representing the trade deficit, is expected to remain highly volatile over the next 18 months, with significant month-to-month fluctuations. The recent trend of a widening deficit, culminating in a record high in May 2017, suggests continued pressure, largely driven by the evolving trade policies of the new US administration and broader global economic conditions."
2017-06-30,"The U.S. trade deficit is projected to remain substantial and highly volatile over the next 18 months, driven primarily by the new administration's evolving trade policies and their impact on exports and imports, alongside global economic conditions. While recent data shows some narrowing, significant fluctuations, including potential widening, are anticipated as policy changes take effect."
2017-07-31,"The Economy:OT series, primarily reflecting the international trade deficit, will likely continue its significant monthly volatility, showing a short-term trend of becoming less negative in the coming months, consistent with its strong cyclical pattern. However, the overall magnitude of the deficit is expected to remain substantial, driven by evolving global trade dynamics and the ongoing impact of new U.S. administration policies."
2017-08-31,"The Economy:OT, largely representing the international trade deficit, will continue to exhibit significant month-to-month volatility over the next 18 months. Following recent increases, the deficit is expected to remain elevated, with a potential for further expansion, primarily driven by evolving trade policies and global economic conditions."
2017-09-30,"The economy's overall trade deficit is expected to remain substantial and highly volatile over the next 18 months, influenced by persistent fluctuations in global trade dynamics and the evolving impact of domestic policy changes."
2017-10-31,"The economic deficit is expected to remain substantial and highly volatile over the next 18 months, likely continuing its recent trend of widening. This will be primarily driven by ongoing fluctuations in international trade, influenced by evolving domestic policies and global economic conditions, while maintaining its established seasonal patterns."
2017-11-30,"The US trade deficit is projected to remain substantial over the next 18 months, likely widening further with continued significant monthly volatility. This trajectory will be heavily influenced by the evolving trade policies of the current administration and broader global economic conditions, alongside potential domestic headwinds."
2017-12-31,"The international trade deficit is expected to remain substantial, with a likely continued trend of widening over the next 18 months, primarily driven by sustained economic growth and the evolving impact of trade policies. Significant monthly volatility will persist, reflecting fluctuations in exports and imports."
2018-01-31,"The international trade deficit is projected to continue its significant widening trend over the next 18 months, primarily driven by domestic economic growth and associated import increases, coupled with the impact of recent tax and trade policies. This period will likely see persistent high monthly volatility in the deficit figures."
2018-02-28,"The U.S. trade deficit is expected to generally widen over the next 18 months, maintaining significant monthly volatility. This widening trend is primarily driven by a strong domestic economy and associated import growth, though potential shifts in trade policy pose a notable risk."
2018-03-31,"The Economy:OT is expected to continue exhibiting a substantial deficit over the next 18 months, driven by ongoing international trade dynamics and the strength of the U.S. economy. Significant monthly volatility is likely to persist, with the deficit's magnitude fluctuating considerably."
2018-04-30,"The trade deficit, represented by Economy:OT, is projected to remain substantial and highly volatile over the next 18 months. Driven by ongoing trade tensions and a strong domestic economy, the deficit is expected to show a tendency to widen, albeit with notable month-to-month fluctuations."
2018-05-31,"The Economy:OT series is projected to remain highly volatile over the next 18 months, characterized by significant month-to-month fluctuations and continued substantial negative values. The persistent trade deficit, likely influenced by strong domestic demand, faces additional risks from escalating trade tensions with major partners, which could further exacerbate its magnitude and unpredictability."
2018-06-30,"The economic deficit, as represented by this series, is forecast to generally widen further over the next 18 months, continuing the recent trend of increasing negativity. This trajectory is primarily influenced by persistent trade tensions and a robust U.S. economy, with high monthly volatility and seasonal patterns expected to continue."
2018-07-31,"The Economy:OT is projected to remain highly volatile and largely negative over the next 18 months, with a notable risk of further deterioration. This outlook is predominantly shaped by persistent global trade disputes and tariffs, which are exerting significant downward pressure on the economy."
2018-08-31,"The trade deficit is expected to continue widening over the next 18 months, maintaining its high month-to-month volatility. This trend is primarily driven by ongoing trade tensions and tariffs, which are suppressing exports and boosting imports, exacerbated by a strong domestic economy."
2018-09-30,"The Economy:OT is forecast to continue its trend of widening deficits over the next 18 months, resulting in more negative values and persistent monthly volatility. This trajectory is largely driven by ongoing international trade disputes and tariffs, which are expected to continue impacting trade balances."
2018-10-31,"The trade deficit is expected to continue widening over the next 18 months, driven by strong domestic economic growth and persistent global trade tensions. This period will likely see continued high volatility, with significant monthly fluctuations influenced by evolving trade policies."
2018-11-30,"The trade deficit is projected to remain substantial and likely widen over the next 18 months, primarily driven by continued strong domestic demand and persistent global trade tensions. High volatility is expected due to the ongoing impact of tariffs and geopolitical factors."
2018-12-31,"The overall trade deficit is projected to continue its widening trend over the next 18 months, with considerable month-to-month volatility primarily influenced by persistent international trade tensions and tariffs, especially with China."
2019-01-31,"The Economy:OT is projected to remain in a substantial deficit, with a general trend towards widening over the next 18 months, continuing the pattern observed in recent history. Significant monthly volatility will persist, primarily driven by ongoing trade disputes, tariffs, and domestic economic policies."
2019-02-28,"The overall trade deficit is projected to remain substantial, with a likely continuation of the widening trend observed in recent years, primarily driven by persistent trade tensions and tariffs. Expect continued significant month-to-month volatility, influenced by global economic conditions and domestic consumer spending."
2019-03-31,"The overall trade deficit is projected to remain substantial and highly volatile over the next 18 months, with a general trend of widening deficits driven by persistent trade policy challenges and an observed economic growth slowdown. Significant monthly fluctuations are expected to continue."
2019-04-30,"The Economy:OT series, reflecting trade deficits, will remain significantly negative and highly volatile over the next 18 months. Persistent trade tensions and a global slowdown in international trade are the primary drivers sustaining these large deficits, with continued sharp monthly fluctuations."
2019-05-31,"The economy's trade deficit is projected to remain substantial and generally widen over the next 18 months, influenced by persistent international trade tensions and robust domestic demand. Expect continued significant monthly volatility around these elevated deficit levels."
2019-06-30,"The overall trade deficit is expected to continue widening over the next 18 months, with persistent high volatility. This trend will be primarily driven by ongoing international trade tensions and tariffs, alongside global economic conditions and domestic consumer demand."
2019-07-31,"The overall trade deficit is projected to remain substantial and highly volatile over the next 18 months. Persistent global trade tensions and policy shifts will continue to be the primary drivers of significant monthly fluctuations, likely maintaining a wide deficit."
2019-08-31,"The international trade deficit is expected to continue its trend of widening over the next 18 months, characterized by significant monthly volatility. This will be primarily driven by persistent global trade tensions and the interplay between strong domestic consumer spending and broader international economic conditions."
2019-09-30,"The overall trade deficit is anticipated to persist at significant levels with notable monthly volatility over the next 18 months, largely shaped by ongoing global trade tensions and the trajectory of international economic growth. While a substantial narrowing is not expected, its fluctuations will reflect shifts in import and export dynamics."
2019-10-31,"The ""Economy:OT"" is projected to remain significantly negative over the next 18 months, characterized by substantial monthly volatility and a persistent seasonal pattern. Ongoing international trade tensions and a general slowdown in global trade activity will continue to be key drivers, maintaining large deficits with fluctuations around recent levels."
2019-11-30,"The Economy:OT series, indicative of trade deficits, is projected to remain substantially negative and highly volatile over the next 18 months, with a continued tendency for deficits to widen. Persistent international trade tensions and evolving global economic conditions will be the main drivers of these fluctuations."
2019-12-31,"The overall trade deficit is projected to remain substantial and volatile, influenced by ongoing global trade dynamics and domestic economic conditions. Expect continued seasonal fluctuations, with deficits typically narrowing in early spring and widening through the summer and fall."
2020-01-31,"The international trade deficit is forecast to experience extreme volatility over the next 18 months, primarily driven by the global economic disruptions from the COVID-19 pandemic, which will lead to unpredictable shifts in both exports and imports."
2020-02-29,"The trade deficit is expected to continue narrowing initially, driven by the global economic slowdown and reduced demand stemming from the COVID-19 pandemic. However, extreme volatility is anticipated over the next 18 months as global trade patterns undergo significant disruption and economies face an uncertain recovery."
2020-03-31,"The trade deficit is expected to exhibit substantial volatility over the next 18 months, with an initial widening due to pandemic-related disruptions, followed by continued fluctuations as global trade volumes contract. The primary drivers will be the duration and severity of the COVID-19 pandemic, its impact on global supply chains, and international trade policies."
2020-04-30,"The trade deficit is projected to experience substantial volatility over the next 18 months, with an immediate tendency to widen due to the ongoing economic disruption and significant declines in global trade caused by the COVID-19 pandemic. Recovery will be uneven, leading to continued large month-to-month fluctuations and sustained uncertainty in trade flows."
2020-05-31,"The overall trade deficit is projected to remain elevated and experience significant volatility over the next 18 months, primarily driven by the ongoing global economic disruption and supply chain challenges stemming from the COVID-19 pandemic. While a gradual recovery is anticipated, the pace will be uneven, with risks of further widening deficits influenced by demand fluctuations and potential trade policy shifts."
2020-06-30,"The international trade deficit is expected to remain substantial and volatile over the next 18 months, primarily driven by the uneven global economic recovery from the COVID-19 pandemic and the relative pace of recovery in exports versus imports. While some normalization in trade flows is anticipated, the deficit will likely fluctuate, with potential for further widening if import demand outpaces export growth."
2020-07-31,"The international trade deficit is projected to remain wide and highly volatile over the next 18 months, primarily driven by the uneven global economic recovery from the COVID-19 pandemic and fluctuating consumer demand. This will likely maintain upward pressure on the deficit, with risks of further widening due to potential new virus waves and persistent supply chain disruptions."
2020-08-31,"The Economy:OT series is expected to remain significantly negative, reflecting substantial trade deficits, with high monthly volatility driven by the ongoing economic impact of the COVID-19 pandemic and global trade dynamics. A persistent seasonal pattern of narrower deficits in late winter/early spring and wider deficits in mid-to-late year will likely continue within this elevated range, with potential for further disruption from trade tensions."
2020-09-30,"The trade deficit is projected to remain elevated and exhibit significant volatility over the next 18 months, primarily driven by the uneven global economic recovery from the COVID-19 pandemic and its effects on supply chains and consumer demand. Persistent seasonal patterns are also expected to contribute to fluctuations."
2020-10-31,"The trade deficit is expected to remain substantial and highly volatile over the next 18 months, primarily driven by the ongoing global economic disruption from the COVID-19 pandemic and its impact on international trade flows. Despite potential seasonal narrowing, the overall deficit will persist at a large scale."
2020-11-30,"The significant widening of the trade deficit observed in late 2020 is expected to persist or further increase over the next 18 months, driven by robust domestic demand and potentially uneven global economic recovery. Volatility will likely continue due to ongoing pandemic-related disruptions and evolving trade dynamics."
2020-12-31,"The trade deficit is expected to remain elevated and highly volatile over the next 18 months, driven by uneven global economic recovery from the COVID-19 pandemic and its continued impact on import and export patterns. Persistent seasonal fluctuations are anticipated within this higher range."
2021-01-31,"The trade deficit is projected to remain significantly wide over the next 18 months, primarily driven by strong domestic demand for goods and ongoing economic recovery fueled by stimulus, with continued volatility expected as global supply chains adjust to the evolving pandemic."
2021-02-28,"The trade deficit (Economy:OT) is expected to remain wide and volatile over the next 18 months, driven by the ongoing global economic recovery from the pandemic, persistent supply chain disruptions, and evolving consumer demand patterns. A significant, sustained narrowing of the deficit is unlikely in the near term."
2021-03-31,"The trade deficit is expected to remain substantial over the next 18 months, likely widening further in the near term due to strong domestic demand fueled by economic stimulus and ongoing global supply chain adjustments. Significant volatility will continue as the global economy navigates post-pandemic recovery and evolving trade dynamics."
2021-04-30,"The trade deficit is projected to remain substantial and volatile over the next 18 months, primarily driven by robust domestic demand and ongoing global supply chain disruptions. While some monthly fluctuations are expected, the overall trend suggests sustained high deficits, with evolving trade policies posing a notable risk."
2021-05-31,"The trade deficit is projected to remain elevated and likely widen further over the next 18 months, primarily driven by strong domestic demand and persistent global supply chain disruptions. Significant monthly volatility is expected, influenced by the pace of global economic recovery and potential trade policy shifts."
2021-06-30,"The international trade deficit is expected to remain significantly elevated and will likely continue its widening trend over the next 18 months, driven by robust domestic demand from economic recovery and stimulus. This trajectory is subject to volatility stemming from ongoing global supply chain disruptions and evolving international trade dynamics."
2021-07-31,"The Economy:OT is forecast to continue its trend of widening negative balances over the next 18 months, primarily driven by robust domestic demand and the ongoing global economic recovery. Expect continued monthly volatility, with potential risks stemming from persistent supply chain disruptions and evolving international trade dynamics."
2021-08-31,"The trade deficit is projected to remain substantial and potentially widen further over the next 18 months, primarily driven by sustained economic growth and robust import demand. Expect continued monthly volatility as global trade conditions evolve."
2021-09-30,"The Economy:OT, representing the trade deficit, is projected to continue widening over the next 18 months, maintaining high volatility. This trend is primarily driven by persistent strong domestic demand for imports and ongoing global supply chain disruptions, with geopolitical factors posing additional risks."
2021-10-31,"The overall trade deficit is forecast to remain at elevated levels and likely widen further over the next 18 months, primarily driven by sustained domestic demand and ongoing global supply chain disruptions. Significant monthly volatility is expected to persist amidst evolving economic conditions and potential geopolitical factors."
2021-11-30,"The Economy:OT is projected to continue its downward trajectory over the next 18 months, indicating a persistent widening of trade deficits. This trend will be accompanied by significant month-to-month volatility, primarily driven by ongoing global supply chain disruptions, robust domestic demand, and evolving international trade patterns."
2021-12-31,"The overall trade deficit is expected to continue widening over the next 18 months, driven by robust domestic demand and elevated import levels. Persistent volatility in trade flows is anticipated, influenced by global economic conditions and ongoing inflation pressures."
2022-01-31,"The overall trade deficit is projected to continue widening over the next 18 months, driven by persistent strong domestic demand, inflationary pressures, and ongoing supply chain challenges. This trend will likely lead to increasingly negative values, with continued monthly volatility."
2022-02-28,"The Economy:OT is expected to continue its trend of widening negative values over the next 18 months, primarily driven by robust domestic demand, persistent supply chain challenges, and inflationary pressures. While monthly volatility will persist, the overall trajectory points towards an increasingly negative balance."
2022-03-31,"The Economy:OT is forecast to remain highly negative, with a tendency for deficits to widen further over the next 18 months. Persistent inflationary pressures, strong domestic demand, and ongoing global supply chain disruptions, intensified by geopolitical conflicts, will drive this trend and contribute to continued volatility."
2022-04-30,"The series, likely representing a trade deficit, is expected to continue its trend of becoming more negative over the next 18 months, indicating generally larger deficits. Significant volatility will persist due to ongoing global supply chain disruptions, persistent inflationary pressures, and geopolitical uncertainties stemming from the Ukraine conflict."
2022-05-31,"The overall trade deficit is projected to remain elevated and generally widen over the next 18 months, primarily influenced by persistent domestic demand, inflationary pressures, and ongoing global supply chain disruptions. Significant month-to-month volatility is expected to continue amidst evolving economic conditions and geopolitical uncertainties."
2022-06-30,"The ""Economy:OT"" series has generally shown a widening deficit over the past three years, reaching historically high negative values. While recent months indicate some narrowing of the deficit due to improved trade dynamics, the forecast period will likely see continued high volatility, with the deficit remaining substantial amid persistent inflationary pressures, ongoing supply chain challenges, and potential global economic slowdowns."
2022-07-31,"The overall trade deficit is projected to continue narrowing over the next 18 months, primarily due to a decelerating domestic economy reducing import demand. Despite this trend, high volatility is expected to persist amid ongoing global economic uncertainties and inflationary pressures."
2022-08-31,"The Economy:OT is projected to remain significantly negative, continuing its long-term trend of widening deficits over the next 18 months, primarily influenced by global economic slowdowns, ongoing supply chain adjustments, and fluctuating consumer demand. Expect continued monthly volatility around this trend."
2022-09-30,"The trade deficit is expected to remain elevated and highly volatile over the next 18 months. While a global economic slowdown and moderating domestic demand could lead to some narrowing, persistent supply chain disruptions and geopolitical tensions will continue to drive significant fluctuations."
2022-10-31,"The series, representing a widening deficit, is projected to remain significantly negative and volatile over the next 18 months. Persistent inflationary pressures, global economic slowdowns, and ongoing geopolitical tensions are expected to drive continued fluctuations around a generally worsening trend."
2022-11-30,"The overall trade deficit is projected to remain substantial over the next 18 months, characterized by continued high volatility. While recent data suggests potential for some stabilization or modest narrowing from peak levels due to easing supply chains and moderating domestic demand, ongoing global economic uncertainties and geopolitical factors pose risks for renewed widening."
2022-12-31,"The overall trade deficit is projected to continue widening over the next 18 months, driven by sustained domestic demand and potential global economic headwinds impacting exports. Significant monthly volatility will likely persist, influenced by ongoing supply chain dynamics, inflationary pressures, and geopolitical uncertainties."
2023-01-31,"The Economy:OT, likely reflecting the trade deficit, is expected to remain substantial and highly volatile over the next 18 months. Persistent global economic uncertainties, varying domestic and international demand, and ongoing supply chain adjustments will drive fluctuations, with the deficit likely remaining elevated and potentially widening further."
2023-02-28,"The overall economic trade deficit is expected to narrow over the next 18 months, continuing the recent trend towards less negative values. This trajectory is primarily influenced by moderating import demand amid slowing economic growth. However, the series will remain highly volatile, driven by persistent global economic uncertainties, ongoing supply chain challenges, and potential geopolitical shifts."
2023-03-31,"The overall trade deficit is expected to fluctuate significantly, potentially stabilizing or gradually narrowing from recent peaks over the next 18 months, driven by evolving global demand, inflation, and supply chain dynamics. However, persistent volatility is anticipated due to ongoing geopolitical risks and potential shifts in domestic and international economic conditions."
2023-04-30,"The Economy:OT, representing a trade deficit, is projected to remain substantial and highly volatile over the next 18 months, with recent trends indicating a widening deficit. This trajectory will be heavily influenced by the impact of higher interest rates on U.S. economic growth and domestic demand, alongside evolving global trade conditions and persistent inflationary pressures."
2023-05-31,"The U.S. overall trade deficit is projected to remain substantial and highly volatile over the next 18 months, generally fluctuating around current elevated levels. This will be primarily driven by the balance of domestic demand, global economic growth, and ongoing geopolitical factors impacting supply chains and trade flows."
2023-06-30,"The overall trade deficit is expected to remain substantial and highly volatile over the next 18 months. Persistent inflation, higher interest rates, and global economic uncertainties will likely drive continued fluctuations in trade balances, preventing a sustained narrowing of the deficit."
2023-07-31,"The overall trade deficit is expected to remain highly volatile over the next 18 months, with its direction primarily driven by the U.S. economic growth trajectory and consumer demand. Higher interest rates are anticipated to temper domestic demand, contributing to periods of deficit narrowing, though persistent global trade dynamics and geopolitical risks will ensure significant fluctuations."
2023-08-31,"The international trade deficit is expected to remain highly volatile over the next 18 months, fluctuating around its current levels. While a significant widening may be constrained by slowing domestic demand due to higher interest rates, global economic uncertainties and shifting trade dynamics will continue to drive its unpredictable movements."
2023-09-30,"The ""Economy:OT"" is forecast to generally widen over the next 18 months, driven by persistent increases in international trade deficits. This trend will be accompanied by high volatility, with significant monthly fluctuations influenced by global economic conditions, geopolitical tensions, and domestic policy uncertainties like potential government shutdowns and tariffs."
2023-10-31,"The international trade deficit is expected to remain substantial and highly volatile over the next 18 months, driven by fluctuating global demand, persistent geopolitical factors affecting trade flows, and the ongoing balance between domestic economic growth and inflation pressures. While significant monthly fluctuations are anticipated, the overall deficit is likely to stay elevated."
2023-11-30,"The international trade deficit is expected to remain substantial and highly volatile over the next 18 months. Persistent global economic fluctuations, domestic demand, and geopolitical developments will drive continued significant monthly variations in the deficit."
2023-12-31,"The international trade deficit is expected to generally widen over the next 18 months, driven by sustained U.S. economic growth potentially boosting import demand. Significant month-to-month volatility will persist, influenced by global economic conditions, inflation trends, and ongoing shifts in export and import dynamics."
2024-01-31,"The Economy:OT, reflecting trade deficits, is forecast to remain significantly negative and highly volatile over the next 18 months. Strong domestic demand, coupled with global economic dynamics, will likely sustain substantial deficits, while geopolitical factors and supply chain stability will continue to drive monthly fluctuations."
2024-02-29,"The persistent deficit in Economy:OT is expected to remain substantial over the next 18 months, with continued month-to-month volatility around current levels, and a potential for further widening. This trajectory will be primarily driven by sustained domestic demand and evolving global trade dynamics."
2024-03-31,"The Economy:OT is forecast to see a widening trade deficit over the next 18 months, primarily driven by robust domestic demand and continued import growth. This trend will likely be accompanied by persistent monthly volatility, with global economic shifts and geopolitical developments posing potential risks to export performance."
