end_date,coarse_pred
1950-12-31,"The SocialGood:OT series will exhibit an immediate seasonal increase in January 1951, followed by significant intra-year volatility. The strong decline observed throughout 1950 indicates that values will likely remain in a lower range or face continued downward pressure over the next 18 months, primarily driven by intrinsic monthly seasonality."
1951-01-31,"Following a sharp decline throughout 1950, the SocialGood:OT series is anticipated to stabilize at its current lower levels in the short term. Over the next 18 months, the series is expected to exhibit continued high volatility, with a gradual upward trend emerging, consistent with its observed cyclical patterns."
1951-02-28,"The ""SocialGood:OT"" metric is expected to stabilize at its current lower levels, followed by a gradual recovery and an upward trend over the next 18 months. Significant monthly volatility driven by strong annual seasonality will persist, causing fluctuations around this general upward trajectory."
1951-03-31,"The ""SocialGood:OT"" metric is anticipated to remain at relatively low levels in the immediate term, with continued monthly fluctuations driven by intrinsic seasonality. Over the next 18 months, a gradual upward trend is expected to emerge as the series transitions from its current cyclical trough, though the overall amplitude of these swings may initially be less pronounced than prior peak periods."
1951-04-30,"The SocialGood:OT series is projected to continue its significant downward trajectory over the next 18 months, potentially stabilizing at historically low levels. Despite inherent monthly seasonality, the prevailing trend is a strong decline, and the series is expected to remain volatile."
1951-05-31,"The ""SocialGood:OT"" series has been on a significant and sustained downward trend since early 1950, currently resting at historical lows. This strong decline is expected to persist, leading to continued low values or further modest decreases over the next 18 months, with moderate volatility."
1951-06-30,"The SocialGood:OT series is currently at a historical low, indicating an imminent shift towards an upward trend. Over the next 18 months, values are expected to rise significantly from their current trough, likely exhibiting moderate volatility as they recover and move towards higher levels."
1951-07-31,"The SocialGood:OT values have experienced a significant decline to historically low levels since early 1950. For the next 18 months, values are expected to remain subdued, showing moderate volatility around this lower range without a clear indication of a strong rebound."
1951-08-31,"The SocialGood:OT series is expected to continue its strong downward trend over the next 18 months, or stabilize at significantly lower values than previously observed. Minor seasonal increases, particularly during winter months, are anticipated but will likely occur within this depressed range, failing to reverse the overall negative trajectory."
1951-09-30,"The SocialGood:OT values are projected to maintain relative stability over the next 18 months, hovering around the lower baseline established in late 1951. While some intrinsic monthly fluctuations may occur, the overall volatility is expected to remain low, without clear indications of a return to the significant upward or downward trends seen in prior years."
1951-10-31,"The SocialGood:OT series is projected to continue its significant downward trend over the next 18 months, likely pushing values to new historical lows. While monthly seasonality may introduce minor fluctuations, the dominant negative trajectory will persist, with the primary risk being a sustained decline."
1951-11-30,"The SocialGood:OT is forecast to continue its pronounced downward trend over the next 18 months, likely stabilizing at historically low levels. Volatility is expected to remain low, with a key risk being a further gradual decline driven by the sustained negative momentum observed in recent periods."
1951-12-31,"The ""SocialGood:OT"" is expected to continue its significant multi-year downward trend, likely reaching even lower levels over the next 18 months. Volatility is anticipated to persist, but within a generally declining range, as the underlying drivers for the observed decline remain unaddressed in the provided context."
1952-01-31,"The SocialGood:OT series is expected to continue its multi-year downward trend, potentially stabilizing at lower values over the next 18 months. While monthly fluctuations driven by recurring seasonality will persist, overall volatility is anticipated to remain moderate."
1952-02-29,"The ""SocialGood:OT"" values are expected to continue their multi-year downward trend over the next 18 months, likely exhibiting reduced volatility and maintaining some inherent monthly seasonality. While the rate of decline has slowed recently, the absence of positive external triggers suggests further gradual decreases are probable."
1952-03-31,"The SocialGood:OT values are expected to stabilize at their current low levels over the next 18 months, following a significant multi-year decline. While minor monthly fluctuations are probable, driven by general seasonality, a return to previous higher values or a sharp downward trend is not anticipated."
1952-04-30,"The SocialGood:OT series is projected to remain largely stable at its current low levels over the next 18 months, exhibiting low volatility. Minor monthly seasonal patterns will likely persist, but a significant directional shift or increase in magnitude is not anticipated given the absence of new drivers."
1952-05-31,"The ""SocialGood:OT"" series is expected to maintain its current low levels, exhibiting minor fluctuations driven by its consistent monthly seasonality. The significant long-term decline has largely stabilized, and volatility should remain contained within a narrow range."
1952-06-30,"The SocialGood:OT series is expected to maintain its current stable, lower range over the next 18 months. Minor intrinsic seasonal fluctuations will likely continue, but a significant directional trend or increased volatility is not anticipated."
1952-07-31,"The SocialGood:OT series is projected to maintain its gradual downward trajectory over the next 18 months, likely stabilizing at historically low values. While monthly seasonality will continue to drive minor fluctuations, overall volatility is expected to remain subdued, with no significant external drivers apparent."
1952-08-31,"The SocialGood:OT values are expected to continue oscillating around their current lower levels, primarily influenced by recurring seasonal patterns with typical increases in winter months and declines in summer months. Overall volatility should remain relatively contained, reflecting the recent stabilization after a prolonged downward trend, with no apparent external triggers for significant shifts."
1952-09-30,"The ""SocialGood:OT"" is expected to continue its observed long-term decline over the next 18 months, with values likely remaining at relatively low levels. This downward trend will be accompanied by ongoing monthly fluctuations, consistent with established seasonal patterns, and no external triggers are apparent to reverse this trajectory."
1952-10-31,"The ""SocialGood:OT"" values are expected to continue their multi-year downward trend over the next 18 months, likely reaching new historical lows. While minor seasonal upticks may occur in early winter or spring, these will likely be temporary and overshadowed by the persistent decline."
1952-11-30,"The ""SocialGood:OT"" is expected to continue its pronounced downward trend over the next 18 months, maintaining the established annual seasonal pattern of early-year peaks followed by a decline into late autumn troughs. Volatility will likely remain subdued as the overall values decrease further, driven primarily by intrinsic monthly and annual seasonal factors."
1952-12-31,"The SocialGood:OT series is projected to continue its multi-year downward trend over the next 18 months, influenced by persistent intrinsic factors. Monthly fluctuations are expected to persist, reflecting established seasonality, though the overall rate of decline appears to be moderating."
1953-01-31,"The SocialGood:OT series is expected to largely stabilize around its current lower levels over the next 18 months, exhibiting moderate monthly fluctuations driven by recurring seasonal patterns, particularly dips in late summer/early autumn and recoveries in late autumn/winter. The significant downward trend observed initially has considerably abated, suggesting a period of relative equilibrium."
1953-02-28,"The SocialGood:OT series is expected to continue its gradual downward trend over the next 18 months, with diminishing volatility and values likely stabilizing at lower levels. Intrinsic monthly seasonality will remain a primary driver, causing regular fluctuations with typical increases in early spring followed by declines towards late autumn."
1953-03-31,"The SocialGood:OT series is expected to continue its overall downward trend over the next 18 months, characterized by reduced volatility and smaller seasonal fluctuations. The primary drivers will be the persistent long-term decline and recurring monthly seasonal patterns."
1953-04-30,"The ""SocialGood:OT"" values are expected to generally stabilize at current lower levels over the next 18 months, following a significant multi-year decline. While minor monthly fluctuations and seasonal patterns will persist, a strong upward reversal is not indicated, and values will likely remain within a relatively narrow, low range."
1953-05-31,"The SocialGood:OT series is expected to maintain its multi-year downward trajectory over the next 18 months, leading to generally lower values. This persistent decline will be overlaid with consistent annual seasonal fluctuations, where typical early winter rebounds and late spring/autumn dips are projected to occur at progressively lower levels."
1953-06-30,"The SocialGood:OT values are projected to maintain their pronounced downward trend over the next 18 months, with the established multi-year decline continuing to be the primary driver. Volatility is expected to remain low, with only minor seasonal fluctuations observed within this overall decreasing trajectory."
1953-07-31,"The ""SocialGood:OT"" is expected to continue its multi-year declining trend over the next 18 months, with values likely reaching new historical lows. This downward trajectory will be modulated by persistent strong monthly seasonality, characterized by higher values in winter months and lower values in late autumn and mid-spring, resulting in moderate but predictable volatility."
1953-08-31,"The SocialGood:OT series is projected to continue its overall declining trend over the next 18 months, with values likely to reach new lows. While seasonal patterns will introduce some upward fluctuations, particularly in early calendar years, these peaks are expected to be successively lower, maintaining a generally downward direction with moderate volatility."
1953-09-30,"The ""SocialGood:OT"" values are expected to continue their established seasonal pattern of winter/early spring peaks and late summer/early autumn troughs, but within an ongoing gradual downward trend. Volatility is likely to remain moderate, driven primarily by these intrinsic seasonal dynamics, with no immediate external triggers or significant risks apparent."
1953-10-31,"The ""SocialGood:OT"" series is anticipated to continue its multi-year downward trend over the next 18 months, with values likely remaining in a lower range. While persistent seasonal patterns will cause modest fluctuations, each seasonal peak and trough is expected to be lower than in previous years, driven by the overarching decline."
1953-11-30,"The SocialGood:OT series is anticipated to continue its established seasonal fluctuations over the next 18 months, with values likely to oscillate around current levels rather than continuing the steep multi-year decline. Moderate volatility is expected, driven by consistent monthly patterns including early-year peaks and late-summer troughs, with a key risk being a potential resumption of the prior downward trend if the recent stabilization proves temporary."
1953-12-31,"The series is expected to continue its pronounced monthly seasonality, with values likely to remain elevated in early 1954 following the strong late-1953 rebound, before a seasonal dip into mid-year. Volatility will remain a key characteristic, with significant fluctuations expected around seasonal peaks and troughs, and a potential for values to stabilize or show a slight upward trend over the forecast horizon, driven by the recent momentum."
1954-01-31,"The SocialGood:OT series is expected to maintain an elevated level following the significant surge observed in late 1953 and early 1954, with continued monthly seasonality superimposed on this higher baseline. While some seasonal moderation may occur in the immediate future, the overall trajectory points towards sustained higher values, with increased volatility compared to prior periods."
1954-02-28,"The SocialGood:OT series is currently experiencing an unprecedented surge, reaching new highs in the last few months, likely driven by an amplified seasonal peak. While some seasonal moderation may occur, the strong upward momentum suggests values will remain significantly elevated compared to historical averages, with continued volatility as the series navigates this new, higher level."
1954-03-31,"The SocialGood:OT series is expected to maintain its strong upward trend, likely stabilizing at or continuing to climb to new elevated levels over the next 18 months, accompanied by sustained high volatility. This momentum appears driven by an amplification of seasonal factors or an underlying shift, with the primary risk being the unsustainability of the current rapid growth rate."
1954-04-30,"The ""SocialGood:OT"" series is at a significantly elevated level following a sharp, seasonally-driven increase, suggesting it will remain high with continued volatility over the next 18 months. While further upward momentum is possible, particularly with recurring late-year seasonality, a notable risk is a correction from the recent rapid ascent if underlying support wanes."
1954-05-31,"The SocialGood:OT series is expected to remain at a significantly elevated level over the next 18 months, following the substantial surge observed in late 1953 and early 1954. While some moderation from the recent peak is possible, the overall trend suggests a new, higher baseline, with continued volatility around this level."
1954-06-30,"The SocialGood:OT series is expected to continue at its recently elevated levels, with a likely seasonal decline in the latter half of 1954 followed by a strong resurgence and potential new highs in early 1955. This trajectory is primarily driven by the established upward trend and pronounced year-end/year-start seasonality, suggesting continued high volatility."
1954-07-31,"The SocialGood:OT series is projected to continue at its recently established elevated levels, driven by the strong intrinsic growth observed since late 1953. While monthly seasonal fluctuations are anticipated, the overall direction points towards sustained high values with moderate volatility, absent any new external triggers."
1954-08-31,"The series will largely maintain the significantly elevated levels established in early 1954, driven by a new higher baseline. Monthly seasonality will continue to influence fluctuations, with expected dips in late summer/early autumn and rises in winter/early spring, but a return to prior low values is not anticipated."
1954-09-30,"The SocialGood:OT series has recently experienced a significant and sustained upward shift, stabilizing at a much higher level compared to its earlier history. For the next 18 months, the values are expected to remain elevated, likely fluctuating around the current high plateau, with no clear indication of a return to previous lower levels. This sustained higher level appears to be driven by a structural shift rather than typical seasonal patterns, which may introduce moderate volatility around the new mean."
1954-10-31,"The series is currently in a pronounced downward trend following a significant surge and peak in early 1954, and this decline is anticipated to continue over the next 18 months. While it may stabilize above its pre-1953 baseline, the recent high volatility suggests further notable fluctuations are likely."
1954-11-30,"The series is expected to continue its pronounced seasonal fluctuations, with an anticipated strong upward movement into early 1955, followed by a seasonal decline through the summer and autumn, before another year-end surge. While maintaining moderate to high volatility driven by these recurring monthly patterns, there is a risk that the underlying growth trend observed in prior years may moderate."
1954-12-31,"The SocialGood:OT series is expected to continue its pronounced seasonal fluctuations over the next 18 months, characterized by strong upticks in early winter and spring followed by declines through late summer and autumn. The overall level is anticipated to remain elevated, consistent with 1954 trends, driven by intrinsic monthly and seasonal patterns, with moderate to high volatility and a risk of deviation if unforeseen external factors emerge."
1955-01-31,"The series exhibits strong upward momentum following its recent rebound, suggesting it will likely maintain elevated levels in the near term, potentially seeing some further increase. However, significant volatility is expected, with a risk of moderate seasonal declines in the mid-year periods, driven by historical patterns."
1955-02-28,"The SocialGood:OT series is expected to continue its strong annual seasonal pattern over the next 18 months, with values likely to decline in late summer/early autumn and rebound towards year-end and early-year periods. The series is anticipated to maintain its current elevated baseline, with volatility primarily driven by these recurring seasonal intrinsic factors rather than major shifts in the underlying trend."
1955-03-31,"The SocialGood:OT series is projected to continue its strong annual seasonal pattern, experiencing a decline through the spring and summer of 1955 before a significant rebound in late 1955 and early 1956. Volatility will remain moderate due to these seasonal swings, with the overall trend likely stabilizing at a higher baseline compared to earlier years, though potentially moderating from the peak growth rates observed in early 1954."
1955-04-30,"The SocialGood:OT series is expected to continue its recent declining trajectory, with typical late summer and autumn seasonality likely to reinforce this downward movement. While a seasonal rebound is anticipated in the winter, the overall trend suggests values will stabilize or gradually decrease further from the high levels seen in early 1954, maintaining moderate volatility."
1955-05-31,"The SocialGood:OT series is expected to continue its recent downward trend through the summer and early autumn of 1955, aligning with established annual seasonality. A robust seasonal rebound will then occur towards the end of 1955 and into early 1956, driven by year-end and new-year effects, with continued significant volatility characterizing these seasonal transitions."
1955-06-30,"The SocialGood:OT series is projected to experience significant seasonal volatility over the next 18 months, with an expected rebound from its current mid-year low towards a peak around year-end and early 1956, driven by established end-of-year and new-year patterns. Following this, a seasonal decline is anticipated through mid-1956, with the overall values likely to fluctuate within the range observed in the past year, though a potential for a slight downward pressure on the underlying trend exists given the recent sharper decline."
1955-07-31,"The series is expected to experience continued short-term decline or stabilization before a strong seasonal rebound in late 1955 and early 1956, driven by end-of-year and new-year patterns. Subsequent periods will likely follow similar pronounced seasonal cycles of decline through summer and recovery into winter, exhibiting significant volatility, though seasonal peaks may be tempered by the recent underlying downward trend."
1955-08-31,"The SocialGood:OT series is expected to continue its recent downward trajectory, likely stabilizing in the lower historical range over the next 18 months. While intrinsic monthly seasonality will introduce some fluctuations, the primary risk is a further decline towards or below the initial observed low values."
1955-09-30,"The SocialGood:OT series is expected to exhibit continued significant volatility over the next 18 months, driven by recurring seasonal patterns. While seasonal upticks are anticipated towards year-end and early spring, the overall trajectory suggests a continuation of the underlying declining trend, leading to progressively lower peaks and troughs compared to previous years."
1955-10-31,"The SocialGood:OT series is anticipated to show a seasonal rebound in late 1955 and early 1956, but the overall trend suggests this peak may be lower than previous years, followed by a continued gradual decline. Moderate volatility is expected due to recurring seasonal patterns, with the primary risk being a sustained downward trajectory over the forecast horizon."
1955-11-30,"The forecast for the next 18 months anticipates a continuation of the declining trend observed throughout 1955, with values generally moving lower. While strong seasonal patterns will likely induce temporary increases around year-end and early new year, these peaks are expected to be successively lower than in prior years, driven primarily by intrinsic seasonal dynamics."
1955-12-31,"The SocialGood:OT series is expected to continue its strong annual seasonal pattern, with values rising in early 1956 before declining through the year, and this pattern repeating into 1957. The overall trend suggests a continued moderation of peak values, with moderate volatility driven primarily by predictable seasonal factors like holidays and weather."
1956-01-31,"The series is expected to maintain its strong annual seasonality, with significant fluctuations as values decline into spring/summer before rising towards year-end. A notable risk is the continuation of the observed gradual decrease in the magnitude of annual peaks, driven primarily by intrinsic seasonal patterns related to year-end holidays and winter/summer cycles."
1956-02-29,"The SocialGood:OT series is expected to continue its established multi-year decline, with values trending downwards from the current seasonal peak through the upcoming spring and summer, likely reaching new historical lows. While annual seasonal upticks are anticipated in late 1956 and early 1957, these will likely be subdued and insufficient to reverse the dominant downward trajectory, indicating continued pressure from underlying factors."
1956-03-31,"The series will follow its strong annual seasonality, declining through mid-1956 before a significant rebound into early 1957, driven by recurring year-end and new year patterns. This will be succeeded by another seasonal downturn, with the overall trajectory indicating a continued gradual decrease in annual peak values and persistent high volatility."
1956-04-30,"The SocialGood:OT series will continue its pronounced annual seasonal pattern over the next 18 months, characterized by a decline through summer and autumn, followed by a significant rise to an early-year peak. However, a clear trend of decreasing annual peak values suggests future peaks will be lower than previous years, maintaining moderate volatility throughout these cycles, driven primarily by recurring seasonal factors."
1956-05-31,"The series is expected to maintain its strong annual seasonality, with values typically declining through the summer and autumn before rising towards year-end and early next year. However, this seasonal movement will likely occur within a continued gradual downward trend, resulting in lower overall levels for both peaks and troughs over the next 18 months, driven by persistent annual cycles."
1956-06-30,"The SocialGood:OT series is expected to continue its pronounced annual seasonal pattern, characterized by a decline through summer and early autumn, followed by a rise towards year-end and into early next year. However, the overall trend indicates that these seasonal peaks and troughs will likely be lower than those observed in previous years, driven primarily by intrinsic seasonal dynamics."
1956-07-31,"The SocialGood:OT series is projected to continue its gradual decline over the next 18 months, driven by an underlying downward trend. This will be accompanied by persistent annual seasonality, characterized by a rise in winter/early spring and a fall in late summer/autumn, with the amplitude of these fluctuations potentially moderating."
1956-08-31,"The SocialGood:OT series is expected to continue its overall downward trend over the next 18 months, with seasonal peaks and troughs generally decreasing. A strong annual seasonal pattern will persist, showing values rising from autumn to early spring and then declining through summer, driven primarily by these consistent seasonal dynamics."
1956-09-30,"The series is projected to maintain its distinct annual seasonality, with values rising into early 1957 and then declining through the summer, repeating this cycle into 1958. However, an underlying downward trend is expected to continue, leading to progressively lower annual peaks despite the consistent seasonal drivers."
1956-10-31,"The series is expected to continue its pronounced annual seasonality, characterized by increases in late autumn and winter followed by declines through summer and early autumn. This consistent seasonal pattern will unfold within an overarching trend of gradual decline, leading to progressively lower peak and trough values, primarily driven by intrinsic seasonal dynamics."
1956-11-30,"The SocialGood:OT series is projected to continue its multi-year downward trend, with values generally declining over the next 18 months and likely remaining below previous annual highs. While significant monthly seasonality, including year-end rebounds and early-year surges, will persist, the magnitude of these seasonal increases is expected to be successively lower."
1956-12-31,"The SocialGood:OT series will continue its gradual downward trend over the next 18 months, while exhibiting strong recurring annual seasonality. This pattern will see values rise in early 1957, decline through the summer and autumn to a low point around October, and then slightly recover towards year-end, repeating into 1958."
1957-01-31,"The SocialGood:OT series will continue its strong annual seasonal pattern, experiencing a general decline from the current level through late 1957, followed by a significant rebound in early 1958, and then another seasonal downturn. This consistent monthly volatility is predominantly driven by intrinsic seasonal shifts, with no apparent external triggers influencing the trajectory."
1957-02-28,"The SocialGood:OT series is expected to continue its strong annual seasonal pattern, with values likely to decline through the summer and autumn of 1957 before recovering towards year-end, a cycle anticipated to repeat with moderate volatility into 1958. The overall downward trend observed in prior years appears to be moderating, suggesting a period of stabilization or slower decline driven primarily by these intrinsic seasonal dynamics."
1957-03-31,"The ""SocialGood:OT"" values are expected to continue their gradual downward trend over the next 18 months, exhibiting moderate volatility driven by consistent annual seasonality, with typical dips in autumn and rebounds in early winter. The persistent underlying decline suggests that even seasonal peaks will likely be lower than in previous years."
1957-04-30,"The SocialGood:OT series is expected to continue its overall gradual decline over the next 18 months, while maintaining its established pattern of moderate seasonal volatility. The primary drivers will be intrinsic monthly and year-end seasonality, leading to predictable fluctuations with typical lows in late autumn and peaks in early winter."
1957-05-31,"The SocialGood:OT series will likely maintain its strong annual seasonality over the next 18 months, exhibiting significant monthly volatility with declines through summer and autumn, followed by winter rebounds. An underlying slight downward trend in annual peak and trough values is anticipated to continue, driven primarily by intrinsic seasonal shifts."
1957-06-30,"The SocialGood:OT series is expected to continue its pronounced seasonal fluctuations over the next 18 months, with values typically declining through summer and autumn before rising to early winter peaks. These significant monthly movements, driven by intrinsic seasonal factors, will occur around an overall level that has shifted lower compared to the initial historical period."
1957-07-31,"The SocialGood:OT series will continue to exhibit strong annual seasonality over the next 18 months, with values typically declining through late summer and autumn before rising into the winter and early new year. This intrinsic seasonality will drive significant monthly volatility, maintaining the series within its historical range without a clear long-term directional trend."
1957-08-31,"The SocialGood:OT series is expected to maintain its strong annual seasonality over the next 18 months, characterized by significant monthly fluctuations as values decline into autumn troughs and rise towards winter and early spring peaks. This pattern, driven by intrinsic seasonal factors, may occur against a backdrop of a subtle, gradual long-term decline in overall levels."
1957-09-30,"The series is expected to continue its pronounced annual cyclical pattern, characterized by significant volatility, with values rising towards early-year peaks and declining to late-year troughs. This behavior is primarily driven by strong intrinsic monthly and annual seasonality."
1957-10-31,"The SocialGood:OT values will continue to exhibit a pronounced annual seasonal pattern, rising from the current autumn low towards a peak in early 1958, then declining to a late 1958 trough, and subsequently rising into early 1959. This strong seasonality, driven by typical yearly cycles and weather patterns, will ensure continued significant intra-year volatility across the forecast horizon."
1957-11-30,"The ""SocialGood:OT"" series is expected to continue its pronounced annual seasonal pattern over the next 18 months, characterized by higher values in the winter/early spring and lower values in the late summer/early autumn. This consistent cyclical behavior, driven by intrinsic monthly seasonality, will likely maintain similar levels of volatility seen historically."
1957-12-31,"The SocialGood:OT values are expected to continue their pronounced annual seasonal pattern over the next 18 months, typically peaking in late winter/early spring and dipping in late summer/early autumn. This established seasonality, the primary driver, will likely operate around a slowly increasing trend, maintaining moderate volatility."
1958-01-31,"The SocialGood:OT series is expected to follow its strong monthly seasonality, with values seasonally declining from the elevated January 1958 level into the summer and autumn, then recovering towards year-end and into early 1959. The recent significant surge in January 1958 suggests a potential shift to a higher baseline, implying increased volatility and a generally higher range of values throughout the forecast period."
1958-02-28,"The series is currently experiencing a significant upward surge, reaching unprecedented levels, suggesting a continued elevated trajectory in the near term. While intrinsic monthly seasonality will persist, the strong recent momentum is the dominant driver, indicating the values will remain high, with the primary risk being a potential correction from these elevated levels."
1958-03-31,"The SocialGood:OT is currently experiencing a significant upward surge to unprecedented levels, which is expected to drive continued elevated values over the next 18 months. While seasonal fluctuations with late summer/fall dips and winter/early spring rises will persist, they will occur on a much higher baseline, with overall volatility remaining high."
1958-04-30,"The ""SocialGood:OT"" series is expected to continue at the significantly elevated levels established in early 1958, maintaining its general upward trajectory from previous years. Seasonal patterns will likely persist, with values typically declining in late summer/fall and increasing towards the year-end and early new year, leading to continued monthly volatility around this higher baseline."
1958-05-31,"The series is projected to maintain its significantly elevated levels over the next 18 months, following the substantial upward shift observed since late 1957. While typical monthly seasonality and some volatility are expected, the primary characteristic will be the sustained higher values, with the risk of a potential correction from these new highs being the main uncertainty."
1958-06-30,"The SocialGood:OT is expected to continue its robust upward trend over the next 18 months, building on the significant growth observed in early 1958. This overall increase will be accompanied by substantial seasonal volatility, typically seeing declines during late summer and autumn, followed by strong rebounds and peak values in the winter and early spring months, driven by intrinsic annual patterns."
1958-07-31,"The SocialGood:OT series is projected to remain at significantly elevated levels over the next 18 months, driven by the strong upward shift observed since late 1957. Expect continued seasonal fluctuations, with values typically declining in late summer and fall before increasing towards year-end and into the new year, but within this higher range."
1958-08-31,"The ""SocialGood:OT"" values are expected to remain at an elevated level, driven by the strong underlying upward trend and pronounced annual seasonality. This will likely involve an initial seasonal dip, followed by subsequent rises towards year-end and early in the new year, with continued moderate to high volatility."
1958-09-30,"The SocialGood:OT series is expected to continue its pronounced upward trajectory over the next 18 months, maintaining significantly higher values than previous periods, driven by the strong underlying momentum. This will be accompanied by persistent annual seasonality, with values typically rising towards year-end and peaking in early spring, and overall elevated volatility."
1958-10-31,"The SocialGood:OT series is expected to resume an upward trajectory in the near term, driven by strong annual seasonality, before continuing its recurring annual cycles of increase and decrease. The overall level will remain significantly elevated compared to prior years, reflecting the substantial shift observed in 1958, with moderate to high volatility persisting throughout the forecast horizon."
1958-11-30,"The series is projected to maintain its elevated levels established in 1958, continuing to exhibit strong annual seasonality with peaks in early winter/spring and troughs in late summer/early autumn. This will result in moderate volatility around a higher baseline, primarily driven by these intrinsic monthly patterns."
1958-12-31,"The ""SocialGood:OT"" is expected to maintain the robust upward trend established in 1958, leading to generally higher values over the next 18 months. This upward trajectory will be accompanied by continued monthly seasonality, typically showing peaks in the early year and dips in late summer, with overall volatility remaining notable."
1959-01-31,"SocialGood:OT values are expected to remain at elevated levels, sustaining the higher baseline established in 1958, with a continued but possibly moderating year-over-year upward trend. Pronounced annual seasonality will persist, featuring early-year peaks and late-autumn troughs, which will drive significant intra-year volatility over the forecast horizon."
1959-02-28,"The SocialGood:OT series is expected to experience a seasonal decline from its current elevated levels through the spring and summer of 1959, followed by a strong rebound towards the end of 1959 and into early 1960. This annual pattern of early-year peaks and late-summer troughs will likely continue, with values generally remaining high and exhibiting significant intra-year volatility driven by strong monthly seasonality."
1959-03-31,"The ""SocialGood:OT"" series is expected to generally maintain its elevated levels established in 1958, with a potential for continued gradual upward movement over the next 18 months. Monthly seasonality, particularly the observed increases at the start of the calendar year and around mid-year, will drive recurring fluctuations, contributing to sustained higher volatility compared to earlier periods."
1959-04-30,"The SocialGood:OT series is expected to continue its recent downward trend in the immediate future, likely stabilizing at a level above its initial historical baseline but below the 1958 peak, driven by a correction from the earlier surge and typical monthly seasonality. A moderate seasonal recovery is anticipated towards the end of the forecast period, with overall volatility remaining a key characteristic."
1959-05-31,"The SocialGood:OT series is projected to continue its current seasonal decline through late 1959, reaching its annual lows, before experiencing a sharp increase into early 1960, driven by recurring new calendar year effects. This pattern of significant early-year peaks followed by declines and subsequent rises is expected to persist throughout the forecast horizon, maintaining elevated volatility."
1959-06-30,"The SocialGood:OT series is expected to exhibit continued significant monthly volatility, with an overall trend of moderation from the early 1959 peak, yet remaining above pre-1958 levels. Strong annual seasonality, particularly upward movements at the start of each new calendar year, will be a primary driver of fluctuations."
1959-07-31,"The SocialGood:OT series is expected to continue its strong annual seasonality, with values likely declining in late 1959 before a significant rebound and peak in early 1960, driven by new calendar year effects. This pattern of high volatility, characterized by mid-year declines and year-end increases culminating in a substantial January surge, is anticipated to persist through the forecast horizon."
1959-08-31,"The SocialGood:OT series is expected to continue its overall declining trend from the significant peak observed in 1958, marked by moderate recurring volatility due to consistent annual seasonal patterns. These patterns typically involve an increase around the new year followed by a mid-year decline, with the magnitude of these fluctuations anticipated to gradually diminish over the forecast horizon."
1959-09-30,"The SocialGood:OT series is expected to continue its pronounced annual seasonality over the next 18 months, with values consistently rising towards year-end and peaking in early calendar years, then declining through mid-year. This pattern will drive moderate volatility, but the overall trajectory suggests a continued stabilization or gradual decline from the elevated levels seen in 1958, with the primary risk being an unexpected deviation from these established seasonal dynamics."
1959-10-31,"The series is expected to continue its pronounced annual seasonality, likely seeing increases towards year-end and peaking in early 1960 and 1961, followed by declines through subsequent summer and autumn periods. Volatility will remain significant due to these intrinsic monthly patterns, with the overall level potentially stabilizing or gradually trending downwards from the elevated peaks observed in prior years."
1959-11-30,"The values for SocialGood:OT are expected to maintain their pronounced annual seasonality, featuring significant surges at the start of each year followed by subsequent declines, leading to continued high volatility. While these seasonal patterns persist, the overall trend suggests a slight moderation in values compared to the peak levels observed in 1958, driven primarily by calendar year effects."
1959-12-31,"The SocialGood:OT series is projected to maintain its strong annual seasonality, with values typically rising in the early part of the year before declining through mid-year. However, the overall trend suggests a continued downward drift in annual peak and trough values, implying stabilization at a lower range following the significant surge observed in 1958."
1960-01-31,"The SocialGood:OT series is expected to continue its highly volatile, cyclical behavior over the next 18 months, driven by strong intrinsic monthly and annual seasonality. We forecast an initial period of elevated values in early 1960, followed by a decline through the warmer months, then a recovery towards year-end, culminating in another sharp seasonal increase in January 1961, with the primary risk being the unpredictable magnitude of these significant swings."
1960-02-29,"The SocialGood:OT series is expected to continue its cyclical pattern over the next 18 months, likely experiencing an initial decline through mid-1960 followed by a recovery, exhibiting moderate to high volatility throughout the forecast horizon. These fluctuations will primarily be driven by recurring monthly seasonality and year-end/new year dynamics, with the main risk being the potential for external factors to induce significant upward or downward shifts, similar to past extreme movements."
1960-03-31,"The SocialGood:OT series will exhibit continued strong annual seasonality, driven by recurring calendar year effects, leading to an initial decline from current levels into a summer/fall trough, followed by a significant rebound to an early 1961 peak, and then another decline. This pattern ensures persistent high month-to-month volatility, with the magnitude of future peaks potentially slightly lower than historical highs."
1960-04-30,"The SocialGood:OT series will continue its strong annual seasonality, with values declining towards a late summer/early autumn trough before rising to an early year peak. This cyclical behavior is expected to show continued moderation in peak values, maintaining significant volatility driven by intrinsic monthly and annual patterns."
1960-05-31,"The SocialGood:OT series is expected to continue its pronounced annual seasonal pattern, with values likely remaining in a lower range through late 1960 before experiencing a significant upward surge in early 1961, driven by consistent January seasonality. Following this peak, a gradual decline is anticipated through mid-1961, maintaining moderate monthly volatility throughout the period."
1960-06-30,"The ""SocialGood:OT"" series is expected to continue its pronounced annual seasonality over the next 18 months, characterized by early-year peaks followed by declines through summer and a subsequent year-end recovery. Significant volatility will persist due to these strong cyclical patterns, with a potential for slightly moderated peak values compared to prior years, driven primarily by intrinsic monthly and annual seasonal influences."
1960-07-31,"The series will likely continue its established annual pattern of early-year peaks and late-summer troughs, but an underlying downward trend suggests a gradual overall decline in values over the forecast horizon. Significant monthly fluctuations will persist, driven by intrinsic seasonality, with overall volatility expected to slightly moderate."
1960-08-31,"The ""SocialGood:OT"" series is expected to continue its pronounced annual seasonality, characterized by early-year peaks and late-summer/early-autumn troughs. However, the overall trend indicates a continued gradual dampening of these seasonal fluctuations, suggesting a slightly lower average level and reduced volatility over the forecast horizon."
1960-09-30,"The SocialGood:OT series is anticipated to continue its established annual seasonality, characterized by early-year peaks followed by a gradual decline towards late-year troughs. The overall trend suggests a stabilization at relatively lower levels compared to earlier historical periods, with moderate volatility driven by these recurring seasonal patterns."
1960-10-31,"The ""SocialGood:OT"" values are expected to continue their established annual seasonal pattern, with increases in the early year followed by declines, but overall remaining at lower average levels than the initial period. Volatility is anticipated to remain subdued, with monthly seasonality being the primary driver of predictable fluctuations."
1960-11-30,"The SocialGood:OT values will continue to exhibit a strong annual seasonal pattern over the next 18 months, with values generally rising at the beginning of each year and dipping mid-year. The series is expected to fluctuate with moderate volatility within a stable overall range, primarily driven by these consistent monthly seasonal dynamics."
1960-12-31,"The series is expected to continue its upward trajectory, establishing a higher baseline over the next 18 months, driven by the recovery observed in late 1960. This will lead to continued strong monthly seasonality, with values typically peaking in the early part of each year and dipping mid-year, maintaining consistent volatility."
1961-01-31,"The SocialGood:OT values are projected to follow a pronounced annual seasonal pattern over the next 18 months, declining from the current high in early 1961 to reach annual lows in late summer/early fall, before recovering towards the end of the year and into early 1962. This cyclical behavior, driven by intrinsic seasonal factors like post-holiday adjustments and new budget cycles, will likely maintain moderate monthly volatility."
1961-02-28,"The SocialGood:OT is expected to undergo a seasonal decline from its current high levels in the immediate future, stabilizing in the latter half of the year. However, the strong recent upward momentum indicates a likely return to elevated values by early 1962, with significant monthly volatility driven by established annual patterns."
1961-03-31,"Following a recent historical high, the series is expected to undergo a significant seasonal decline through spring and summer 1961, reaching its annual low in autumn. A strong seasonal rebound is then anticipated into early 1962, potentially returning to elevated levels before another seasonal downturn, with moderate to high volatility driven by these consistent annual patterns."
1961-04-30,"The SocialGood:OT series is expected to operate at a generally higher baseline over the next 18 months, following the strong upward trend observed in early 1961. We anticipate continued moderate volatility driven by intrinsic seasonality, with values typically dipping in late summer and autumn before rising again in the winter and early spring periods."
1961-05-31,"The SocialGood:OT series is expected to continue its pronounced annual seasonality over the next 18 months, characterized by lower values in late summer/early autumn and higher values in winter/early spring. Given the recent upward trajectory, particularly in annual peak values, the series is likely to trend towards higher overall levels, maintaining its significant monthly volatility with sharp fluctuations between seasonal highs and lows."
1961-06-30,"The SocialGood:OT is forecast to maintain its strong upward trajectory over the next 18 months, with values generally trending higher than previous periods. Expect continued significant monthly volatility, influenced by recurring seasonal patterns, particularly around year-end and early-year cycles."
1961-07-31,"The SocialGood:OT series is expected to maintain its recently elevated levels, likely continuing its upward trend over the next 18 months. Strong annual seasonality will drive significant month-to-month volatility, with peaks anticipated in the early calendar year and dips in late summer, influenced by typical seasonal patterns and calendar-related adjustments."
1961-08-31,"The SocialGood:OT series is projected to continue its strong upward trend over the next 18 months, maintaining higher overall values. This growth will be accompanied by persistent annual seasonality, with winter peaks and late summer/early autumn troughs, and potentially elevated volatility in its fluctuations driven by calendar-related cycles."
1961-09-30,"The SocialGood:OT values are expected to continue their recent upward trend over the next 18 months, driven by an underlying growth momentum. This will be accompanied by a pronounced annual seasonality, likely seeing values rise through late autumn and winter to peak in early spring, followed by a decline into late summer and early autumn, with increasing volatility reflecting the growing magnitude of these fluctuations."
1961-10-31,"The ""SocialGood:OT"" values are expected to rebound from their current autumn low, driven by strong annual seasonality, and will likely increase significantly towards a winter peak before declining through the subsequent spring and summer. This cyclical pattern is expected to continue with notable volatility, potentially reaching higher overall levels in future peaks and troughs."
1961-11-30,"The SocialGood:OT values are projected to continue their upward trend over the next 18 months, maintaining the strong established monthly seasonality with higher winter/early spring peaks and higher late summer/autumn troughs. Overall volatility is expected to remain elevated, consistent with the recent widening of the annual range observed in the historical data."
1961-12-31,"The SocialGood:OT series is projected to continue its distinct annual seasonality over the next 18 months, characterized by peaks in winter/early spring and declines into late summer/early autumn. While significant month-to-month volatility will persist, the overall level is expected to remain elevated compared to earlier periods, driven by these consistent seasonal dynamics."
1962-01-31,"The SocialGood:OT series is projected to continue its pronounced annual seasonal fluctuations over the next 18 months, with values likely peaking in early spring and declining into late summer/early autumn. While maintaining significant month-to-month volatility, the overall trend suggests a moderation from the elevated levels observed in early 1961, driven predominantly by these consistent seasonal cycles."
1962-02-28,"The ""SocialGood:OT"" values are anticipated to continue their overall upward trajectory over the next 18 months, maintaining elevated levels. A pronounced seasonal pattern will likely drive values down into the late summer/early fall before rebounding to potential new peaks in the subsequent winter/early spring, with moderate volatility."
1962-03-31,"The ""SocialGood:OT"" values are expected to continue exhibiting strong annual seasonality, with peaks in the early calendar year and troughs in late summer/early autumn. While maintaining moderate volatility, the overall upward trend observed in previous years appears to be moderating, suggesting future peaks may not reach the highest historical levels."
1962-04-30,"The SocialGood:OT series is expected to continue its pronounced annual seasonality over the next 18 months, characterized by moderate volatility. Following a period of elevated values in early 1961, the series has recently trended downwards, indicating a continued gradual decline or stabilization at levels below the 1961 peaks, primarily driven by intrinsic seasonal patterns."
1962-05-31,"The SocialGood:OT series is forecast to continue its strong annual seasonality over the next 18 months, characterized by values rising towards winter and declining into spring/early summer. The overall level of these significant fluctuations is expected to be somewhat moderated compared to the peak values observed in 1961, reflecting a recent downward shift in the underlying trend."
1962-06-30,"The ""SocialGood:OT"" series is expected to continue its established seasonal pattern over the next 18 months, with values fluctuating within a moderate range similar to the 1959-1960 and 1962 periods, rather than returning to the elevated levels of 1961. Volatility will remain moderate due to these consistent seasonal shifts, with no clear external drivers indicating a significant change in the current trajectory."
1962-07-31,"The SocialGood:OT series is anticipated to maintain its strong annual seasonal pattern over the next 18 months, characterized by declines in late summer/early autumn followed by increases towards year-end and peaks in early spring. This cyclical behavior will drive moderate volatility, with no immediate indications of significant trend shifts or external risks beyond the inherent monthly seasonality."
1962-08-31,"The SocialGood:OT series is expected to continue its established moderate seasonal fluctuations over the next 18 months, typically rising towards winter and early spring before declining into late summer. The overall trend will likely remain stable within the recent range, driven primarily by these inherent monthly patterns."
1962-09-30,"The series is expected to continue its pronounced annual seasonality, characterized by increases towards the end of the year and early in the new year, followed by declines through spring and summer. The overall trajectory suggests a stabilization or slight moderation of annual peaks compared to the 1961 high, while maintaining moderate volatility driven by these consistent seasonal patterns."
1962-10-31,"The series is projected to continue its recent decline, establishing a lower overall baseline compared to previous years, while still exhibiting pronounced annual seasonality with typical peaks in early spring and troughs in late autumn. Significant month-to-month volatility is expected to persist throughout this period."
1962-11-30,"The SocialGood:OT values are anticipated to follow their established annual seasonal pattern, rising into early spring and declining through late autumn. Over the next 18 months, the series is expected to fluctuate with moderate volatility within a range similar to 1960 and 1962, indicating a return to baseline after the pronounced surge observed in 1961."
1962-12-31,"The SocialGood:OT series is expected to continue its pronounced annual seasonality, featuring early-year peaks followed by a decline to mid-to-late year troughs, and then a recovery towards year-end. While significant volatility is anticipated, the overall trend suggests that future peaks may not surpass the highest historical values, and there's a risk of reaching new annual lows."
1963-01-31,"The SocialGood:OT series is expected to continue its pronounced annual seasonal pattern, with values generally declining from their current level through the spring and summer before rising again towards year-end. This consistent seasonality is the primary driver, though a subtle underlying downward trend in annual peaks suggests future highs may be slightly lower, maintaining moderate volatility."
1963-02-28,"The SocialGood:OT values are expected to continue exhibiting strong annual seasonality over the next 18 months, characterized by a decline from the current early-year high towards a late-year trough, followed by a rise to an early-year peak in 1964, and then another decline. Significant month-to-month volatility is anticipated due to these consistent seasonal patterns, with no apparent external drivers or major trend shifts indicated."
1963-03-31,"The SocialGood:OT values are expected to continue their pronounced annual seasonal fluctuations over the next 18 months, with declines into late summer/early autumn and subsequent increases towards early winter. However, the overarching trend of gradual decline observed in historical data suggests that future values, including seasonal peaks, will likely remain at or below recent levels."
1963-04-30,"The SocialGood:OT series will continue to exhibit strong annual seasonality over the next 18 months, with values typically declining into the late summer and fall before rising to a peak in the winter or early spring. This pattern will be accompanied by significant monthly volatility, and there is an observable underlying trend of slightly decreasing overall magnitudes in recent cycles."
1963-05-31,"The SocialGood:OT series is expected to continue its pronounced annual seasonal pattern over the next 18 months, with values typically peaking in the early year (January-February) and reaching troughs in late summer to early autumn (September-October). This inherent seasonality will drive significant intra-year volatility, with no external triggers currently indicated to alter this established rhythm."
1963-06-30,"The SocialGood:OT series will continue to exhibit strong annual seasonality over the next 18 months, with values declining into late summer and autumn before a significant rebound to annual highs in winter and early spring. The series will maintain its characteristic volatility, with a slight downward tendency in the overall range of values."
1963-07-31,"The SocialGood:OT values are expected to continue their pronounced annual seasonal fluctuations over the next 18 months, with significant rises to winter peaks and subsequent declines to late summer and autumn lows. Driven by intrinsic monthly seasonality, the series will maintain its moderate volatility, with overall values anticipated to remain within the established historical range, albeit potentially with slightly lower peaks than observed in the earliest periods."
1963-08-31,"The ""SocialGood:OT"" series is expected to continue its pronounced annual seasonal pattern over the next 18 months, characterized by significant winter peaks and late summer/early autumn troughs, maintaining high volatility. While strong seasonality remains the primary driver, there is a subtle underlying trend of stabilization at a slightly lower average level or a very gradual decline compared to the initial period."
1963-09-30,"The series is expected to continue its pronounced annual seasonal pattern, peaking in the early part of the year and declining towards autumn. While maintaining moderate volatility, the overall values are likely to exhibit a slight downward drift in magnitude, consistent with the observed multi-year trend."
1963-10-31,"The forecast for the next 18 months anticipates continued strong annual seasonality, with values fluctuating significantly within each year, typically peaking in early spring and troughing in late autumn. The overall trend is expected to remain relatively stable, potentially showing a very gradual upward drift after the previous period's decline, driven primarily by intrinsic monthly patterns."
1963-11-30,"The SocialGood:OT series is forecast to maintain its pronounced annual seasonality over the next 18 months, exhibiting significant volatility with regular cyclical peaks in winter/early spring and troughs in autumn. The primary driver remains intrinsic monthly patterns, with a slight underlying downward trend potentially stabilizing, yet low points are expected to recur."
1963-12-31,"The forecast for SocialGood:OT indicates a continuation of the established monthly seasonal patterns, with values likely peaking in the early part of the year and declining towards the autumn. While maintaining moderate volatility due to these seasonal shifts, the underlying trend suggests a gradual decline or stabilization at lower levels compared to previous years."
1964-01-31,"The SocialGood:OT values will exhibit a pronounced annual seasonal cycle over the next 18 months, characterized by significant intra-year volatility as values typically decline from early-year peaks to autumn lows, then rebound. This cyclical behavior, driven by strong intrinsic monthly seasonality, is expected to maintain a relatively stable overall level."
1964-02-29,"The series is expected to maintain its pronounced annual seasonality, characterized by significant fluctuations with peaks typically occurring in the first quarter and troughs in the third quarter. The overall trend will remain relatively stable, driven primarily by these consistent monthly seasonal patterns."
1964-03-31,"The SocialGood:OT series is expected to exhibit its consistent annual seasonality, with values typically decreasing through summer and autumn before increasing in winter and early spring. This pattern will likely occur within an overall context of gradually declining levels, driven by a persistent downward trend observed in recent years, maintaining moderate volatility."
1964-04-30,"The series is expected to continue its strong annual seasonal pattern, with values generally peaking in the first quarter of each year and declining through the late summer and early fall. Overall, the values are likely to remain within the established historical range, potentially exhibiting a slight downward drift in peak and trough levels over the next 18 months, driven primarily by intrinsic monthly seasonality."
1964-05-31,"The SocialGood:OT series is projected to maintain its strong annual seasonality over the next 18 months, with values fluctuating significantly between early-year peaks and autumn lows. While pronounced seasonal volatility persists, there is an observable slight downward drift in the annual peak values."
1964-06-30,"The ""SocialGood:OT"" is expected to continue exhibiting strong annual seasonality over the next 18 months, with values fluctuating significantly between yearly lows in late autumn/late spring and highs in winter/early spring. The overall trend remains stable, with no clear indication of sustained upward or downward movement beyond these predictable seasonal shifts."
1964-07-31,"The series is expected to continue its pronounced annual seasonal pattern, characterized by significant fluctuations. Values will likely decline into late summer/early autumn before rising towards peaks in early next year, a cycle that is anticipated to repeat over the forecast horizon, driven primarily by intrinsic monthly seasonality."
1964-08-31,"The SocialGood:OT series will continue its strong annual seasonal fluctuations, with values expected to decline into autumn, then rise to winter/early spring peaks, before receding through summer. This consistent seasonal pattern is the primary driver, with a subtle underlying downward trend likely continuing to exert a gradual dampening effect on overall values over the next 18 months."
1964-09-30,"The SocialGood:OT series is expected to maintain its strong annual seasonal pattern over the next 18 months, showing moderate volatility as values fluctuate between typical year-end lows and early-year highs. This consistent cyclical behavior is primarily driven by intrinsic monthly seasonality, with no apparent external triggers influencing the trend."
1964-10-31,"The ""SocialGood:OT"" series is expected to continue its pronounced annual seasonal pattern over the next 18 months, characterized by significant intra-year fluctuations, with peaks in early calendar years and troughs in late autumn. While maintaining high volatility, there is a subtle indication of a gradual downward drift in the overall level of these seasonal cycles, driven primarily by intrinsic monthly patterns."
1964-11-30,"The SocialGood:OT series is expected to continue its pronounced annual seasonal pattern, with values peaking in the early part of the year and declining to their lowest points in the autumn months. This cyclical behavior will likely occur against a backdrop of a gradual downward drift, leading to slightly lower overall levels and continued significant monthly volatility throughout the forecast horizon."
1964-12-31,"The forecast for SocialGood:OT indicates a continuation of strong annual seasonality, with values fluctuating significantly throughout each year, typically peaking in the early months and reaching lows in the autumn. An underlying gradual downward trend is expected to persist, leading to generally lower values compared to previous years, though still exhibiting considerable intra-year volatility."
1965-01-31,"The SocialGood:OT series is anticipated to maintain its pronounced annual seasonality, exhibiting higher values early in the year and lower values during autumn. This consistent seasonal volatility will likely occur within a continued gradual downward trend, resulting in generally diminishing overall levels over the next 18 months."
1965-02-28,"The ""SocialGood:OT"" values are expected to continue their gradual downward trend over the next 18 months, maintaining a pattern of lower volatility compared to previous years. Monthly seasonality will persist, with values generally rising in the early part of the year and declining towards late summer/early autumn, though these swings will be less pronounced."
1965-03-31,"The ""SocialGood:OT"" series is projected to maintain its strong annual seasonality over the next 18 months, characterized by significant intra-year fluctuations. Values are expected to rise during the winter and early spring, then decline towards late summer and autumn, driven by consistent monthly patterns. The overall level is anticipated to remain within the recent historical range, with no apparent external triggers indicating a significant shift."
1965-04-30,"The ""SocialGood:OT"" series is expected to continue its established annual seasonal pattern, with values generally rising towards early-year peaks and declining towards late-year troughs, maintaining moderate volatility. A slight continuation of the observed downward drift in the overall level of the series is possible."
1965-05-31,"The SocialGood:OT series is expected to maintain its strong annual seasonality, showing peaks in late winter/early spring and troughs in autumn. However, an observed multi-year downward trend is likely to continue, leading to generally lower values across the forecast horizon, while significant monthly volatility persists."
1965-06-30,"The series will continue to exhibit strong annual seasonal fluctuations, with values generally peaking in the early months of the year and declining towards the autumn. This pattern will likely occur within a slightly decreasing overall trend, maintaining moderate volatility throughout the forecast period."
1965-07-31,"The ""SocialGood:OT"" is expected to continue its established strong monthly seasonal patterns over the next 18 months, characterized by regular peaks and troughs. While maintaining this volatility, the overall trend suggests a gradual, mild decline in values driven primarily by these intrinsic seasonal dynamics."
1965-08-31,"The forecast anticipates a continuation of the strong annual seasonality, with values fluctuating predictably between higher winter/early spring levels and lower late summer/early autumn levels. This pattern will unfold within a persistent downward trend, leading to generally lower values and a risk of new historical lows over the next 18 months, primarily driven by intrinsic monthly cycles."
1965-09-30,"The SocialGood:OT series is forecast to continue its gradual downward trend over the next 18 months, maintaining its established monthly seasonality with peaks early in the year and troughs in late summer/early autumn. This persistent decline, driven by intrinsic seasonal patterns, indicates that future values will likely be lower than historical averages, potentially reaching new lows."
1965-10-31,"The SocialGood:OT series is expected to continue its gradual downward trend over the next 18 months, maintaining its established pattern of moderate seasonal volatility. Values will likely experience annual peaks in the early calendar year and troughs towards the end of the year, driven by consistent monthly seasonality."
1965-11-30,"The SocialGood:OT series is projected to maintain its multi-year declining trend, leading to generally lower values over the next 18 months. This overall decrease will be influenced by persistent annual seasonality, marked by relative peaks in early calendar months and subsequent troughs in late autumn, contributing to ongoing monthly volatility."
1965-12-31,"The SocialGood:OT series is projected to continue its consistent downward trend over the next 18 months, driven by persistent multi-year decline and recurring monthly seasonality. Expect values to generally decrease, with moderate fluctuations reflecting typical early-year peaks and year-end lows."
1966-01-31,"The SocialGood:OT values are expected to continue their multi-year declining trend over the next 18 months, reaching progressively lower levels. Within this overall decline, regular monthly seasonal patterns will likely persist, leading to continued fluctuations with values generally higher in the first half of each year and lower in the second half."
1966-02-28,"The ""SocialGood:OT"" values are projected to continue their strong downward trend over the next 18 months, with values steadily declining from current levels. While annual seasonal patterns are expected to persist, featuring higher values in the early part of the year and lower values towards the end, these fluctuations will occur within a dominant negative trajectory."
1966-03-31,"The SocialGood:OT metric is projected to continue its significant long-term decline over the next 18 months, driven by the persistent downward trend observed in historical data. While moderate monthly fluctuations are expected, likely exhibiting established seasonal patterns with potential slight upticks early in the calendar year, the overall trajectory points towards significantly lower values."
1966-04-30,"The SocialGood:OT series is expected to continue its established declining trend over the next 18 months, likely reaching new historical lows. This downward trajectory will be accompanied by persistent moderate monthly seasonality, typically showing dips in late summer/early autumn and slight rebounds in winter and early summer."
1966-05-31,"The SocialGood:OT time series is expected to maintain its pronounced multi-year downward trend over the next 18 months, leading to generally lower values. This overall decline will be accompanied by a continuation of the established annual seasonality, characterized by early-year increases and subsequent mid-to-late-year decreases, exhibiting moderate volatility."
1966-06-30,"The SocialGood:OT series is projected to continue its multi-year downward trend over the next 18 months, with values likely to fall below recent historical lows. While monthly seasonality and calendar year transitions will introduce some short-term fluctuations, the overall trajectory points towards a sustained decline."
1966-07-31,"The SocialGood:OT values are projected to maintain their consistent downward trend over the next 18 months, while continuing to exhibit pronounced monthly seasonality. This will result in recurring fluctuations, notably with increases around the start of the year and mid-year, within a progressively lower overall range."
1966-08-31,"The SocialGood:OT is expected to continue its long-term downward trend over the next 18 months, with values generally decreasing from current levels. Despite recurring monthly seasonal patterns, the overall trajectory will be dominated by this decline, leading to relatively low volatility around a continuously falling baseline."
1966-09-30,"The SocialGood:OT is anticipated to continue its overarching declining trend over the next 18 months, with values generally moving lower. This downward trajectory will be modulated by recurring monthly seasonality, which is expected to introduce periodic upward fluctuations, particularly at the beginning of each calendar year."
1966-10-31,"The SocialGood:OT metric is expected to continue its pronounced downward trajectory over the next 18 months, extending the multi-year decline observed. While recurring monthly seasonality, notably stronger values in early calendar years and dips in late summer/fall, will introduce regular fluctuations, the overall volatility is likely to remain contained within this declining trend."
1966-11-30,"The SocialGood:OT is expected to maintain its strong multi-year declining trend over the next 18 months, with values continuing to decrease year-over-year while exhibiting consistent monthly seasonal fluctuations. The primary risk is a sustained fall to new historical lows, driven by these established intrinsic patterns."
1966-12-31,"The ""SocialGood:OT"" is projected to continue its multi-year downward trend over the next 18 months, likely reaching new historical lows. This persistent decline will be accompanied by moderate monthly fluctuations, primarily influenced by established seasonal patterns, including a notable mid-year increase around June."
1967-01-31,"The SocialGood:OT series is projected to continue its multi-year downward trend over the next 18 months, likely leading to new historical lows. This overall decline will be moderated by consistent annual seasonality, featuring drops through late summer and autumn, followed by rebounds at the beginning of each calendar year."
1967-02-28,"The SocialGood:OT series is expected to continue its established annual seasonal pattern, with values generally rising in late winter/early spring and declining through late summer/fall. However, this seasonality will likely occur around a progressively lower overall level, maintaining the observed multi-year downward trend."
1967-03-31,"The SocialGood:OT values are projected to continue their gradual downward trend over the next 18 months, with ongoing moderate month-to-month volatility driven by intrinsic seasonal patterns. This persistent decline, coupled with regular seasonal fluctuations, will be the primary characteristic of the period."
1967-04-30,"The SocialGood:OT series is forecast to continue its gradual downward trend over the next 18 months, with values likely to remain in the lower historical range or potentially reach new lows. This overall decline will be punctuated by regular monthly seasonal fluctuations, which are the primary drivers of short-term volatility."
1967-05-31,"The ""SocialGood:OT"" series is expected to continue its observed downward trend over the next 18 months, with values likely remaining in the lower historical range. Moderate volatility will persist due to recurring annual seasonal patterns, including characteristic mid-year and early-year upward movements followed by declines."
1967-06-30,"The SocialGood:OT series is expected to continue its gradual downward trend over the next 18 months, maintaining its characteristic annual seasonality with peaks in early and mid-year and troughs in late autumn. Volatility is anticipated to remain moderate, with fluctuations generally occurring within a lower range compared to earlier historical periods, driven primarily by intrinsic monthly patterns."
1967-07-31,"The SocialGood:OT is anticipated to continue its high monthly volatility, driven by strong and consistent seasonal patterns, particularly notable increases in January and June followed by subsequent declines. Values are expected to fluctuate around a relatively stable, albeit lower, baseline established in the recent period, with no clear indication of a sustained upward or downward trend."
1967-08-31,"Over the next 18 months, SocialGood:OT values will continue to be dominated by strong annual seasonality, featuring peaks in the early calendar year and a pronounced rebound in June, followed by declines into late summer and autumn lows. This consistent pattern will drive significant volatility, while the underlying trend indicates a gradual downward drift in overall activity levels, primarily influenced by recurring calendar-based effects."
1967-09-30,"The series is expected to continue its moderate month-to-month volatility, driven by consistent seasonal patterns, including typical early-year and mid-year increases followed by late summer/early autumn dips. The overall level is likely to remain relatively stable within its recent range, showing no strong indication of a significant directional shift."
1967-10-31,"Over the next 18 months, the SocialGood:OT values are expected to continue fluctuating with moderate volatility, primarily influenced by strong monthly seasonal patterns. The overall trend suggests stabilization around current levels, with anticipated peaks in early calendar years and mid-year, and subsequent dips in late summer and fall."
1967-11-30,"The SocialGood:OT series is expected to continue its strong monthly seasonality over the next 18 months, with values fluctuating within the established range of the most recent year. This pattern, driven by intrinsic seasonal factors, will likely see recurring peaks in the early and mid-year periods followed by declines, without a clear long-term directional shift."
1967-12-31,"The SocialGood:OT series is expected to continue its strong monthly seasonality, featuring higher values early in the year, a distinct peak around June, and subsequent declines. While the overall trend has been a gradual descent over the past three years, the series appears to be stabilizing at these lower levels, with persistent monthly fluctuations driven by intrinsic seasonal patterns."
1968-01-31,"The series is expected to continue its established pattern of strong annual seasonality, characterized by regular fluctuations with peaks typically occurring in the early-to-mid year and troughs in late summer/fall. However, the underlying trend suggests a gradual decline in overall values will persist through the forecast horizon, with continued moderate volatility driven by these seasonal shifts."
1968-02-29,"The ""SocialGood:OT"" series is expected to continue exhibiting its strong intrinsic monthly seasonality over the next 18 months, characterized by recurring peaks around mid-year and troughs in late summer/early autumn. The overall level will likely remain relatively stable, with moderate month-to-month fluctuations primarily driven by these consistent seasonal patterns."
1968-03-31,"The ""SocialGood:OT"" series is expected to continue exhibiting its established monthly and annual seasonal patterns, leading to recurring fluctuations within its historical range. Volatility will remain consistent, driven primarily by intrinsic seasonal factors such as end-of-year and new-year effects, and late summer variations."
1968-04-30,"The SocialGood:OT series is expected to maintain its strong monthly seasonality over the next 18 months, with values fluctuating within the historical range. Directionality will be dominated by recurring late spring/early summer peaks and late summer/early autumn troughs, leading to continued moderate volatility driven by these intrinsic seasonal patterns."
1968-05-31,"The SocialGood:OT series is expected to continue its established monthly seasonal fluctuations, with values generally rising into early summer and early winter, and declining into late spring and late autumn. An underlying slight downward trend suggests the overall level of these seasonal movements will gradually decrease over the next 18 months, maintaining moderate volatility."
1968-06-30,"The SocialGood:OT series is expected to continue its pronounced annual seasonality, exhibiting high month-to-month volatility with peaks typically in mid-year and early in the calendar year, and troughs in late spring and late autumn. This seasonal pattern will likely occur within a subtle, gradually declining overall trend, leading to slightly lower annual values over the forecast horizon."
1968-07-31,"The SocialGood:OT series is expected to continue exhibiting strong annual seasonality, characterized by significant month-to-month volatility with recurring peaks around June and early in the calendar year, and troughs typically in late spring and autumn. While the overall range is likely to persist, there is a notable risk of seasonal lows continuing their recent downward trend, driven primarily by these intrinsic monthly patterns."
1968-08-31,"The SocialGood:OT series is projected to maintain its strong monthly seasonality, with recurring peaks observed in January/February and particularly pronounced in June, contrasted by lower values during the late summer, autumn, and early winter months. While these seasonal fluctuations will drive moderate volatility, a subtle downward drift in the overall level, evident in some peak and trough values, is anticipated."
1968-09-30,"The SocialGood:OT values are expected to maintain their strong annual seasonality, with recurring peaks in January and June and lower values in late spring and autumn. A subtle underlying downward trend observed in recent years will likely continue, resulting in a gradual softening of the overall range while preserving significant month-to-month volatility."
1968-10-31,"The SocialGood:OT series is expected to maintain its strong monthly seasonality, characterized by significant fluctuations with consistent peaks in early summer and troughs in late spring/fall. The overall level should remain stable, though the lower values within the seasonal cycle may experience a slight continued decline."
1968-11-30,"The ""SocialGood:OT"" values are expected to continue exhibiting strong annual seasonality, with notable peaks typically occurring in June and early in the calendar year, and troughs in late spring and autumn. While these seasonal fluctuations will drive moderate volatility, there is a subtle underlying tendency for values to either stabilize at the lower end of their historical range or experience a slight overall decline over the next 18 months, maintaining the established cyclical pattern."
1968-12-31,"The SocialGood:OT series is expected to continue its pronounced annual seasonal pattern over the next 18 months, exhibiting significant intra-year volatility with consistent peaks around June and subsequent declines towards year-end. This cyclical behavior, driven by intrinsic monthly variations, is anticipated to be the dominant characteristic, with no strong long-term directional trend."
1969-01-31,"The SocialGood:OT series is expected to maintain its strong annual seasonal pattern over the next 18 months, featuring significant peaks around early summer and troughs in late spring or late fall/early winter. This will result in continued high volatility driven primarily by recurring monthly and annual cycles, with a notable risk being any unexpected shift in underlying economic activity or consumer behavior that deviates from this established seasonality."
1969-02-28,"The SocialGood:OT series is projected to maintain its strong monthly seasonal fluctuations, with notable peaks typically occurring around June and lower values observed in late spring and late autumn/winter. This consistent cyclical pattern will drive significant volatility, while the underlying trend suggests a subtle, gradual downward pressure on the overall levels."
1969-03-31,"The SocialGood:OT series is projected to maintain its distinct monthly seasonality over the next 18 months, featuring recurring mid-year peaks and year-end declines. Expect continued moderate volatility around a relatively stable baseline, primarily influenced by these intrinsic seasonal patterns."
1969-04-30,"The SocialGood:OT series is expected to continue its pronounced annual seasonality, exhibiting significant monthly fluctuations with recurring peaks and troughs. An underlying gradual downward trend is anticipated to persist, leading to a continued high level of volatility."
1969-05-31,"Over the next 18 months, SocialGood:OT is expected to maintain its pronounced monthly seasonal patterns, leading to continued high volatility with regular peaks and troughs. An underlying, subtle downward trend observed in recent years may continue to exert a gradual influence on the overall levels."
1969-06-30,"The ""SocialGood:OT"" values are expected to continue exhibiting strong annual seasonality, with significant fluctuations throughout the year, including notable peaks around June and troughs around May. The overall trend suggests a mild, gradual decline in the general level of values over the next 18 months, driven primarily by intrinsic seasonal patterns."
1969-07-31,"The SocialGood:OT series is expected to maintain its pronounced annual cyclical pattern over the next 18 months, exhibiting significant monthly volatility driven by strong intrinsic seasonality. While regular peaks and troughs will persist, a slight downward trend in annual peak values observed in recent years suggests the series may operate at a slightly lower overall magnitude."
1969-08-31,"The SocialGood:OT values are expected to continue exhibiting strong monthly seasonality, with notable spikes around January/February and June, and lower values around May and December. However, a gradual downward trend in the overall level and the magnitude of these seasonal peaks is anticipated to persist over the next 18 months, maintaining significant monthly volatility."
1969-09-30,"The SocialGood:OT series is projected to maintain its pronounced annual seasonality and high month-to-month volatility, with values consistently rising sharply in January and June, and dipping around May and December. While the overall range of fluctuation persists, there is a subtle indication of a slight downward drift in the peak values over time."
1969-10-31,"SocialGood:OT is expected to continue its pronounced annual seasonality, featuring significant fluctuations with recurring peaks in June and January/February, and troughs typically in May and December. While a slight downward drift in peak values has been observed, this trend appears to be stabilizing, with intrinsic monthly patterns remaining the primary driver."
1969-11-30,"The SocialGood:OT series is forecast to continue its strong monthly seasonality over the next 18 months, featuring recurring mid-year peaks and late-spring troughs. An underlying gradual downward trend is expected to persist, leading to slightly lower overall values, with consistent seasonal fluctuations being the primary driver and no apparent external risks disrupting this pattern."
1969-12-31,"The SocialGood:OT values are expected to continue their strong annual seasonal pattern, with significant peaks around June and troughs around May. An underlying subtle downward trend suggests that future values, especially the annual peaks, may be slightly lower than previous cycles, while maintaining moderate intra-year volatility."
1970-01-31,"The SocialGood:OT series is expected to maintain its pronounced annual seasonality and moderate volatility over the next 18 months. Values will continue to fluctuate within the established historical range, driven by recurring peaks in early summer and early winter, and troughs in late spring and late autumn."
1970-02-28,"The series is expected to continue its pronounced annual seasonal pattern, with values fluctuating significantly between predictable peaks and troughs. While the mid-year peak shows a slight softening trend, the early-year peak appears to be strengthening, maintaining overall volatility within the historical range."
1970-03-31,"The SocialGood:OT series is expected to continue its pronounced monthly seasonality and high volatility over the next eighteen months. We anticipate recurring late spring dips followed by sharp summer increases, with the recent elevated values suggesting that seasonal peaks may trend slightly higher, and the primary risk being a significant deviation from these established cyclical patterns."
1970-04-30,"The SocialGood:OT metric is expected to maintain significantly elevated levels over the next 18 months, driven by the strong upward shift observed in early 1970. Moderate month-to-month volatility will persist, with recurring seasonal patterns including mid-year dips and year-end moderation."
1970-05-31,"The SocialGood:OT series is anticipated to maintain its strong monthly seasonality, characterized by annual dips in late spring followed by sharp rebounds in early summer and the start of the year. Given the recent substantial increase in early 1970, values are expected to remain at a generally elevated level throughout the forecast period, with volatility primarily driven by these recurring seasonal fluctuations."
1970-06-30,"The SocialGood:OT values are expected to continue their recent upward trend over the next 18 months, leading to generally higher levels compared to previous years. Significant monthly volatility will persist, driven by strong seasonal patterns including notable peaks around June and subsequent declines."
1970-07-31,"The SocialGood:OT series is forecast to continue its strong upward momentum from the past year, leading to a sustained higher overall level over the next 18 months. Expect significant seasonal volatility to persist, characterized by recurring dips in late spring and peaks in early summer, reflecting the established cyclical patterns."
1970-08-31,"The SocialGood:OT is expected to continue its robust upward trend over the next 18 months, characterized by persistent monthly seasonality with mid-year peaks and end-of-year declines. Volatility is likely to remain moderate, with the overall range of fluctuations potentially expanding alongside the increasing values."
1970-09-30,"The SocialGood:OT series is projected to maintain its upward trajectory, continuing the accelerating growth seen in recent months. Expect recurring monthly seasonality with late spring dips and summer peaks, alongside sustained high volatility."
1970-10-31,"The SocialGood:OT series is expected to continue its pronounced upward trend observed in the past year, maintaining a higher baseline. This will likely be accompanied by continued high volatility, driven by recurring significant mid-year surges around June following May troughs, and potential slight dips towards year-end and in August."
1970-11-30,"The SocialGood:OT values are expected to continue their upward trajectory, building on the significant growth observed in 1970. This overall increase will be accompanied by consistent monthly volatility, characterized by a seasonal pattern of dips around the end of the year and in late spring, followed by peaks in early summer."
1970-12-31,"The SocialGood:OT is expected to continue its strong upward trend over the next 18 months, extending the significant growth observed in the past year. This trajectory will likely include a consistent annual seasonal pattern, characterized by a notable dip in late spring followed by a mid-year peak, and moderate monthly volatility."
1971-01-31,"The SocialGood:OT series is expected to continue its strong and accelerating upward trend over the next 18 months, leading to significantly higher values. Monthly fluctuations will likely persist with moderate volatility, characterized by recurring seasonal peaks, particularly around June, and potential dips in the spring months."
1971-02-28,"The SocialGood:OT values are projected to continue their strong upward trajectory over the next 18 months, building on the accelerated growth observed in the recent past. Expect moderate monthly volatility within this rising trend, with recurring seasonal patterns likely to include dips around late spring and increases towards the end of the calendar year."
1971-03-31,"The SocialGood:OT values are projected to maintain their robust upward trajectory over the next 18 months. This strong growth will continue to be accompanied by a consistent monthly seasonal pattern, with the absolute range of these fluctuations expected to intensify as the overall values rise."
1971-04-30,"The SocialGood:OT series is projected to continue its robust upward trajectory over the next 18 months, driven by its intrinsic trend and pronounced monthly seasonality. This pattern will lead to significant recurring fluctuations, with expected peaks around early winter and mid-year, and troughs in late spring and late summer, all occurring at progressively higher levels."
1971-05-31,"The SocialGood:OT series is expected to continue its accelerating upward trend, exhibiting significant monthly volatility. This is driven by a consistent seasonal pattern of sharp mid-year increases followed by declines into late spring, leading to progressively higher values over the forecast horizon."
1971-06-30,"The SocialGood:OT is projected to continue its robust upward trend over the next 18 months, driven by the consistent growth observed in the historical data. This upward movement will likely be characterized by significant monthly volatility, including recurring seasonal peaks in mid-year and early winter, and dips in late spring and late autumn."
1971-07-31,"The ""SocialGood:OT"" series is expected to maintain its strong upward trend over the next 18 months, building on the consistent growth observed in the historical data. This continued ascent will likely be characterized by notable monthly volatility, with values fluctuating significantly around the rising trend."
1971-08-31,"The ""SocialGood:OT"" series is expected to continue its strong upward trajectory over the next 18 months, building on the accelerating growth observed in recent years. This rising trend will likely be accompanied by recurring monthly fluctuations, characterized by mid-year peaks and subsequent dips, consistent with historical seasonality."
1971-09-30,"The SocialGood:OT series is projected to maintain its robust upward trend over the next 18 months, accompanied by sustained monthly seasonality featuring a characteristic dip around May, a peak in June, and a subsequent decline into August. Expect continued high volatility, with increasing absolute fluctuations as the overall value rises."
1971-10-31,"The SocialGood:OT values are projected to continue their strong upward trend over the next 18 months, maintaining the observed annual seasonal pattern of lower values in spring and peaks in early summer, followed by a dip in August. Expect continued moderate monthly volatility within this rising trajectory, driven primarily by these intrinsic patterns."
1971-11-30,"The SocialGood:OT values are projected to continue their strong upward trend over the next 18 months, driven by the consistent annual growth observed historically. Moderate monthly seasonality will likely introduce fluctuations around this increasing trajectory, but the overall direction remains positive."
1971-12-31,"The SocialGood:OT values are projected to maintain their robust upward trajectory over the next 18 months. This sustained growth will be accompanied by significant recurring monthly volatility, primarily driven by established seasonal patterns featuring a distinct mid-year peak and a subsequent decline towards the year's end."
1972-01-31,"The SocialGood:OT series is expected to continue its robust upward trend over the next 18 months. This growth will be marked by persistent annual seasonality, including a significant mid-year peak around June followed by subsequent declines and recoveries, maintaining the observed intra-year volatility."
1972-02-29,"The SocialGood:OT series is projected to maintain its strong upward trajectory over the next 18 months, driven by a clear underlying growth trend. Expect continued significant month-to-month volatility, with established annual seasonal patterns, including early-year peaks and mid-year fluctuations, remaining key drivers of short-term movement."
1972-03-31,"The SocialGood:OT series is projected to continue its overall upward trend over the next 18 months, albeit potentially at a slightly moderated pace compared to previous years, maintaining elevated values. This trajectory will be shaped by persistent moderate seasonal volatility, with expected dips in spring and late summer/early autumn, followed by increases driven by the intrinsic growth and recurring monthly patterns."
1972-04-30,"The SocialGood:OT values are projected to continue their multi-year upward trend over the next 18 months, marked by significant monthly volatility driven by strong annual seasonality. This pattern suggests recurring early and mid-year surges, followed by notable declines towards the year-end, with overall values expected to reach new highs."
1972-05-31,"The SocialGood:OT series will continue its strong annual seasonality, with immediate increases expected from the current May low, followed by typical peaks in early winter and subsequent declines. Despite persistent monthly volatility, the overall upward trend is moderating, suggesting a period of more stable or slightly lower average values over the next 18 months."
1972-06-30,"The series is expected to continue exhibiting its pronounced annual seasonality, characterized by significant monthly fluctuations, particularly a dip in late spring followed by a strong rebound in early summer. While the long-term trend has been upward, values are likely to stabilize at a high level, maintaining moderate volatility rather than continuing a sharp ascent."
1972-07-31,"The series is expected to continue exhibiting its strong annual seasonal pattern, with values fluctuating between higher levels in the summer and early winter and lower levels in late autumn and late spring. While the overall upward trend has moderated, the series will likely maintain its elevated level with continued significant month-to-month volatility driven by intrinsic seasonal factors."
1972-08-31,"The SocialGood:OT values are expected to continue exhibiting strong annual seasonality, with recurring peaks and troughs throughout the forecast horizon. While the pronounced upward trend observed in earlier periods has moderated, the series will likely maintain its current elevated range, potentially experiencing a slight downward drift in its overall baseline driven by the recent stabilization."
1972-09-30,"The SocialGood:OT series is expected to continue its pronounced monthly seasonality, featuring consistent upward movements in early and mid-year followed by declines, while oscillating around the elevated levels observed in the most recent year. Volatility will remain high due to these strong seasonal shifts, with no apparent drivers indicating a significant change in the overall trend."
1972-10-31,"The SocialGood:OT series is expected to continue exhibiting strong monthly seasonality, characterized by recurring peaks in early winter and summer, and lower values in late autumn and mid-spring. This pronounced seasonality will maintain moderate volatility, while the underlying trend appears to have stabilized following a period of growth."
1972-11-30,"The SocialGood:OT values are expected to continue their pronounced monthly seasonal fluctuations, with peaks typically observed in the early and mid-year periods. Following the recent downturn in late 1972, the overall trend for the next 18 months points towards a stabilization or a modest decline in the annual baseline, maintaining high volatility driven by these intrinsic seasonal patterns."
1972-12-31,"The SocialGood:OT series is expected to continue its recent downward trajectory over the next 18 months, though this will be masked by pronounced annual seasonality causing significant intra-year volatility with regular peaks and troughs. The dominant drivers are this strong seasonal pattern combined with a persistent underlying decline."
1973-01-31,"The series is expected to continue its pronounced annual seasonality with moderate volatility, featuring regular peaks and troughs. However, a recent downward shift in the January value suggests a potential overall decline in the baseline, indicating that subsequent seasonal peaks may be lower than those observed in previous years."
1973-02-28,"The SocialGood:OT series is anticipated to continue its gradual downward trend over the next 18 months, leading to generally lower values compared to prior years. This trajectory will be accompanied by persistent moderate volatility, primarily driven by strong intrinsic monthly seasonality."
1973-03-31,"The SocialGood:OT is expected to continue its pronounced monthly seasonality over the next 18 months, with values fluctuating within the established historical range. A subtle downward trend in the seasonal peaks and troughs is anticipated to persist, driven primarily by intrinsic monthly patterns."
1973-04-30,"The forecast anticipates a continued downward trend in the SocialGood:OT values over the next 18 months, albeit with significant monthly volatility driven by established seasonal patterns. While seasonal peaks are expected around early year and mid-year, their magnitudes will likely be suppressed compared to prior years, and troughs could reach new lows. The primary risk is a further acceleration of this decline, potentially establishing a new, lower baseline for the series."
1973-05-31,"The SocialGood:OT series is projected to continue its pronounced declining trend over the next 18 months, likely pushing values to new historical lows. While strong annual seasonality will persist, causing recurring early winter peaks and late spring/autumn troughs, the dominant driver remains the underlying negative momentum, posing a risk of further accelerated decline."
1973-06-30,"The SocialGood:OT series is projected to continue its clear downward trend over the next 18 months, with values likely reaching new historical lows. This decline will be accompanied by persistent strong monthly seasonality, driving regular fluctuations, and the primary risk remains the potential acceleration of this downward trajectory."
1973-07-31,"The SocialGood:OT series is projected to continue its distinct annual seasonal pattern, characterized by early and mid-year peaks and late spring/autumn troughs. However, an underlying negative trend is expected to persist, leading to a gradual decline in overall values and lower seasonal extremes over the next 18 months, with moderate volatility."
1973-08-31,"The SocialGood:OT series is projected to continue its overall declining trend over the next 18 months, likely pushing values to new historical lows. This persistent downward trajectory will be accompanied by strong annual seasonality, leading to significant month-to-month volatility with temporary upward movements in early and mid-year that will generally be weaker than in prior cycles."
1973-09-30,"The SocialGood:OT series is expected to continue its gradual downward trend over the next 18 months, maintaining its distinct annual seasonal fluctuations. This will likely lead to lower overall values and moderate volatility driven by these recurring seasonal patterns."
1973-10-31,"The SocialGood:OT series is expected to continue its significant downward trend over the next 18 months, likely reaching new lows, while still exhibiting its established monthly seasonal fluctuations. This persistent decline, driven by historical momentum and a lack of positive intrinsic or extrinsic drivers, suggests continued volatility within a lower value range."
1973-11-30,"The SocialGood:OT series is projected to continue its significant downward trend over the next 18 months, with values progressively decreasing. This persistent decline will be overlaid with the established annual seasonal pattern, which includes regular monthly fluctuations, but there are no apparent drivers to reverse the overall negative trajectory."
1973-12-31,"The ""SocialGood:OT"" series is forecast to continue its multi-year downward trend over the next 18 months, with values likely reaching new lows, while maintaining its established monthly seasonal fluctuations and moderate volatility. This observed decline appears to be an intrinsic characteristic of the series, as no external drivers are evident from the provided context."
1974-01-31,"The series is expected to continue its strong annual seasonality, characterized by consistent monthly fluctuations. An underlying gradual downward trend is likely to persist, leading to slightly lower annual peaks and troughs over the forecast horizon, with volatility remaining stable."
1974-02-28,"The SocialGood:OT series is expected to continue its pronounced annual seasonal fluctuations, with values likely to rise in the immediate future before declining towards year-end, mirroring past patterns. While strong seasonality will drive significant month-to-month volatility, the underlying trend suggests that overall values may continue to gradually decline over the forecast horizon."
1974-03-31,"The SocialGood:OT series is expected to continue its recent upward momentum from the 1973 lows, remaining within its historical range and strongly influenced by monthly seasonality. Moderate volatility will persist, with a notable risk that the current rebound fails to sustain, potentially leading to a return to the prior downward trend."
1974-04-30,"The SocialGood:OT is expected to continue its multi-year declining trend over the next 18 months, characterized by significant monthly volatility. While recurring annual seasonal patterns will likely drive periodic upward movements, particularly in the early and mid-year, the overall trajectory points towards lower values and potential new historical lows."
1974-05-31,"The SocialGood:OT values are expected to continue their multi-year declining trend over the next 18 months, exhibiting moderate monthly volatility and an observed annual seasonal pattern of slight early-year rebounds followed by subsequent declines. The persistent intrinsic downward trajectory is the primary driver, with no external factors identified to alter this course."
1974-06-30,"The SocialGood:OT series is expected to exhibit a stabilizing or slightly increasing trend over the next 18 months, following a significant rebound in early 1974. Pronounced monthly seasonality will continue to drive considerable volatility, with values typically peaking in the first half of the year and declining towards year-end."
1974-07-31,"The SocialGood:OT is expected to continue its pronounced monthly seasonal fluctuations over the next 18 months, with significant volatility within each year. The overall trend suggests a stabilization or modest upward drift from the lows observed in late 1973, primarily driven by these intrinsic seasonal patterns."
1974-08-31,"The series is projected to maintain its current upward recovery trajectory over the next 18 months, driven by intrinsic seasonal patterns. Moderate monthly volatility will persist, with values generally increasing but experiencing regular seasonal fluctuations, including anticipated dips in late autumn and rises in early and mid-year periods."
1974-09-30,"The SocialGood:OT series is expected to continue its recent upward trajectory, recovering from earlier lows, but will experience moderate monthly fluctuations driven by recurring seasonality. This includes anticipated year-end dips followed by increases in the early part of each year, with no apparent external risks or drivers beyond these intrinsic patterns."
1974-10-31,"The SocialGood:OT series is expected to stabilize around the levels observed in late 1974, following its recent rebound, with moderate volatility driven primarily by consistent monthly seasonality. This seasonality typically manifests as lower values in spring and autumn, and higher values during winter and early summer periods."
1974-11-30,"The SocialGood:OT is expected to maintain its recent upward trajectory over the next 18 months, with values generally increasing despite moderate monthly volatility driven by established seasonal patterns. While seasonal dips are anticipated in late spring and year-end, the overall outlook remains positive."
1974-12-31,"The SocialGood:OT series is anticipated to continue its recent upward trajectory, leading to generally higher values over the next 18 months. Moderate to high volatility will persist due to recurring seasonal patterns, including notable mid-year peaks, all occurring at an elevated baseline driven by the strong momentum observed at the end of the historical period."
1975-01-31,"The SocialGood:OT series is projected to continue its recent strong upward trend, maintaining elevated values over the next 18 months, with increased volatility. The significant surge observed at the end of the historical period suggests a new, higher baseline for future values."
1975-02-28,"The ""SocialGood:OT"" series is expected to continue its strong upward trend, maintaining significantly elevated levels over the next 18 months, driven by the recent sharp acceleration in values. While monthly seasonal patterns may introduce minor fluctuations, the primary direction is upward, with potentially increased volatility as the series establishes this new higher range."
1975-03-31,"The SocialGood:OT series is projected to continue its strong upward trend from its current elevated levels, with potential for increased volatility over the next 18 months. This outlook is primarily driven by the significant and sustained momentum observed in the most recent historical data."
1975-04-30,"The SocialGood:OT values are projected to remain at significantly elevated levels over the next 18 months, continuing the strong upward trend established in late 1974 and early 1975. While monthly seasonality will introduce some fluctuations, the primary risk is sustained high volatility around this new, higher plateau."
1975-05-31,"The SocialGood:OT values are expected to continue their strong upward trend over the next 18 months, maintaining elevated levels primarily due to sustained momentum from the past year, with recurring monthly seasonality introducing fluctuations; the main risk remains a significant reversal of this growth trajectory."
1975-06-30,"The ""SocialGood:OT"" values are forecast to remain at a significantly elevated level, continuing the strong upward trend established in late 1974 and early 1975. Expect continued monthly volatility driven by recurring seasonal patterns, including notable increases around the start of each year, with no apparent external triggers indicating a reversal of this high trajectory."
1975-07-31,"The SocialGood:OT series has experienced a significant upward shift, establishing a new, much higher baseline. This elevated level is expected to persist over the next 18 months, with continued monthly fluctuations driven by inherent seasonal patterns."
1975-08-31,"The SocialGood:OT series is expected to maintain its recently established higher plateau over the next 18 months, following a significant upward shift in late 1974 and early 1975. Monthly values will likely continue to exhibit moderate volatility, consistent with observed seasonal patterns, but remain elevated compared to prior years."
1975-09-30,"Following a significant surge in late 1974 and early 1975, which has since seen a gradual decline from its peak, the SocialGood:OT value is expected to continue this trend of stabilization or slow downward correction over the next 18 months. Moderate volatility will persist as the system adjusts to the previous rapid growth, with underlying seasonal patterns playing a lesser role."
1975-10-31,"The SocialGood:OT values are forecast to remain at significantly elevated levels, despite recent minor declines, continuing the established multi-year upward trajectory. Strong monthly seasonality will drive notable surges around year-end and early-year, counteracted by periodic dips, with overall higher volatility persisting."
1975-11-30,"The SocialGood:OT values are expected to continue their strong upward trajectory over the next 18 months, maintaining elevated levels. Monthly fluctuations driven by intrinsic seasonality will persist, with potentially increasing absolute volatility as the overall trend rises."
1975-12-31,"The SocialGood:OT values are expected to continue exhibiting moderate monthly fluctuations, primarily driven by established seasonal patterns, including an initial early-year increase followed by a mid-year dip. The overarching trend suggests a gradual stabilization or slight downward drift from the elevated levels of early 1975, maintaining values above pre-1975 averages."
1976-01-31,"The series is expected to maintain elevated levels, continuing the recent trend of higher values, though the sharp upward trajectory seen in prior years may moderate. Monthly fluctuations driven by intrinsic seasonality are likely to persist, with typical peaks and dips observed throughout the year."
1976-02-29,"The SocialGood:OT series is expected to maintain its current elevated level over the next 18 months, exhibiting moderate volatility. While no clear directional trend is apparent, the recent stabilization after a period of significant change points towards continued relative steadiness."
1976-03-31,"The ""SocialGood:OT"" values are expected to experience a continued gradual decline from their recent peak, potentially stabilizing at a moderately lower level over the next 18 months. Moderate month-to-month volatility will persist, influenced by intrinsic monthly dynamics, but no significant external risks or triggers are apparent."
1976-04-30,"The ""SocialGood:OT"" values are expected to continue their recent downward trend or stabilize at a moderately lower level, following the elevated period observed in 1975. Volatility is anticipated to remain moderate, with intrinsic monthly dynamics driving short-term fluctuations."
1976-05-31,"The SocialGood:OT series is expected to continue its recent downward trajectory over the next 18 months, potentially stabilizing at lower levels, though significant monthly volatility driven by recurring seasonal patterns, particularly around the start of the year and mid-year, is anticipated. The primary driver appears to be intrinsic monthly seasonality, which could lead to temporary upward corrections within the broader declining trend."
1976-06-30,"The series is expected to continue its pronounced monthly volatility, driven by strong seasonal patterns, with an anticipated decline in the latter half of 1976 followed by a seasonal year-end increase. Over the next 18 months, these significant fluctuations are likely to persist, potentially around a more stable or gradually declining level compared to the 1975 peak."
1976-07-31,"The SocialGood:OT values are expected to continue their general downward trajectory from the early 1975 peak, maintaining moderate month-to-month volatility driven by intrinsic seasonal patterns. The primary risk is a further erosion of values, potentially stabilizing at lower levels over the next 18 months."
1976-08-31,"The SocialGood:OT series is forecast to maintain its general downward trend over the next 18 months, extending the decline from its early 1975 peak. Expect continued moderate volatility driven by recurring monthly seasonal patterns, with the primary risk being a sustained or accelerated fall in values."
1976-09-30,"The SocialGood:OT series is expected to continue its recent declining trend over the next 18 months, though this will be interrupted by significant upward seasonal spikes, notably in January of 1977 and 1978. Overall volatility will persist, primarily driven by these strong, recurring monthly patterns."
1976-10-31,"The SocialGood:OT series is expected to continue its recent downward trend over the next 18 months, following a general decline from its 1975 peak. High volatility will persist, with significant monthly fluctuations driven by recurring seasonal patterns, and there is a risk of sharp, temporary upward movements."
1976-11-30,"The SocialGood:OT series is expected to continue exhibiting its established monthly seasonality, characterized by a significant increase in January followed by a spring decline and a June rebound. After a period of elevated values and a subsequent moderate decline in 1976, the series will likely stabilize around its current levels, maintaining moderate monthly volatility."
1976-12-31,"The forecast predicts an initial sharp increase in early 1977 due to strong annual seasonality, followed by a general declining or stabilizing trend for the subsequent months, reflecting patterns from previous years. This recurring annual surge will drive significant volatility at the beginning of each year, with moderate fluctuations thereafter."
1977-01-31,"The SocialGood:OT series is projected to maintain moderate volatility, primarily driven by strong monthly seasonality, notably an annual increase in January. Following the recent January peak, values will likely fluctuate with a slight overall downward trajectory over the next 18 months."
1977-02-28,"The SocialGood:OT values are anticipated to maintain their recent upward trajectory in the short term, yet the next 18 months will likely be characterized by significant volatility. A potential risk is a moderate decline following this initial rise, mirroring historical patterns of fluctuation rather than sustained growth."
1977-03-31,"The ""SocialGood:OT"" is expected to continue its general downward trajectory over the next 18 months, characterized by diminishing annual peaks and moderate monthly fluctuations driven by intrinsic seasonal patterns. The overall trend suggests a cooling off after the initial surge observed in early 1975."
1977-04-30,"The series is expected to experience a seasonal rebound from its current lower levels in the near term, driven by recurring monthly patterns. Over the next 18 months, values will likely exhibit moderate volatility, generally fluctuating within a range below the historical peak, with intrinsic seasonality being the primary driver."
1977-05-31,"The SocialGood:OT series is expected to continue its current declining trend through late 1977, followed by a significant upward surge in early 1978, and then another gradual decline. This pattern reflects strong annual seasonality, with overall volatility remaining high and annual peaks and troughs showing a subtle downward drift."
1977-06-30,"SocialGood:OT values are expected to maintain their strong monthly seasonal pattern over the next 18 months, typically rising in winter/early spring and declining through late spring/early summer. Despite this consistent seasonality and moderate volatility, the overall trend suggests a continued gradual downward drift in average levels, with values fluctuating within a range similar to the recent past."
1977-07-31,"The SocialGood:OT values are projected to maintain their significant monthly volatility, driven by established seasonal patterns that typically show increases in winter/early spring and declines in late spring/early summer. The overall trend suggests a continued stabilization or gradual downward drift from the higher levels observed in 1975."
1977-08-31,"The series is expected to continue its gradual downward trend over the next 18 months, while maintaining its distinct annual seasonal fluctuations. Volatility will remain moderate, with values likely to dip lower than previous years' troughs, driven primarily by intrinsic monthly patterns."
1977-09-30,"The SocialGood:OT series is expected to maintain its overall downward trajectory over the next 18 months, characterized by moderate volatility due to strong intrinsic monthly seasonality. This pattern will feature recurring early-year peaks followed by declines, pushing the series to progressively lower levels."
1977-10-31,"The forecast anticipates a continuation of the established downward trend, with values generally declining over the next 18 months from the current low point. This decline will be punctuated by recurring seasonal volatility, typically showing temporary increases in the early and mid-year periods before resuming the overall descent, driven primarily by intrinsic monthly seasonality."
1977-11-30,"The ""SocialGood:OT"" value is expected to continue its gradual downward trend over the next 18 months, maintaining significant monthly volatility driven by recurring seasonal patterns. We anticipate continued fluctuations with potential temporary increases in early-year periods, but the overall trajectory points towards lower values."
1977-12-31,"The SocialGood:OT is expected to continue its multi-year downward trend over the forecast horizon. This general decline will be influenced by persistent annual seasonal patterns, including an early-year peak, a mid-year dip, and a year-end low, maintaining moderate intra-year volatility."
1978-01-31,"The ""SocialGood:OT"" series is projected to continue its gradual downward trend over the next 18 months, while exhibiting consistent annual seasonality with early-year peaks and mid-year dips. Moderate monthly volatility is expected to persist within this declining trajectory, driven primarily by these intrinsic seasonal patterns."
1978-02-28,"The ""SocialGood:OT"" is expected to continue its overall declining trend over the next 18 months. This downward trajectory will likely be punctuated by recurring annual patterns, specifically a notable rebound in January followed by a gradual decrease throughout the year, with a dip towards year-end. The magnitude of these annual fluctuations, particularly the January peak, will likely diminish in line with the overarching downward movement."
1978-03-31,"The SocialGood:OT series is projected to continue its multi-year downward trend over the next 18 months, likely pushing values to new historical lows. This overall decline will be accompanied by persistent monthly seasonality, characterized by early-year rebounds followed by a gradual decrease through the summer and autumn, with end-of-year periods typically marking the lowest points."
1978-04-30,"The SocialGood:OT values are projected to continue their established downward trend over the next 18 months, likely reaching new historical lows. This decline will be punctuated by recurring seasonal volatility, typically featuring dips in late spring and year-end, followed by modest recoveries."
1978-05-31,"The ""SocialGood:OT"" values are expected to continue their gradual downward trend over the next 18 months, likely reaching new historical lows. This decline will be punctuated by recurring seasonal patterns, including a mid-year dip around summer and a modest rebound at the beginning of each new year, driven by intrinsic monthly and seasonal dynamics."
1978-06-30,"The SocialGood:OT series is projected to continue its consistent downward trend over the next 18 months, leading to generally lower values. This decline will be punctuated by persistent annual seasonality, featuring notable increases around January/February, followed by declines into May, and a subsequent rebound in June, maintaining significant intra-year volatility."
1978-07-31,"The SocialGood:OT series is expected to continue its overall downward trend over the next 18 months. This decline will be punctuated by persistent seasonal fluctuations, typically seeing higher values in winter/early spring and lower values in late spring/summer."
1978-08-31,"The ""SocialGood:OT"" time series is projected to continue its gradual downward trend over the next 18 months, while exhibiting consistent seasonal fluctuations with higher values in winter/early spring and lower values in late spring/summer. These intrinsic monthly and seasonal dynamics will remain the primary drivers of volatility, with no external triggers currently indicating a significant shift from the established pattern."
1978-09-30,"The SocialGood:OT series is projected to maintain its multi-year declining trend over the next 18 months, with values continuing to decrease. This downward trajectory will likely be punctuated by recurring annual seasonal fluctuations, though the magnitude of these swings is expected to gradually lessen."
1978-10-31,"The SocialGood:OT series is expected to continue its multi-year downward trend, with values likely to fall below current levels. While annual seasonality will likely introduce temporary upward movements at the beginning of each year, these peaks are anticipated to be successively lower, leading to continued overall decline and moderate volatility."
1978-11-30,"SocialGood:OT values are anticipated to continue their established multi-year declining trend over the next 18 months, characterized by persistent monthly seasonality. Volatility will remain moderate due to these seasonal fluctuations, with the primary risk being a deviation from the observed downward trajectory."
1978-12-31,"The SocialGood:OT values are projected to continue their significant multi-year decline over the next 18 months, primarily driven by underlying intrinsic factors, posing a risk of reaching new lows. This persistent downward trend will likely be accompanied by recurring monthly seasonality, featuring characteristic dips in late spring and late autumn, and rebounds in early summer."
1979-01-31,"The ""SocialGood:OT"" is projected to continue its multi-year downward trend over the next 18 months, with values generally declining. This decline will be accompanied by moderate monthly volatility driven by recurring seasonal patterns, such as spring dips and summer rebounds, but no significant shifts or external triggers are apparent."
1979-02-28,"The SocialGood:OT series is expected to experience continued month-to-month volatility, driven by established seasonal patterns. While the historical trend has been a decline, recent data suggests a stabilization or minor rebound from previous lows, with values likely to fluctuate around current levels over the next 18 months."
1979-03-31,"The ""SocialGood:OT"" series is expected to continue its established downward trend over the next 18 months, likely reaching lower values. Within this declining trajectory, moderate monthly and seasonal volatility will persist, characterized by recurring dips in spring and late autumn, and temporary rebounds in early summer and early winter."
1979-04-30,"The SocialGood:OT values are expected to continue their multi-year declining trend, characterized by significant monthly fluctuations driven by consistent seasonal patterns. We anticipate a general decrease over the next 18 months, with regular seasonal peaks around winter and troughs in spring/autumn, maintaining notable volatility."
1979-05-31,"The SocialGood:OT series is expected to continue its established downward trend over the next 18 months, likely reaching new lows. Within this decline, moderate seasonal fluctuations are anticipated, with values typically rising in late winter/early spring and falling through summer/autumn, driven by recurring annual patterns."
1979-06-30,"The SocialGood:OT values are expected to continue their multi-year declining trend over the next 18 months, characterized by moderate monthly volatility and recurring seasonal patterns. These patterns typically involve early-year rebounds followed by declines into late spring and late autumn, with the primary driver being the intrinsic long-term downward pressure."
1979-07-31,"The SocialGood:OT values are expected to continue their gradual downward trend over the next 18 months, while maintaining a consistent seasonal pattern of increases during winter months and declines into late spring. Volatility is anticipated to remain relatively low, reflecting the recent stabilization of fluctuations."
1979-08-31,"The SocialGood:OT series is expected to largely stabilize around its recent levels over the next 18 months, continuing the trend of reduced overall volatility. We anticipate the persistence of established seasonal patterns, such as early-year increases and mid-year declines, as the primary drivers of moderate fluctuations."
1979-09-30,"The SocialGood:OT series is expected to continue its gradual downward trend over the next 18 months, with reduced volatility. Intrinsic monthly and annual seasonal patterns will likely drive modest upticks at the start of each calendar year, followed by subsequent declines."
1979-10-31,"The SocialGood:OT series is forecast to continue its moderate volatility over the next 18 months, primarily influenced by strong intrinsic seasonal patterns. While maintaining a general slight downward bias, the series will experience characteristic increases in early winter and new year periods, followed by declines in spring and late summer, with a notable rebound in June."
1979-11-30,"The SocialGood:OT series is projected to continue its gradual decline over the next 18 months, though at a more moderated pace than previously observed. Expect persistent monthly and annual seasonal fluctuations, particularly around year-end and mid-year, contributing to moderate volatility within the overall downward trajectory."
1979-12-31,"The SocialGood:OT series will continue its gradual downward trend over the next 18 months. This overall decline will be shaped by consistent monthly seasonal patterns, notably increases around early summer and the start of the new year, contributing to moderate volatility."
1980-01-31,"The SocialGood:OT metric is anticipated to experience a general decline over the next 18 months, primarily driven by the worsening economic conditions, including rising unemployment and struggling local economies. Despite expected moderate seasonal volatility, the prevailing direction will be downward, presenting significant downside risk."
1980-02-29,"SocialGood:OT is anticipated to remain elevated and likely continue an upward trend over the next 18 months, primarily driven by the ongoing rise in US unemployment and persistent inflation pressures. The period will likely see moderate volatility as economic conditions remain challenging."
1980-03-31,"SocialGood:OT is forecast to remain elevated and likely trend upwards over the next 18 months, driven by persistent high unemployment, alarming inflation, and broader economic struggles in the US. Expect continued volatility as these significant economic headwinds unfold."
1980-04-30,"SocialGood:OT has recently seen a notable upward shift, strongly correlated with the worsening economic climate characterized by rising unemployment and inflation. This elevated level is likely to persist, with potential for further increases if economic challenges continue, alongside expected monthly fluctuations."
1980-05-31,"The SocialGood:OT value is poised for continued elevation over the next 18 months, likely reaching new highs, as the underlying economic pressures of high unemployment and inflation persist. Expect ongoing monthly volatility around this upward trajectory."
1980-06-30,"The SocialGood:OT value is expected to maintain its upward trajectory over the next 18 months, primarily driven by the ongoing deterioration of economic conditions characterized by high unemployment and inflation. This period will likely be marked by continued volatility as the economy navigates significant challenges."
1980-07-31,"The SocialGood:OT values are expected to remain elevated, potentially continuing to rise, as the underlying economic conditions of high unemployment, inflation, and interest rates persist. Significant volatility is anticipated as the economy navigates this period of instability."
1980-08-31,"The ""SocialGood:OT"" metric is expected to remain at elevated levels, continuing the upward trend driven by persistent high unemployment and inflation observed in early 1980. While monthly fluctuations are likely, the overall direction suggests sustained high values reflecting ongoing economic instability over the next 18 months."
1980-09-30,"The SocialGood:OT series is expected to remain at elevated levels over the next 18 months, driven by persistent high unemployment and broader economic struggles. The values will likely continue to exhibit increased volatility, as the underlying economic pressures are unlikely to abate quickly."
1980-10-31,"The SocialGood:OT metric will likely remain elevated over the next 18 months, sustained by persistent high unemployment and inflation. Expect continued moderate volatility, with no clear indication of a significant downward trend given the ongoing economic instability."
1980-11-30,"The values for ""SocialGood:OT"" are expected to remain elevated over the next 18 months, reflecting the persistent high unemployment and inflation that characterized the latter half of 1980. While some month-to-month fluctuations are probable, the overall trend will likely stay at higher levels than observed in prior years, driven by ongoing economic instability."
1980-12-31,"The SocialGood:OT values are expected to remain elevated over the next 18 months, driven by persistent high unemployment, inflation, and interest rates from the ongoing economic downturn. Moderate volatility is anticipated as the economy navigates these challenges, with no immediate return to pre-1980 levels."
1981-01-31,"The 'SocialGood:OT' value is expected to remain elevated and could see further increases in the near term, primarily driven by persistent high unemployment and inflation. While government economic revitalization efforts are in progress, continued volatility is anticipated as the economy navigates these severe conditions."
1981-02-28,"The ""SocialGood:OT"" is projected to continue its significant upward trend over the next 18 months, primarily driven by the ongoing severe economic downturn characterized by high unemployment and inflation. Values are expected to remain elevated with potential for further increases and continued volatility."
1981-03-31,"The SocialGood:OT value is expected to remain elevated over the next 18 months, primarily driven by the persistent high national unemployment and inflation rates. The series will likely exhibit continued volatility and monthly fluctuations, with its long-term trajectory dependent on the effectiveness of economic stabilization policies."
1981-04-30,"The ""SocialGood:OT"" values are currently declining from a recent peak, a trend that may continue or stabilize in the short term. However, given the persistent high unemployment and broader economic instability, values are expected to remain elevated and volatile over the next 18 months, with a risk of renewed upward pressure."
1981-05-31,"The ""SocialGood:OT"" value is forecast to remain significantly elevated, with a likely continuation of the upward trend or stabilization at high levels, primarily driven by persistent high unemployment and inflation. Expect moderate volatility amidst ongoing economic challenges."
1981-06-30,"The SocialGood:OT values are expected to remain elevated and likely continue an upward trajectory over the next 18 months, driven by the ongoing high unemployment and broader economic challenges of stagflation. While month-to-month fluctuations are probable, the overall trend suggests sustained pressure."
1981-07-31,"The SocialGood:OT series is projected to continue its upward trend over the next 18 months, driven by persistent high unemployment and broader economic instability. Expect continued significant month-to-month volatility as the economy grapples with stagflation and severe conditions."
1981-08-31,"The ""SocialGood:OT"" series is projected to continue its strong upward trend over the next 18 months, primarily driven by the persistent high rates of unemployment and inflation. We anticipate continued significant annual volatility, particularly with notable increases at the beginning of each year, reflecting the ongoing economic challenges."
1981-09-30,"The ""SocialGood:OT"" series will likely remain elevated, driven by the ongoing 1981-1982 recession and persistent high unemployment and inflation. While initial volatility is expected, a gradual stabilization or modest decline is anticipated towards the latter part of the forecast horizon as economic conditions are projected to improve."
1981-10-31,"The SocialGood:OT values are expected to continue their upward trajectory over the next 18 months, driven by the persistent high unemployment and economic instability associated with the 1981-1982 recession. This will likely result in elevated values with continued intra-year volatility."
1981-11-30,"The SocialGood:OT values are expected to continue their upward trajectory over the next 18 months, primarily driven by persistently high unemployment rates and broader economic instability. While monthly fluctuations are likely, including a notable increase at the start of each year, the overall trend will remain elevated and volatile."
1981-12-31,"The SocialGood:OT values are projected to maintain their significant upward trend over the next 18 months, primarily driven by persistently high unemployment and inflation. Expect continued moderate volatility amidst this general increase, reflecting ongoing economic challenges."
1982-01-31,"The ""SocialGood:OT"" metric is projected to continue its upward trend over the next 18 months, primarily driven by persistent high unemployment, inflation, and overall economic instability. While monthly fluctuations are expected, the series will likely exhibit significant annual increases, particularly around January, reflecting ongoing social and economic challenges."
1982-02-28,"The series is expected to continue its upward trend, driven by the persistent high unemployment and ongoing economic recession. Volatility, including notable annual increases, will likely continue as the economy navigates challenging conditions."
1982-03-31,"The series is projected to continue its strong upward trajectory, sustained by the ongoing economic recession and persistently high unemployment rates. While month-to-month fluctuations are expected, the overall trend points towards further elevated values over the next 18 months."
1982-04-30,"The ""SocialGood:OT"" values, driven by persistent high unemployment and economic recession, are expected to remain significantly elevated over the next 18 months. While a peak or plateau may be forming, indicating a potential stabilization or slight decline, the overall environment suggests continued volatility and persistent challenges."
1982-05-31,"The ""SocialGood:OT"" metric is expected to continue its overall upward trend over the next 18 months, primarily driven by the persistent high unemployment rates and broader economic instability noted in the context. We anticipate continued significant volatility, including pronounced annual increases around January, as the economy navigates ongoing challenges."
1982-06-30,"The SocialGood:OT values, reflecting unemployment rates, are projected to remain at significantly elevated levels and continue their upward trajectory over the next 18 months, driven by the ongoing 1981-1982 recession, high interest rates, and persistent inflation. Expect continued economic distress and some monthly fluctuations around this high trend."
1982-07-31,"The SocialGood:OT values, reflecting unemployment, are expected to remain elevated and likely continue their upward trend over the next 18 months, driven by the persistent economic recession, high inflation, and interest rates. Significant volatility is anticipated around these high levels, with a risk of further increases, especially early in the year, as the severe economic conditions of the early 1980s persist."
1982-08-31,"The SocialGood:OT values are projected to maintain their strong upward trend over the next 18 months, largely driven by the ongoing high unemployment and economic distress. Expect continued volatility, with significant increases likely at the start of each year."
1982-09-30,"The SocialGood:OT series has been on a strong upward trajectory, primarily driven by consistently high unemployment rates and an ongoing recession. This upward trend is expected to continue, with values remaining elevated and likely increasing further over the next 18 months, reflecting persistent economic challenges and potential for continued volatility."
1982-10-31,"The SocialGood:OT values are projected to maintain their strong upward trajectory over the next 18 months, primarily driven by persistently high and rising unemployment rates and the deepening economic recession. This trend will likely see values reach new historical peaks, with continued month-to-month volatility."
1982-11-30,"The SocialGood:OT values will continue their pronounced upward trend over the next 18 months, driven by ongoing high unemployment and the prevailing economic recession. Expect continued significant volatility as economic conditions remain unstable."
1982-12-31,"The ""SocialGood:OT"" values are expected to continue their significant upward trend over the next 18 months, primarily driven by the persistent high unemployment rates and the ongoing economic recession. While some monthly volatility will likely occur, the overall trajectory points towards sustained elevated levels due to these entrenched social and economic challenges."
1983-01-31,"The SocialGood:OT values, having reached a significant high, are expected to stabilize and then gradually decline over the next 18 months as the economy moves towards recovery from the prolonged recession. Monthly fluctuations will continue, influenced by evolving labor market conditions."
1983-02-28,"The SocialGood:OT metric, which has been on a strong upward trajectory, is expected to stabilize and then begin a gradual decline over the next 18 months. This shift is primarily driven by the anticipated improvement in unemployment levels and the broader economic recovery following the recent recession."
1983-03-31,"The SocialGood:OT series is expected to continue its strong upward trend over the next 18 months, driven by the lingering effects of the economic downturn despite initial signs of declining unemployment. Expect persistent monthly volatility, including recurring upward shifts around the start of each year."
1983-04-30,"After a recent decline from its peak, the unemployment rate is likely to stabilize at a high level with continued volatility. However, persistent economic instability and regional concerns suggest a significant risk of resuming its upward trajectory over the next 18 months."
1983-05-31,"SocialGood:OT is expected to gradually decline or stabilize over the next 18 months, reflecting the initial signs of easing unemployment and ongoing government efforts to address economic challenges. However, the decline will likely be slow due to persistent high unemployment, and the series will continue to exhibit moderate volatility, with any economic setbacks posing an upward risk."
1983-06-30,"The SocialGood:OT metric, which reflects unemployment rates, is projected to remain elevated and continue its overall upward trend over the next 18 months. Persistent economic challenges and ongoing recessions are the primary drivers, indicating continued high volatility with a general increase in values."
1983-07-31,"The ""SocialGood:OT"" metric is expected to continue its recent downward trend over the next 18 months, driven by ongoing economic recovery from the severe recession. While the overall direction will be a decline, the series will likely experience some volatility, including potential seasonal upticks, particularly around the beginning of each year."
1983-08-31,"The SocialGood:OT series will continue its downward trend over the next 18 months, primarily driven by the ongoing decline in unemployment rates. This trajectory suggests a sustained decrease, though some monthly volatility is probable."
1983-09-30,"The ""SocialGood:OT"" series, which appears to track unemployment or social distress, has recently shown a clear and sustained decline from its peak in early 1983. This downward trend is expected to largely continue over the next 18 months, indicating improving social conditions, driven primarily by ongoing economic recovery and stabilization in labor markets. While minor short-term fluctuations are possible, the overall direction points towards lower values."
1983-10-31,"The SocialGood:OT series, representing unemployment, is expected to continue its recent downward trend over the next 18 months as the economy recovers from the prior recession. This gradual decrease will likely exhibit moderate volatility, driven by improving economic conditions."
1983-11-30,"The ""SocialGood:OT"" metric is expected to continue its declining trend over the next 18 months, primarily driven by the ongoing reduction in unemployment rates. This downward trajectory is likely to persist, reflecting improving economic conditions, though some fluctuations are possible."
1983-12-31,"The SocialGood:OT value is forecast to continue its strong downward trajectory over the next 18 months, reflecting the ongoing economic recovery following the 1981-1982 recession. While some monthly volatility is expected, the overall trend will be a sustained decline towards lower levels, with a key risk being any unexpected slowdown in economic growth."
1984-01-31,"The unemployment rate is projected to continue its general decline over the next 18 months, primarily driven by the ongoing economic recovery. However, the rate's descent will likely moderate, and persistent high unemployment within specific demographics poses a risk of localized volatility."
1984-02-29,"The SocialGood:OT, representing the US unemployment rate, is projected to continue its rapid decline over the next 18 months, driven by the strong economic recovery following the 1981-1982 recession. This trend is expected to lead to significantly lower unemployment levels, with the rate stabilizing at a reduced baseline."
1984-03-31,"The ""SocialGood:OT"" metric is expected to continue its recent downward trend over the next 18 months, driven by the rapidly improving national unemployment situation. While the overall direction is a decline, moderate volatility may persist due to ongoing regional and demographic disparities in job markets."
1984-04-30,"The unemployment rate is projected to continue its rapid decline over the next 18 months, driven by the ongoing economic recovery. This trend indicates a sustained decrease in joblessness, though minor monthly fluctuations are possible."
1984-05-31,"The SocialGood:OT value is expected to continue its general downward trend or stabilize at lower levels over the next 18 months, driven by ongoing economic recovery. However, volatility is likely to persist due to lingering unemployment concerns in specific demographics and regions."
1984-06-30,"The unemployment rate is expected to continue its notable downward trend over the next 18 months, driven by sustained economic recovery. While some minor monthly volatility may occur, the prevailing trajectory indicates further decreases in joblessness."
1984-07-31,"The SocialGood:OT is expected to continue its gradual decline or stabilize at current lower levels over the next 18 months, reflecting ongoing economic recovery. While overall rates improve, persistent high unemployment in specific regions and demographics remains a key risk factor for future stability."
1984-08-31,"The unemployment rate is expected to gradually stabilize at its current lower range over the next 18 months, following the significant economic recovery. While overall volatility should remain low, persistent high unemployment in specific demographics and regions presents a risk to further substantial improvement."
1984-09-30,"The SocialGood:OT series is expected to continue its downward trend over the next 18 months, reflecting sustained economic recovery. Volatility is likely to remain moderate as the values gradually stabilize at lower levels."
1984-10-31,"The SocialGood:OT series is expected to continue its overall downward trend over the next 18 months, reflecting ongoing economic recovery. However, the pace of decline will likely moderate as the rate approaches a lower floor, with persistent high unemployment in certain sectors or demographics posing a risk to further rapid improvement."
1984-11-30,"The series is expected to continue its significant downward trend over the next 18 months, driven by sustained economic recovery and improving labor market conditions, with moderate volatility. While the overall decline is strong, persistent localized or demographic-specific unemployment concerns could introduce some resistance to a rapid further decrease."
1984-12-31,"The ""SocialGood:OT"" values are expected to maintain their strong downward trajectory over the next 18 months, primarily driven by the ongoing national economic recovery and the rapid decline in unemployment rates. While some regional disparities persist, the overall trend indicates continued decreases with moderate volatility."
1985-01-31,"The SocialGood:OT values, reflecting unemployment rates, are projected to trend upwards or remain at elevated levels over the next 18 months, marking a reversal from the recent period of decline. This shift is primarily driven by a resurgence of concerns regarding worsening labor market conditions."
1985-02-28,"The SocialGood:OT metric, likely representing unemployment rates, is expected to remain elevated in the coming months, showing increased volatility. The recent upward shift and conflicting economic forecasts suggest a period of uncertainty, with a risk of further increases if the economy faces a 'hard landing' rather than a clear recovery."
1985-03-31,"The SocialGood:OT series is projected to maintain its overall downward trajectory over the next 18 months, primarily influenced by continued economic recovery efforts. However, expect moderate volatility with potential for temporary upward movements, especially as regional unemployment disparities and conflicting economic indicators persist."
1985-04-30,"The SocialGood:OT indicator, reflecting unemployment trends, is expected to continue its recent declining trajectory over the next 18 months, primarily driven by sustained improvements in the broader economic environment. While the overall trend points downward, moderate monthly volatility is anticipated due to persistent regional and demographic labor market challenges."
1985-05-31,"After a sustained two-year decline, the SocialGood:OT series is expected to reverse course and trend upwards over the next 18 months. This shift is driven by recent reports indicating a substantial rise in overall US unemployment rates, which are now perceived as high and reaching 10%, signaling a deteriorating labor market."
1985-06-30,"The SocialGood:OT series is anticipated to remain elevated or show a moderate upward trend over the next 18 months, primarily driven by the ongoing critically high unemployment rates and recessionary environment. Expect continued month-to-month fluctuations reflecting the uncertainty in economic conditions."
1985-07-31,"The SocialGood:OT values have recently rebounded from their 1984 lows, stabilizing at a moderately elevated level. This trend is primarily driven by persistent and regionally high unemployment rates, suggesting that SocialGood:OT will likely remain elevated in the coming months, with potential for moderate volatility and further increases if unemployment concerns intensify."
1985-08-31,"The SocialGood:OT values are expected to remain relatively stable over the next 18 months, continuing to fluctuate within the range observed in the past year. While the significant decline in unemployment rates has largely leveled off, broader economic concerns and regional labor market variations will likely contribute to moderate short-term volatility."
1985-09-30,"The unemployment rate is expected to largely stabilize around its recent five-year low over the next 18 months, reflecting the ongoing economic recovery. However, mounting pressure for protectionist policies presents a significant risk for potential upward volatility and an increase in unemployment later in the forecast period."
1985-10-31,"The SocialGood:OT series, representing US unemployment rates, is forecast to remain at relatively low levels, likely continuing a slow decline from its recent five-year low as the economic recovery progresses. However, expect continued monthly fluctuations, including seasonal upticks around the beginning of the year, with risks of increased volatility or a reversal of the downward trend driven by concerns over protectionist policies and slowing economic growth."
1985-11-30,"Unemployment is projected to continue its gradual downward trend over the next 18 months, albeit with minor monthly fluctuations and a likely seasonal uptick in early 1986. This improvement is primarily driven by ongoing economic recovery, though mounting pressure for protectionist policies presents a notable risk to sustained progress."
1985-12-31,"The SocialGood:OT series is projected to continue its gradual downward trend over the next 18 months, reflecting ongoing economic improvements and declining unemployment, though the pace of decline is expected to moderate. Volatility should remain low, with a primary risk being any significant reversal in economic conditions that could lead to an unexpected increase."
1986-01-31,"The SocialGood:OT values, representing unemployment, are expected to continue their multi-year gradual decline, driven by ongoing economic recovery. This downward trend will be punctuated by recurring seasonal increases at the beginning of each year, maintaining moderate short-term volatility."
1986-02-28,"The series, likely representing unemployment, has shown a long-term decline but recently reversed with significant increases in early 1986. We anticipate continued volatility with pronounced seasonal increases in early each year, stabilizing or experiencing a slight upward drift over the next 18 months, driven by ongoing economic concerns and trade imbalances."
1986-03-31,"The SocialGood:OT is anticipated to trend upwards over the next 18 months, primarily driven by continued high unemployment and decelerating economic growth. Expect moderate volatility, including a recurring seasonal increase around early 1987, reflecting ongoing economic concerns."
1986-04-30,"The unemployment rate is expected to remain elevated and exhibit moderate volatility over the next 18 months, fluctuating around recent levels. Persistent economic challenges such as trade imbalances and decreased GNP growth will likely prevent a significant sustained decline, while annual seasonal upticks are probable."
1986-05-31,"The unemployment rate is expected to fluctuate moderately around its current level, with a likely seasonal increase early in 1987. A sustained decline is improbable given ongoing economic pressures such as trade imbalances and regional industry contractions."
1986-06-30,"The unemployment rate is expected to remain relatively stable around current levels, though monthly fluctuations and a recurring seasonal increase in early 1987 are anticipated. The recent Tax Reform Act of 1986 and ongoing regional economic contractions, particularly in the oil industry, present key drivers that could lead to increased volatility or upward pressure on the rate."
1986-07-31,"The SocialGood:OT values are expected to continue a gradual downward trend over the next 18 months, though this will be punctuated by recurring upward spikes, particularly in January, and overall moderate volatility. Key drivers include the recent Federal Reserve interest rate cut and the ongoing economic adjustments from the Tax Reform Act of 1986, both aiming to foster economic improvement."
1986-08-31,"The ""SocialGood:OT"" metric is expected to generally continue its gradual downward trend, albeit with moderate volatility, characterized by its consistent annual seasonal increases at the beginning of each year. This trajectory will be shaped by evolving economic conditions, including GNP growth and trade dynamics, alongside the lagged effects of recent tax reforms and interest rate adjustments."
1986-09-30,"The unemployment rate is expected to fluctuate around current levels, with an underlying upward pressure driven by persistent trade imbalances and regional industry contractions, alongside anticipated seasonal increases in early 1987 and 1988. The recent Federal Reserve rate cut aims to provide economic stimulus, but significant challenges persist."
1986-10-31,"The SocialGood:OT series is expected to maintain its strong seasonal pattern, with significant increases in early winter months followed by gradual declines. While the overall downward trend observed historically is likely to continue, moderate volatility will persist, influenced by ongoing economic adjustments stemming from the Tax Reform Act of 1986 and Federal Reserve policies."
1986-11-30,"The SocialGood:OT series is projected to maintain its pronounced annual seasonality, featuring sharp increases early in the year followed by a general decline. While an underlying downward trend is anticipated, supported by recent economic policies, significant volatility will persist, and the issue of persistent, regionally disparate unemployment will remain a notable concern."
1986-12-31,"The unemployment rate is expected to experience an initial seasonal uptick from its recent low, before generally stabilizing or continuing a very gradual downward trend over the next 18 months. Moderate monthly volatility is anticipated, with persistent high unemployment in specific regions and demographics remaining a significant concern, driven by the unfolding effects of the 1986 Tax Reform Act and previous interest rate adjustments."
1987-01-31,"Following a severe economic shock in January 1987, which included an almost 50% national unemployment rate, the SocialGood:OT metric is projected to experience a sharp and sustained increase over the next 18 months. This significant upward trend will be accompanied by heightened volatility as the system reacts to the severe economic downturn."
1987-02-28,"The SocialGood:OT unemployment rate is projected to continue its gradual decline over the next 18 months, characterized by moderate monthly fluctuations and seasonal upticks, driven by ongoing economic expansion and employment gains. However, persistent budget deficits and trade imbalances present potential headwinds that could temper the pace of improvement."
1987-03-31,"The SocialGood:OT series is expected to trend upwards over the next 18 months, driven by the severe economic shocks and rapidly rising unemployment rates noted in early 1987. This period will likely see increased volatility, potentially disrupting the series' typical annual fluctuations as broader economic pressures persist."
1987-04-30,"The unemployment rate is expected to continue its gradual downward trend, supported by ongoing economic expansion. However, the series will likely exhibit moderate volatility with recurring seasonal increases, particularly at the beginning of each year."
1987-05-31,"The unemployment rate for SocialGood:OT is expected to continue its overall downward trajectory, marked by a consistent seasonal pattern of increases each January followed by subsequent declines. Despite the general economic expansion supporting further decreases, persistent underlying concerns about high unemployment suggest the rate may stabilize at a level still considered elevated."
1987-06-30,"The SocialGood:OT series is projected to continue its gradual decline over the next 18 months, indicating an improving trend, while maintaining its characteristic moderate annual fluctuations with seasonal peaks and troughs. This positive trajectory is supported by underlying economic expansion, though persistent budget deficits and trade imbalances pose potential risks."
1987-07-31,"The unemployment rate is expected to continue its recent downward trajectory, potentially reaching new multi-year lows, supported by ongoing economic expansion. While moderate volatility, including a seasonal uptick around January, is anticipated, persistent regional disparities and the potential for broader economic shocks pose the primary risks to this improving trend."
1987-08-31,"The SocialGood:OT, likely representing unemployment rates, is expected to continue its recent declining trend, stabilizing at lower levels over the next 18 months, driven by ongoing economic expansion and employment gains. While moderate seasonal fluctuations will persist, concerns about regional disparities and broader economic imbalances remain as potential risks."
1987-09-30,"The SocialGood:OT series is expected to continue its multi-year downward trend, gradually decreasing further and stabilizing at lower levels over the next 18 months, driven by improving economic conditions and declining unemployment rates. While minor seasonal upticks may occur, the overall trajectory indicates continued positive momentum."
1987-10-31,"The recent strong downward trend in unemployment is highly likely to reverse following the significant Black Monday stock market crash in October 1987. Unemployment is expected to begin rising in the coming months, potentially with increased volatility, as the real economy reacts to the financial shock."
1987-11-30,"The SocialGood:OT series is projected to continue its strong downward trend over the next 18 months, indicating sustained improvement in this social good indicator. While a seasonal increase is expected in early 1988, the overall trajectory points towards lower levels, driven by underlying economic resilience despite recent market volatility."
1987-12-31,"The SocialGood:OT series is expected to continue its established downward trend over the next 18 months, reflecting ongoing improvements, though punctuated by recurring seasonal increases in early winter. While the series has shown resilience, the economic repercussions of the late 1987 stock market crash introduce a notable risk for potential deceleration or eventual reversal of this favorable trend."
1988-01-31,"The SocialGood:OT is expected to generally stabilize or continue its gradual decline over the next 18 months, reflecting sustained improvements in labor market conditions. However, moderate volatility will persist, with potential for slight seasonal increases and a notable risk of upward pressure from the delayed economic impact of the 1987 stock market crash."
1988-02-29,"The SocialGood:OT values are projected to continue their overall downward trajectory for the next 18 months, maintaining a pattern of significant annual increases early in the year followed by declines. This trend is primarily driven by a general improvement in unemployment rates, although signs of an economic slowdown could introduce some upward pressure or slow the rate of decrease."
1988-03-31,"The unemployment rate is expected to largely stabilize at its current relatively low levels over the next 18 months, with the long-term downward trend moderating. Ongoing economic slowdown concerns and the lingering effects of the 1987 stock market crash will contribute to continued monthly volatility, including a likely seasonal increase in early 1989."
1988-04-30,"The unemployment rate is expected to continue its general downward trend over the next 18 months, though the pace of decline may slow. The series will likely maintain its characteristic annual increases early in the year, with lingering effects from the Black Monday stock market crash and broader economic slowdown concerns posing notable risks for increased volatility or a reversal of the trend."
1988-05-31,"The unemployment rate is expected to remain at historically low levels, with a general trend of stability or slight further decline over the next 18 months, primarily driven by ongoing economic expansion. While recurring seasonal increases are anticipated in early winter, the underlying stability suggests resilience, though the lingering effects of the 1987 stock market crash could introduce periods of increased volatility."
1988-06-30,"The SocialGood:OT, representing the unemployment rate, is expected to continue its overall gradual decline over the next 18 months, albeit with reduced momentum as it approaches historically low levels. This trend will be punctuated by its characteristic annual increases at the beginning of each year, with potential economic slowdowns and persistent high unemployment in specific sectors posing risks to further significant reductions."
1988-07-31,"The SocialGood:OT series is expected to continue its gradual downward trend, reaching historically low levels, while maintaining its consistent annual increases in the early part of each year. Volatility will remain moderate, primarily driven by these seasonal patterns and the underlying strength of the US labor market, though any significant economic downturn poses a risk to this trajectory."
1988-08-31,"The SocialGood:OT series, representing US unemployment, is forecast to remain at historically low levels over the next 18 months, continuing its long-term downward trajectory or stabilizing. The distinct seasonal pattern of annual increases around January/February followed by declines throughout the year will persist, with volatility likely moderating as the rate stays low."
1988-09-30,"The SocialGood:OT series is projected to continue its general downward trend, driven by sustained economic expansion and improving labor market conditions. While minor seasonal increases are likely in early calendar years, overall volatility should remain low as the series potentially stabilizes at historically low levels."
1988-10-31,"The SocialGood:OT series is expected to continue its overall downward trend over the next 18 months, likely reaching new lows. Moderate volatility will persist, characterized by recurring seasonal increases at the beginning of each year, followed by subsequent declines, driven by improving economic conditions."
1988-11-30,"The unemployment rate is expected to experience its typical seasonal increase in early 1989, likely reversing the multi-year decline and stabilizing at a higher level. This shift reflects ongoing economic concerns and potential delayed impacts from past market events, maintaining moderate volatility."
1988-12-31,"The SocialGood:OT series is projected to reverse its multi-year declining trend, starting with an initial increase in the upcoming January. Over the next 18 months, values will generally rise, driven by prevailing macro-economic concerns and expectations of increasing unemployment, indicating a period of heightened volatility."
1989-01-31,"The ""SocialGood:OT"" series is expected to continue its multi-year downward trend over the next 18 months, characterized by a gradual decline throughout the year, consistently interrupted by a notable seasonal increase each January. Volatility will primarily stem from these predictable annual seasonal shifts."
1989-02-28,"The unemployment rate is expected to continue its gradual downward trend over the next 18 months, driven by ongoing economic expansion, though with persistent annual increases observed each January. Volatility may increase as the rate approaches historically low levels, with regional disparities remaining a notable risk."
1989-03-31,"The SocialGood:OT metric is projected to continue its gradual downward trend over the next 18 months, although with persistent annual volatility. This includes a recurring sharp increase each January, with these annual peaks also showing a tendency to decline over time, reflecting ongoing labor market adjustments and broader economic conditions."
1989-04-30,"The series is expected to continue its multi-year downward trend, driven by ongoing economic expansion, likely pushing values to new lows over the next 18 months. This general decline will be marked by consistent annual increases each January, followed by a subsequent decrease throughout the year, maintaining its established seasonal volatility."
1989-05-31,"The declining trend in SocialGood:OT, having recently reached a multi-year low, is set to reverse and move upwards over the next 18 months, driven by anti-inflationary policies leading to rising unemployment. This period will likely exhibit increased upward volatility, particularly around the annual January spikes, while maintaining end-of-year declines."
1989-06-30,"The SocialGood:OT series is anticipated to shift towards a gradual upward trend over the next 18 months, primarily influenced by the ongoing impact of anti-inflationary policies. This general increase will be marked by consistent and significant annual spikes in January, reflecting its established seasonal volatility."
1989-07-31,"The SocialGood:OT series is expected to continue its annual volatility with January spikes, however, the underlying trend of declining rates is reversing, leading to stabilization or a gradual increase over the next 18 months. This shift is primarily driven by ongoing anti-inflationary policies and broader economic concerns."
1989-08-31,"The SocialGood:OT series is expected to maintain its general downward trajectory, punctuated by decreasing annual January spikes. However, growing economic headwinds, driven by anti-inflationary policies and a widening current account deficit, indicate a potential for an upward reversal in the latter half of the forecast period."
1989-09-30,"The SocialGood:OT series is characterized by strong annual seasonality, with values typically rising in the early calendar year and declining towards year-end. While the historical data shows a slight downward trend, recent contextual reports of increasing unemployment concerns and expected rises suggest this trend may stabilize or reverse upwards in the forecast horizon, maintaining its characteristic moderate volatility."
1989-10-31,"The unemployment rate is expected to stabilize at historically low levels, with slight fluctuations around the current baseline. Annual seasonal increases, typically observed in January, will likely persist but within a tighter range, reflecting reduced overall volatility. Sustained economic expansion is the primary driver, though localized unemployment concerns and the potential for an economic slowdown pose risks to maintaining these low rates."
1989-11-30,"The series will continue its strong annual seasonality, marked by sharp increases each January followed by a gradual decline over subsequent months. After a period of overall decline, the values are stabilizing at recent lows, suggesting a flattening trend with potential for slight upward movement driven by ongoing unemployment concerns and broader economic policy impacts."
1989-12-31,"The SocialGood:OT series will continue its strong annual seasonal pattern over the next 18 months, characterized by a notable increase at the start of each year followed by a gradual decline, maintaining moderate volatility. Driven by prevailing economic conditions, the overall trend is anticipated to remain relatively stable within the recent historical range, though a general economic slowdown poses a risk for a sustained upward shift in the baseline."
1990-01-31,"The SocialGood:OT series, after its typical seasonal January peak, is expected to reverse its historical declining trend and begin to rise over the next 18 months, driven by emerging economic challenges and a potential recession. Volatility will persist, including an anticipated seasonal increase in January 1991."
1990-02-28,"The SocialGood:OT series will maintain its strong annual seasonality, characterized by a sharp January increase followed by a gradual decline through the year. Despite a slight historical downward trend, ongoing economic challenges and recessionary pressures pose a risk of elevated levels or increased volatility in the forecast period."
1990-03-31,"The SocialGood:OT series is expected to continue its strong annual seasonal pattern over the next 18 months, with values gradually declining from the current level towards a trough in late 1990, followed by a sharp increase in January 1991 and subsequent decline through mid-1991. While the primary driver is this recurring yearly cycle, broader economic concerns about recession and rising unemployment could introduce upward pressure, potentially elevating seasonal troughs."
1990-04-30,"The SocialGood:OT values are expected to continue their strong annual seasonal pattern, peaking around January and declining thereafter. Driven by ongoing concerns of high unemployment, inflation, and a potential recession, the overall level of these values will likely remain elevated or show moderate increases over the next 18 months, with continued moderate volatility."
1990-05-31,"The SocialGood:OT values are expected to continue their recent decline, driven by persistent economic challenges including rising unemployment and recessionary pressures. While the established annual seasonality will likely lead to a temporary early-year increase, the overall trend suggests values will remain suppressed, potentially reaching new lows within the forecast horizon."
1990-06-30,"SocialGood:OT (unemployment rate) is expected to generally trend upwards over the next 18 months, influenced by persistent recessionary pressures and high inflation. The series will likely maintain its historical monthly volatility, including notable spikes in January, as economic policies respond to these challenges."
1990-07-31,"The SocialGood:OT series is expected to trend upwards over the next 18 months, driven by the deteriorating economic climate and recessionary pressures highlighted in the context. This upward movement will likely be punctuated by continued moderate monthly volatility and recurring seasonal increases, particularly at the start of each year."
1990-08-31,"The SocialGood:OT series is expected to continue its established annual cyclical pattern, with values generally remaining elevated over the next 18 months. Persistent concerns about high unemployment and an economic slowdown will likely drive the series to maintain its recent upward drift, with moderate volatility around its seasonal peaks."
1990-09-30,"SocialGood:OT is expected to continue its pattern of annual peaks, likely in January, followed by subsequent declines. The overall trend will likely remain elevated or show a slight upward drift over the next 18 months, driven by ongoing economic challenges and rising unemployment concerns."
1990-10-31,"The SocialGood:OT series will maintain its distinct annual seasonality, characterized by early winter peaks and spring/late autumn troughs. However, given the persistent economic challenges and increasing unemployment concerns, the overall trend for the next 18 months points towards a sustained increase, pushing values higher than recent averages and potentially surpassing prior seasonal maximums."
1990-11-30,"The SocialGood:OT metric is expected to continue its established seasonal pattern, with a notable increase in January followed by a gradual decline over subsequent months. Given the prevailing concerns about high unemployment and economic challenges noted in late 1990, the values are likely to remain elevated within their historical range, potentially showing a slight upward trend over the forecast horizon, driven by persistent economic pressures."
1990-12-31,"The SocialGood:OT series is projected to continue its recent upward trend over the next 18 months, driven by persistent economic challenges and the ongoing Gulf Crisis. We anticipate elevated levels and moderate volatility, with annual early-year peaks likely to exceed those of recent years."
1991-01-31,"The unemployment rate is forecast to remain significantly elevated over the next 18 months, following a sharp increase in January 1991, primarily driven by the ongoing economic recession and the Gulf Crisis. While seasonal patterns will introduce fluctuations, the overall trend points to sustained high levels with a risk of further increases, indicating continued strain and potential for heightened volatility in the labor market."
1991-02-28,"The SocialGood:OT series is currently experiencing a sharp upward trend, significantly above its historical range, driven by the ongoing US economic decline and rising unemployment concerns. This elevated level and increased volatility are expected to persist over the next 18 months, as economic instability remains a dominant factor."
1991-03-31,"The SocialGood:OT values are projected to remain elevated and likely continue their upward trajectory over the next 18 months, driven by the persistent decline in the US economy and worsening unemployment. Expect continued volatility at this higher baseline, reflecting the ongoing economic instability."
1991-04-30,"The SocialGood:OT values are expected to remain elevated over the next 18 months, driven by ongoing economic struggles and the lingering effects of the Gulf Crisis and deindustrialization. The series will likely exhibit continued volatility, including a strong seasonal peak around January."
1991-05-31,"The unemployment rate is expected to remain elevated and likely increase further over the next 18 months, driven by ongoing economic struggles, the aftermath of the Gulf War, and structural deindustrialization. Volatility in the rate will likely persist as the economy navigates these significant challenges."
1991-06-30,"The SocialGood:OT values are projected to maintain their current elevated levels, with a strong likelihood of continuing the recent upward trend over the next 18 months. This sustained increase is primarily driven by the ongoing economic decline and recessionary pressures, exacerbated by the aftermath of the Gulf War, leading to worsening unemployment."
1991-07-31,"The SocialGood:OT values are expected to remain elevated, continuing the upward trend observed in 1991, driven by persistent economic struggles and the aftermath of the Gulf War. Significant volatility is anticipated as these values fluctuate at higher levels over the next 18 months."
1991-08-31,"The SocialGood:OT metric will continue its upward trend, sustaining the elevated levels seen in 1991, primarily driven by persistent high unemployment and ongoing economic challenges. Expect moderate month-to-month volatility, with significant seasonal increases occurring each January."
1991-09-30,"The ""SocialGood:OT"" values are expected to remain elevated, continuing the recent upward trend with moderate monthly fluctuations, driven by persistent high unemployment and ongoing economic challenges. We anticipate annual peaks around the start of the year, consistent with historical patterns."
1991-10-31,"The SocialGood:OT series is projected to remain at elevated levels over the next 18 months, showing a slow and gradual decline from its recent peak. This trajectory is driven by persistent high unemployment and broader economic challenges, suggesting continued volatility with minor seasonal fluctuations rather than a swift return to pre-1991 values."
1991-11-30,"The unemployment rate is expected to remain elevated, with a potential for continued increases over the next 18 months, driven by persistent economic struggles, the lingering effects of the Gulf War, and ongoing structural economic changes. Volatility is likely to persist as the economy navigates these challenges."
1991-12-31,"Unemployment rates are forecast to remain elevated and likely continue their upward trajectory over the next 18 months, primarily driven by ongoing economic recession, the lingering impact of the Gulf War, and structural economic shifts. While volatility is expected to be moderate, the overall trend points towards higher levels."
1992-01-31,"The SocialGood:OT values are expected to continue their strong upward trajectory over the next 18 months, driven by persistent economic challenges and the lingering impacts of geopolitical events. Significant volatility, particularly with notable year-over-year increases, will likely persist, indicating sustained high levels of unemployment and associated social and economic risks."
1992-02-29,"The unemployment rate, having shown a significant upward trend to multi-year highs, is expected to remain elevated and likely increase further over the next 18 months, driven by ongoing economic recession and the aftermath of the Gulf War. Volatility will persist."
1992-03-31,"The SocialGood:OT series has shown a clear multi-year upward trend, primarily driven by rising unemployment, with notable annual surges at the start of each year. Despite recent indications of stabilization, the series is expected to remain elevated and volatile, with a risk of another significant upward movement early next year before a period of more sustained stabilization."
1992-04-30,"Following a recent peak and slight decline, the unemployment rate is projected to remain elevated and volatile over the next 18 months, primarily driven by persistent economic struggles and regional disparities. While some stabilization is anticipated, there is a continued risk of renewed upward pressure due to underlying economic fragility."
1992-05-31,"The ""SocialGood:OT"" metric, indicative of unemployment, is projected to remain elevated with a continued upward trend over the next 18 months. Expect significant volatility, especially with notable increases likely in early 1993, driven by persistent economic recession and the slow impact of monetary policy adjustments."
1992-06-30,"The SocialGood:OT metric is forecast to continue its strong upward trajectory over the next 18 months, primarily driven by ongoing economic challenges and elevated unemployment levels. This will likely include sustained intra-year volatility and a significant annual increase around January 1993, consistent with past trends."
1992-07-31,"The ""SocialGood:OT"" metric is expected to continue its upward trajectory over the next 18 months, driven by persistent economic challenges and high unemployment concerns. We anticipate continued volatility, with a significant increase projected early next year, reflecting the established annual pattern."
1992-08-31,"The SocialGood:OT values are expected to continue their pronounced upward trend, maintaining elevated levels with moderate monthly fluctuations. A significant increase is anticipated around early 1993, driven by persistent economic challenges and high unemployment concerns."
1992-09-30,"The SocialGood:OT series is expected to continue its strong upward trend over the next 18 months, driven by persistent high and rising unemployment and broader economic instability. This upward trajectory will likely be accompanied by significant seasonal volatility, with values peaking early in the calendar year and dipping mid-year, mirroring historical patterns."
1992-10-31,"The SocialGood:OT metric is projected to continue its pronounced upward trend over the next 18 months, with annual peaks, particularly in January, expected to reach new highs. High volatility will remain a feature, driven by persistent economic challenges, regional disparities, and the potential for external shocks, similar to past impacts from events like the Gulf War."
1992-11-30,"The SocialGood:OT series is projected to continue its overall upward trajectory, characterized by significant annual volatility with notable spikes at the beginning of each year. Despite the recent US presidential election and potential policy shifts, persistent economic challenges suggest that high unemployment rates will likely persist and potentially rise further in the forecast horizon."
1992-12-31,"The SocialGood:OT values, representing unemployment rates, are expected to continue their upward trajectory over the next 18 months, characterized by moderate monthly fluctuations. The persistent economic challenges and the strong momentum of rising unemployment will likely outweigh any immediate positive impacts from the recent change in US political leadership."
1993-01-31,"The series has exhibited a clear upward trend with significant intra-year volatility, including prominent January spikes, culminating in a high value in January 1993. Over the next 18 months, a gradual reversal towards a declining trend is anticipated, driven by new economic policies aimed at reducing unemployment, though continued monthly fluctuations are expected."
1993-02-28,"The SocialGood:OT values are expected to gradually decline over the next 18 months, though annual fluctuations with early winter peaks will persist. This anticipated downward trend is primarily driven by new economic policies aimed at stabilizing the labor market following a period of high unemployment."
1993-03-31,"The unemployment rate is projected to remain elevated, continuing its overall upward trend with significant annual volatility, particularly marked by substantial increases each January. Persistent economic challenges and declining consumer confidence are expected to sustain pressure on the job market, preventing a significant decline in unemployment over the forecast horizon."
1993-04-30,"The unemployment rate is expected to stabilize or see a slight decline in the immediate future, consistent with the post-winter seasonal pattern. However, the overall trend suggests sustained elevated levels, with a likely resurgence towards the end of 1993 and into early 1994, driven by persistent economic concerns, the inherent annual volatility, and the unfolding impact of new government policies."
1993-05-31,"The series is expected to continue its pronounced annual seasonal pattern, declining through late 1993 before a significant surge in early 1994, followed by another seasonal decline. The overall trend will likely remain elevated, characterized by high volatility driven by persistent economic concerns around unemployment."
1993-06-30,"The SocialGood:OT values will likely remain elevated over the next 18 months, exhibiting continued annual seasonality with peaks in winter/early spring. Persistent concerns about unemployment rates and broader economic conditions will drive this trend, maintaining moderate volatility."
1993-07-31,"The SocialGood:OT series will continue its strong annual seasonality, with values stabilizing or declining through late 1993 before a significant rise into early 1994. Elevated levels will persist, driven by ongoing high unemployment rates, though the magnitude of subsequent yearly peaks is expected to slightly moderate if economic conditions continue to improve."
1993-08-31,"The series will continue its established seasonal pattern of rising in winter/early spring and declining in late summer/early autumn. After a period of increase, the overall level is now expected to stabilize or experience a slight downward drift over the next 18 months, driven by ongoing economic adjustments and the unfolding impact of new policy initiatives, though moderate volatility and risks from persistent regional and demographic unemployment disparities will remain."
1993-09-30,"The SocialGood:OT values are expected to continue exhibiting moderate volatility with a strong seasonal pattern, likely seeing increases in the early part of each year. Despite recent minor declines, the overall trend suggests stabilization or slight upward pressure over the next 18 months, driven by persistent unemployment concerns and the impact of evolving economic policies."
1993-10-31,"The unemployment rate is expected to experience a gradual decline over the next 18 months, consistent with recent trends and expert expectations. This overall downward trajectory will likely be punctuated by recurring seasonal increases in the winter months, reflecting the established annual pattern, as the economy slowly recovers."
1993-11-30,"The ""SocialGood:OT"" metric will exhibit its characteristic strong annual seasonality over the next 18 months, with values sharply increasing from current levels into early 1994 and 1995, followed by a general decline through each year. This pattern will continue with significant volatility, primarily driven by ongoing concerns and fluctuations in the US unemployment rate."
1993-12-31,"The unemployment rate is forecast to continue its general downward trajectory over the next 18 months, stabilizing at lower levels due to improving economic conditions and supportive policies. However, predictable seasonal increases are expected in early 1994 and 1995, introducing short-term fluctuations."
1994-01-31,"The ""SocialGood:OT"" series will maintain its strong annual seasonality, characterized by increases in the early year followed by a gradual decline. The overall trend indicates a continued moderate decrease in annual peak values, driven by economic adjustments, though the series will remain highly volatile with ongoing concerns about regional and demographic unemployment disparities."
1994-02-28,"The unemployment rate is expected to continue its gradual decline over the next 18 months, driven by ongoing economic recovery. However, strong annual seasonality will persist, with rates typically rising in the early part of the year before falling towards year-end."
1994-03-31,"The SocialGood:OT rate is expected to continue its gradual decline over the next 18 months, driven by sustained economic growth and robust job creation. We anticipate moderate volatility with potential for minor seasonal upticks, but the overall trend will remain downward."
1994-04-30,"The unemployment rate is expected to continue its recent downward trajectory over the next 18 months, supported by ongoing labor market recovery and economic growth. Despite this general decline, the series will likely maintain its characteristic annual volatility, with persistent regional disparities in unemployment remaining a notable risk."
1994-05-31,"The SocialGood:OT series is projected to generally continue its recent declining trend, stabilizing at lower levels, driven by the ongoing strength of the US labor market and sustained economic growth. While maintaining its characteristic annual fluctuation with temporary upticks in early 1995 and 1996, the overall trajectory points towards sustained improvement."
1994-06-30,"The unemployment rate is projected to generally stabilize at its current lower levels over the next 18 months, supported by sustained economic growth and ongoing labor market recovery. While annual seasonal increases are anticipated in early each year, the overall trajectory indicates continued low unemployment."
1994-07-31,"The SocialGood:OT series is expected to remain stable at its recently observed lower levels, with a likelihood of continued gradual decline, driven by sustained labor market recovery and job creation. This trend will likely be punctuated by the recurring seasonal increase typically observed around January, followed by a return to lower values."
1994-08-31,"The SocialGood:OT series is projected to continue its overall declining trajectory over the next 18 months, supported by ongoing economic recovery and robust output growth. This downward trend will feature recurring seasonal upticks, especially at the start of each year, maintaining moderate volatility."
1994-09-30,"The ""SocialGood:OT"" series is expected to continue its recent downward trend, stabilizing at lower levels over the next 18 months, primarily driven by the ongoing US economic recovery and job creation. While the overall outlook is positive, persistent regional and demographic unemployment disparities pose a notable risk."
1994-10-31,"The unemployment rate is expected to continue its overall downward trend, though potentially at a slower pace as it approaches historically low levels. This will be punctuated by anticipated seasonal increases in the early months of each year, followed by subsequent declines, driven by continued labor market recovery and economic growth."
1994-11-30,"The unemployment rate is projected to continue its recent declining trend over the next 18 months, driven by sustained labor market recovery and economic growth. While overall rates will likely remain low, persistent concerns about demographic and regional disparities may lead to minor fluctuations."
1994-12-31,"SocialGood:OT is expected to continue its consistent downward trajectory over the next 18 months, driven by the ongoing strengthening of the labor market and robust job creation. While minor monthly variations are probable, the overall trend points towards significantly lower values, reflecting improving economic conditions."
1995-01-31,"The series is expected to continue its overall downward trajectory over the next 18 months, driven by sustained improvements in the US labor market and job growth. While seasonal fluctuations, such as the typical rise observed in January, will likely persist, the values are anticipated to generally decrease, potentially stabilizing at historically low levels."
1995-02-28,"The unemployment rate is expected to continue its general downward trend or stabilize at relatively low levels over the next 18 months, driven by sustained economic growth and job creation. While moderate monthly fluctuations are likely, including potential seasonal increases early in the year, the overall outlook points towards a healthy labor market."
1995-03-31,"The SocialGood:OT metric, representing the US unemployment rate, is projected to continue its strong downward trajectory over the next 18 months, driven by robust economic growth and sustained job creation. While recurring seasonal increases are expected in January, overall volatility should remain low as the rate approaches historically low levels."
1995-04-30,"The unemployment rate is expected to continue its downward trajectory, stabilizing at historically low levels, while still exhibiting significant seasonal increases each January. This trend is primarily driven by ongoing labor market recovery, though future government policy changes could introduce volatility."
1995-05-31,"The unemployment rate is expected to continue its general downward trend over the next 18 months, supported by an improving labor market and economic growth. However, the rate will experience notable annual increases each January, and ongoing welfare reform discussions and persistent demographic disparities present risks that could slow the decline or introduce upward volatility."
1995-06-30,"The unemployment rate is expected to stabilize or experience a modest upward trend over the next 18 months, characterized by a consistent annual spike in January. While overall economic conditions contribute to job creation, persistent regional and demographic disparities, coupled with evolving policy discussions, will likely drive continued fluctuations."
1995-07-31,"The long-term downward trend in SocialGood:OT is expected to stabilize or show a slight upward drift over the next 18 months, driven by recent policy changes impacting unemployment support and potential underlying labor market softening. Moderate volatility will persist, including a recurring annual increase in January."
1995-08-31,"The SocialGood:OT metric, reflecting the US unemployment rate, has shown a strong declining trend, stabilizing around 5.5-6.0% in 1995. Over the next 18 months, it is expected to remain relatively stable or experience a slight, gradual decline, with moderate monthly fluctuations driven by seasonal patterns and ongoing labor market dynamics, though potential policy changes regarding welfare and unemployment insurance pose a notable risk for increased volatility or upward pressure."
1995-09-30,"The unemployment rate is projected to largely stabilize around its current lower levels, with a potential for slight further decline driven by continued job creation. However, moderate volatility is anticipated, marked by recurring seasonal increases, particularly in January, and influenced by ongoing economic conditions and policy discussions like welfare reform."
1995-10-31,"The SocialGood:OT series is expected to largely stabilize around its current lower levels over the next 18 months, exhibiting moderate volatility with a recurring upward seasonal spike in January. This outlook is primarily driven by the ongoing labor market recovery, though policy changes related to welfare and unemployment insurance could introduce minor fluctuations."
1995-11-30,"The overall unemployment rate is projected to maintain its gradual downward trend over the next 18 months, reflecting continued improvements in the labor market. While annual seasonal increases are expected around January, the general trajectory will be towards lower levels, though regional and demographic disparities in unemployment may persist."
1995-12-31,"The SocialGood:OT series is expected to maintain relative stability over the next 18 months, characterized by a recurring seasonal increase at the beginning of each year followed by a gradual decline or stabilization. This pattern is primarily influenced by consistent US labor market conditions and economic growth, with regional disparities posing a minor risk of volatility."
1996-01-31,"The unemployment rate is expected to decline from its recent January peak, then stabilize at a generally low level, driven by a strong and stable labor market. This pattern will likely see a recurring seasonal increase in January 1997, followed by a return to stability."
1996-02-29,"The unemployment rate is projected to generally decline from its current level through 1996, consistent with a robust economy sustaining low unemployment. A significant upward spike is anticipated in January 1997, after which the rate is expected to resume a gradual decrease or stabilize at relatively low levels, with moderate monthly fluctuations."
1996-03-31,"The SocialGood:OT series is expected to continue its strong annual seasonality, characterized by sharp increases in January followed by a gradual decline throughout the year. Overall values will likely remain within the established historical range, reflecting the stable labor market conditions and strong economy noted in the context."
1996-04-30,"The US unemployment rate is projected to remain relatively stable at historically low levels over the next 18 months, driven by a strong economy and continued job growth. This stability will likely be punctuated by recurring annual increases in January, followed by gradual declines throughout the remainder of each year."
1996-05-31,"SocialGood:OT is projected to maintain its distinct annual seasonality, characterized by early-year peaks followed by a general decline, reflecting its inverse relationship with US unemployment rates. With the labor market expected to remain stable or slightly improve, the overall trend for SocialGood:OT will likely continue its gradual downward trajectory, though localized unemployment pressures could introduce volatility."
1996-06-30,"The SocialGood:OT series is expected to maintain its distinct annual pattern, with rates declining through the latter half of each year before a notable spike in January. Driven by sustained economic growth and job creation, the overall trend suggests continued stability within a relatively low range, though demographic disparities remain a persistent risk."
1996-07-31,"The SocialGood:OT series is expected to maintain its annual January increases followed by a gradual decline, with the overall trend stabilizing at historically low levels. This stability, coupled with moderate seasonal volatility, will be driven by a robust labor market and sustained economic growth."
1996-08-31,"The SocialGood:OT series is expected to continue its overall downward trend, stabilizing at historically low levels, driven by sustained strength in the US labor market. This trajectory will likely include a recurring seasonal increase each January, followed by subsequent declines throughout the year."
1996-09-30,"The unemployment rate is projected to remain at historically low levels, characterized by continued annual early-year increases followed by declines, as the strong labor market growth moderates. Despite this stability, underlying concerns about demographic and regional unemployment disparities persist."
1996-10-31,"The US unemployment rate is expected to maintain its historically low levels, with a continued gradual decline or stabilization over the next 18 months, driven by a strong labor market and economic growth. This trend will be punctuated by a predictable seasonal increase each January, followed by a return to the prevailing low rates."
1996-11-30,"The SocialGood:OT metric is forecast to remain stable at historically low levels, generally fluctuating around 5%, driven by a robust economy. Expect a notable seasonal increase in January, followed by a return to stability, with persistent demographic and regional disparities representing an ongoing challenge."
1996-12-31,"The values are projected to remain largely stable at their historically low levels over the next 18 months. While strong economic fundamentals and continued job creation will underpin this stability, persistent demographic and regional disparities present a risk of minor upward fluctuations rather than further significant declines."
1997-01-31,"The unemployment rate is projected to maintain its historically low trajectory, reflecting a strong labor market and ongoing job creation. While minor monthly variations and a seasonal January increase are expected, the overall trend indicates continued stability or a gradual further decline over the next 18 months."
1997-02-28,"The unemployment rate is projected to continue its overall downward trajectory, settling at historically low levels over the next 18 months, driven by sustained economic growth and robust job creation. Expect recurring annual volatility, characterized by a notable increase around January followed by a gradual decline through the remainder of the year."
1997-03-31,"The SocialGood:OT series is expected to continue its gradual decline, driven by the sustained strength of the labor market and historically low unemployment rates. This overall trend will likely feature recurring, albeit potentially diminishing, seasonal increases around the start of each year."
1997-04-30,"The unemployment rate is projected to generally continue its recent downward trend or stabilize at historically low levels over the next 18 months, primarily driven by the robust US economy. While minor monthly fluctuations, including potential seasonal upticks around January, are expected, a significant reversal in this positive trend is not anticipated."
1997-05-31,"The US unemployment rate is expected to maintain its strong downward trend, driven by continued labor market growth, likely pushing values to new historical lows over the next 18 months. This overall decline will feature recurring seasonal upticks, particularly in the early part of each year, before the downward trajectory resumes."
1997-06-30,"The SocialGood:OT series will continue its strong annual seasonality, characterized by a January peak followed by a general decline. After a recent uptick and expressed concerns, the unemployment rate is expected to stabilize, leveling off from its recent lows, with its trajectory primarily influenced by the evolving health of the US labor market."
1997-07-31,"The unemployment rate is projected to maintain its gradual downward trajectory over the next 18 months, driven by a strong labor market and sustained economic growth. This trend will feature consistent seasonal volatility, with notable increases each January followed by subsequent declines, while underlying demographic and regional disparities in unemployment persist."
1997-08-31,"The unemployment rate is projected to maintain its gradual decline, stabilizing at historically low levels over the next 18 months, primarily driven by a robust economy and strong labor market. Expect continued seasonal fluctuations, with slight increases around January, and persistent disparities across demographic groups and regions."
1997-09-30,"The unemployment rate is expected to continue its downward trajectory or stabilize at historically low levels over the next 18 months, primarily driven by a robust US economy and sustained job creation. While the overall trend is positive, underlying regional and demographic disparities in unemployment rates will likely persist."
1997-10-31,"The unemployment rate is projected to continue its overall downward trajectory, driven by sustained economic growth and robust labor market conditions. This decline will be accompanied by significant seasonal fluctuations, typically rising early in the year before falling towards year-end, and exhibiting increased intra-year volatility."
1997-11-30,"The unemployment rate is projected to maintain its downward trajectory over the next 18 months, driven by continued economic growth and a strong labor market, establishing new historical lows. While seasonal fluctuations, particularly a notable January increase, are expected, the overall trend indicates sustained low unemployment."
1997-12-31,"The unemployment rate is expected to remain low, potentially continuing its slight downward trajectory, driven by the strong US labor market and economic growth observed historically. However, the developing Asian financial crisis presents a notable risk, which could introduce upward pressure or increased volatility in the medium term."
1998-01-31,"The SocialGood:OT series has exhibited a consistent downward trend over the past three years, typically experiencing a rise in January followed by a decline. However, the emerging Asian financial crisis introduces a significant external risk, likely leading to increased volatility and a potential stabilization or upward reversal of this long-term downward trend over the next 18 months."
1998-02-28,"The SocialGood:OT series is expected to maintain its recent low levels, driven by ongoing economic expansion and a strong labor market. However, the emerging Asian financial crisis poses a significant risk for increased volatility or a potential stabilization of the downward trend."
1998-03-31,"The US unemployment rate is expected to maintain its generally low levels, continuing the recent downward trend driven by a robust domestic economy and strong labor market. However, the persistent risk from the Asian financial crisis could introduce increased volatility or upward pressure if it significantly impacts US economic growth and exports."
1998-04-30,"The unemployment rate is expected to remain at historically low levels, continuing its downward trend driven by the strong US economy, with minor seasonal fluctuations. The primary risk to this trend is the potential impact of the ongoing Asian financial crisis on the US economy."
1998-05-31,"The unemployment rate is expected to remain at historically low levels, with a strong underlying economic trend supporting stability or a continued slight decline. However, the lingering effects of the Asian financial crisis and record US trade deficits pose risks that could introduce upward pressure on the rate."
1998-06-30,"The SocialGood:OT values are expected to trend upwards over the next 18 months, reversing the previous multi-year decline, driven by ongoing global economic instability and domestic pressures such as rising unemployment claims. Increased volatility, including recurring January spikes, is also anticipated."
1998-07-31,"The US unemployment rate is projected to stabilize around its current low levels, with a potential for slight upward pressure and increased volatility over the next 18 months. This moderation of the previous strong downward trend is influenced by the ongoing Asian financial crisis and recent increases in unemployment claims, alongside expected seasonal upticks in January."
1998-08-31,"The SocialGood:OT values are expected to stabilize at historically low levels over the next 18 months, following a period of significant decline, driven by a robust domestic economy. However, emerging global economic instability, notably the Asian financial crisis, and increasing trade deficits pose risks that could introduce upward volatility and temper further downward movement."
1998-09-30,"SocialGood:OT is anticipated to remain at historically low levels in the immediate future, supported by a strong domestic labor market. However, growing global economic instability, particularly from the Asian financial crisis and increasing trade deficits, poses a significant risk for rising volatility and a gradual upward trend in the rate over the next 18 months."
1998-10-31,"The unemployment rate is expected to remain at historically low levels, continuing its general downward trend or stabilizing, driven by the robust US economy. While minor seasonal fluctuations are probable, significant upward shifts are not anticipated, despite global economic uncertainties and trade deficits posing potential headwinds."
1998-11-30,"The SocialGood:OT values are expected to remain low, potentially continuing their gradual downward trend, driven by the strong domestic labor market and ongoing economic expansion. However, persistent global economic instability and rising trade deficits introduce a risk of increased volatility or a modest upward correction in the medium term."
1998-12-31,"The SocialGood:OT unemployment rate is forecast to remain at historically low levels, likely stabilizing or experiencing a slight continued decline over the next 18 months, driven by the strong domestic economy. While global economic instability and trade imbalances present potential risks, they are not expected to significantly disrupt this low unemployment trend."
1999-01-31,"The SocialGood:OT series is projected to continue its general downward trend, exhibiting moderate volatility and consistent annual increases each January. While a strong economy drives this decline, recent Federal Reserve interest rate hikes and persistent global economic uncertainties, particularly from the Asian financial crisis, introduce significant risks that could slow or reverse the downward trajectory."
1999-02-28,"The unemployment rate is expected to stabilize at its historically low levels, with continued monthly fluctuations, including seasonal increases early in the year. Further significant declines are unlikely as the impact of recent Federal Reserve interest rate hikes and global economic uncertainties begin to temper the strong labor market."
1999-03-31,"The unemployment rate for SocialGood:OT is expected to continue its general downward trend or stabilize at historically low levels, driven by a robust domestic labor market and sustained economic growth. While global economic uncertainties and persistent demographic disparities pose potential risks, the overall outlook remains positive."
1999-04-30,"The SocialGood:OT indicator is expected to remain at historically low levels, continuing its gradual downward trend or stabilizing, driven by the strong US economy and robust labor market. While seasonal upticks are anticipated early each year, the primary risk to this outlook is the potential impact of recent Federal Reserve interest rate hikes on economic growth."
1999-05-31,"The ""SocialGood:OT"" is forecast to remain stable at its current historically low levels, reflecting the robust US economy and very low unemployment, with moderate seasonal fluctuations. A slight upward pressure could emerge towards the end of the forecast horizon as the effects of Federal Reserve interest rate adjustments become more apparent."
1999-06-30,"The US unemployment rate is projected to remain at historically low levels, continuing its stable trend with minor monthly fluctuations, primarily driven by the sustained strength of the US economy. A significant domestic economic slowdown would pose the primary risk to this low unemployment environment."
1999-07-31,"The US unemployment rate is expected to remain at historically low levels, continuing its gradual downward trend, driven by a robust labor market and sustained economic growth. While minor seasonal fluctuations are anticipated, a key risk involves the potential impact of recent interest rate hikes on future economic expansion."
1999-08-31,"The unemployment rate is projected to remain exceptionally low, sustained by a robust US economy and strong labor market. Expect continued stability with minor monthly fluctuations, though rising interest rates and declining personal savings rates present potential future risks."
1999-09-30,"The US unemployment rate has been on a consistent downward trend, reaching multi-decade lows around 4% by late 1999, driven by a robust economy and strong job growth. For the next 18 months, the rate is expected to remain stable at these historically low levels, with minor fluctuations, as the strong labor market persists."
1999-10-31,"The SocialGood:OT is anticipated to remain at its current historically low levels, continuing its general downward trend or stabilizing, supported by the strong US economy and robust labor market. Minor monthly fluctuations are expected, with any significant directional shift likely driven by broader economic changes or Federal Reserve actions."
1999-11-30,"The ""SocialGood:OT"" value is expected to remain at historically low levels, likely continuing its gradual downward trend, driven by the sustained strength of the labor market and economic growth. Moderate seasonal fluctuations, characterized by slight increases in early and mid-year months followed by declines, will persist, with overall volatility remaining contained."
1999-12-31,"The unemployment rate has consistently declined to multi-decade lows, driven by a robust economy and strong labor market. This strong performance is expected to continue, with the rate likely to stabilize at these historically low levels or experience slight further declines, maintaining minimal volatility."
2000-01-31,"The SocialGood:OT series is expected to maintain its historically low levels over the next 18 months, driven by continued robust economic growth and a strong labor market. While seasonal fluctuations, particularly early-year increases, are likely to persist, the overall trend suggests stability or a slight further decline."
2000-02-29,"The SocialGood:OT values, reflecting the US unemployment rate, have been on a sustained downward trend to multi-decade lows, driven by a robust economy and strong labor demand. This rate is expected to remain very low and stable over the next 18 months, though an emerging exogenous global shock presents a significant risk for increased volatility."
2000-03-31,"The unemployment rate is anticipated to remain at historically low levels, driven by the strong US economy and robust labor market, with minor seasonal fluctuations. However, potential global economic shocks and rising inflationary pressures pose risks that could introduce volatility or alter this favorable trend."
2000-04-30,"The US unemployment rate is expected to largely maintain its historically low levels, continuing the downward trend observed, driven by the strong economic expansion and robust labor market. A seasonal increase is anticipated at the start of each year, followed by a decline, though persistent global economic instability and regional disparities present potential risks to this otherwise favorable outlook."
2000-05-31,"The unemployment rate is projected to remain exceptionally low, underpinned by the sustained strength of the US economy and robust labor market conditions. The series will continue to exhibit its characteristic annual volatility, with a temporary increase around the beginning of each year followed by a decline."
2000-06-30,"The SocialGood:OT values are expected to continue at historically low levels over the next 18 months, primarily driven by the sustained strength and low unemployment in the US labor market. While minor fluctuations are anticipated, a notable upward trend or increased volatility is unlikely without a significant deterioration in US employment conditions."
2000-07-31,"The unemployment rate is forecast to remain historically low and stable, driven by sustained economic expansion and robust labor demand, with minor seasonal fluctuations expected. A notable risk for an upward shift stems from potential global economic instability, despite the strong domestic outlook."
2000-08-31,"The SocialGood:OT series, representing the US unemployment rate, is expected to remain stable at historically low levels over the next 18 months, driven by the strong US economy, robust labor demand, and continued job growth. Minimal volatility is anticipated, with values fluctuating within the current narrow, low range, despite noted risks of regional disparities and manufacturing decline."
2000-09-30,"The unemployment rate is expected to remain at historically low levels, driven by the robust US labor market, though it will likely stabilize or experience a gradual upward drift from its current lows. Moderate monthly fluctuations, including seasonal upticks, are anticipated, with global economic conditions presenting a notable risk."
2000-10-31,"The unemployment rate is projected to remain at historically low levels, continuing its general downward trend, though with expected monthly fluctuations including a recurring annual increase in January. This outlook is driven by a robust US economy, but global economic uncertainties and persistent demographic disparities remain potential risks."
2000-11-30,"The unemployment rate is projected to remain stable at historically low levels in the near term, reflecting continued labor market strength with moderate volatility. However, a gradual upward trend is expected to emerge over the 18-month horizon, driven by anticipated shifts in economic conditions and expert forecasts."
2000-12-31,"The unemployment rate is expected to maintain its historically low and stable trend in the immediate future, driven by a robust domestic economy. However, an upward shift is anticipated over the forecast horizon, influenced by expert predictions of a future rise and potential global economic changes."
2001-01-31,"The SocialGood:OT metric is expected to trend upwards over the next 18 months, departing from its recent historically low and stable levels. This period will likely be characterized by increased volatility and fluctuations, driven by a shift in underlying economic conditions."
2001-02-28,"The SocialGood:OT values are expected to generally trend upwards over the next 18 months, driven by an anticipated slowdown in the labor market. This upward movement will likely be accompanied by moderate monthly volatility, with potential for sharper increases if broader economic conditions deteriorate."
2001-03-31,"SocialGood:OT is expected to rise over the next 18 months, driven by the anticipated increase in national unemployment rates and worsening labor market conditions, particularly for vulnerable demographic groups. The metric will likely exhibit continued volatility, with significant fluctuations possible."
2001-04-30,"The series is currently in a period of significant increase, driven by a slowing labor market and rising national unemployment. This upward trend is anticipated to persist over the next 18 months, with continued job losses contributing to elevated values and potentially increased volatility."
2001-05-31,"The SocialGood:OT metric will likely continue its seasonal pattern of declining towards year-end before a sharp January increase, but this trend is expected to face significant upward pressure and increased volatility due to the broader economic slowdown and rising national unemployment rates, which are poised to drive an overall upward shift."
2001-06-30,"The unemployment rate is projected to continue its upward trajectory over the next 18 months, driven by the ongoing economic slowdown and persistent job losses, particularly in manufacturing. This period will likely be marked by increased volatility as the labor market adjusts to the recessionary environment."
2001-07-31,"The unemployment rate is projected to continue its upward trajectory over the next 18 months, driven by the ongoing economic slowdown and persistent job losses across various sectors. Expect increased volatility as the labor market adjusts to recessionary pressures."
2001-08-31,"The SocialGood:OT series is expected to continue its recent upward trajectory over the next 18 months, driven by the deteriorating US labor market and the onset of a potential recession. This period will likely see significant volatility as economic conditions worsen."
2001-09-30,"SocialGood:OT is anticipated to remain elevated and likely increase further over the next 18 months, driven by the economic decline and rising unemployment exacerbated by the September 11 attacks. This period may also see increased volatility."
2001-10-31,"The unemployment rate is projected to continue its significant upward trend over the next 18 months, driven by persistent economic weakness, declining industrial production, and the sustained impact of the September 11 attacks. The labor market will experience elevated volatility as it navigates ongoing recessionary conditions."
2001-11-30,"The ""SocialGood:OT"" values are projected to continue their upward trajectory over the next 18 months, primarily driven by the persistent economic weakness and the enduring impact of the September 11 attacks. This period will likely feature elevated values and increased volatility."
2001-12-31,"The unemployment rate is projected to continue its upward trajectory, driven by the ongoing economic downturn and the lasting impact of the September 11 attacks, with potential for increased volatility in the labor market."
2002-01-31,"The 'SocialGood:OT' metric is projected to continue its upward trajectory over the next 18 months, reflecting ongoing economic weakness and elevated unemployment stemming from the September 11 attacks. This period will likely see sustained higher volatility compared to previous years."
2002-02-28,"The unemployment rate is expected to remain elevated and potentially continue its upward trajectory over the next 18 months, driven by the lingering economic impact of the September 11 attacks and broader economic weakness. Significant volatility is anticipated as the labor market navigates this period of adjustment, with a clear recovery not immediately apparent."
2002-03-31,"The SocialGood:OT metric is expected to stabilize at its current elevated levels following a period of significant increase, driven by the recent economic slowdown and the lasting impact of the 9/11 attacks. As the labor market gradually recovers over the next 18 months, this metric is anticipated to experience a slow and steady decline."
2002-04-30,"The ""SocialGood:OT"" value is currently in a moderate decline, a trend expected to persist in the near term as the system adapts to the challenging economic environment that peaked after the September 11 attacks. While the labor market continues to face difficulties, a sustained improvement in employment figures will be crucial for a more significant and stable reduction in this indicator over the forecast horizon."
2002-05-31,"The SocialGood:OT series, representing unemployment, is expected to gradually decline from its recent elevated levels over the next 18 months as the labor market slowly recovers from the post-9/11 economic shock. However, continued volatility and potential seasonal increases are anticipated during this period of stabilization."
2002-06-30,"SocialGood:OT values are expected to continue their strong upward trajectory over the next 18 months, driven by persistent high unemployment and the lingering effects of the economic downturn. The series will likely exhibit increasing volatility, characterized by significant monthly fluctuations and pronounced annual increases."
2002-07-31,"The unemployment rate is expected to remain elevated and relatively stable over the next 18 months, following a significant increase driven by the 2001 recession and the aftermath of the 9/11 attacks. While a sharp further increase is unlikely, a robust decline is not immediately apparent, with persistent long-term unemployment posing a notable risk."
2002-08-31,"SocialGood:OT (US unemployment rate) is expected to remain elevated and exhibit moderate volatility in the coming months, with a gradual recovery anticipated as the labor market continues to adjust from the impacts of 9/11 and broader economic weakness."
2002-09-30,"The unemployment rate is expected to remain elevated and exhibit moderate volatility over the next 18 months, driven by persistent slow economic growth and the lingering effects of the 9/11 attacks. A significant decline to the historically low levels seen prior to 2001 is not anticipated."
2002-10-31,"The SocialGood:OT values are expected to stabilize at their current elevated levels over the next 18 months, with a potential for a very gradual downward drift. Moderate volatility is anticipated as the US economy continues to experience slow growth and navigate the lingering effects of the September 11 attacks, which remain the primary drivers."
2002-11-30,"The SocialGood:OT metric is expected to remain at elevated levels over the next 18 months, showing continued volatility. This persistence is primarily driven by slow economic growth, ongoing manufacturing job losses, and the lingering effects of the 9/11 attacks, which are projected to keep overall employment growth subdued."
2002-12-31,"The ""SocialGood:OT"" values are expected to persist at elevated levels over the next 18 months, driven by the sustained high unemployment rates and slow economic recovery. While moderate fluctuations are anticipated, a significant downward trend to pre-2001 levels is unlikely given the current economic climate."
2003-01-31,"The SocialGood:OT series, reflecting US unemployment, is projected to maintain its upward trajectory over the next 18 months, driven by persistent economic weakness and a slow labor market recovery. We expect continued elevated values with characteristic month-to-month volatility and recurring seasonal increases in January."
2003-02-28,"The SocialGood:OT metric is projected to remain at elevated levels, likely continuing its upward trend over the next 18 months, driven by ongoing economic challenges and a sluggish labor market recovery. Expect moderate volatility around this increasing trajectory."
2003-03-31,"The unemployment rate is expected to remain elevated and is likely to rise further in the near term, driven by ongoing labor market weakness and a slow economic recovery. Volatility will persist, especially with observed year-start increases."
2003-04-30,"The SocialGood:OT metric, having shown a significant upward trend over the past three years driven by economic weakness and rising unemployment, is expected to remain elevated for the next 18 months. Despite a recent slight dip, continued volatility and potential upward pressure are anticipated due to ongoing labor market struggles and slow economic recovery."
2003-05-31,"The SocialGood:OT is forecast to continue its upward trajectory or remain at elevated levels over the next 18 months, driven by persistent economic weakness and a slow labor market recovery. Monthly fluctuations are expected within this high range, with a notable risk of further increases at the beginning of each year."
2003-06-30,"The unemployment rate is projected to continue its upward trajectory over the next 18 months, driven by persistent labor market weakness and ongoing job losses, with notable seasonal increases expected at the start of each year. Volatility is anticipated to remain elevated as the economy navigates sluggish growth."
2003-07-31,"The ""SocialGood:OT"" values are projected to continue their multi-year upward trajectory, driven by persistent weakness and sluggish recovery in the US labor market. This trend will be characterized by significant annual spikes in January and increasing intra-year volatility over the next 18 months."
2003-08-31,"The rate for SocialGood:OT is projected to remain elevated, with continued fluctuations and a potential for further increases over the next 18 months. This trend is driven by persistent economic weakness and ongoing job losses, indicating no significant relief from high levels."
2003-09-30,"The SocialGood:OT metric is forecast to remain elevated over the next 18 months, exhibiting moderate volatility with an underlying trend of stabilization at high levels or slight upward pressure, primarily driven by ongoing labor market weakness and sluggish economic growth."
2003-10-31,"The unemployment rate has recently declined from its peak, suggesting a potential stabilization or gradual improvement over the next 18 months as economic recovery progresses. However, expect some volatility, particularly with historical patterns indicating notable upward shifts at the beginning of each year."
2003-11-30,"The SocialGood:OT series is expected to continue its recurring annual pattern of an early-year increase, followed by a gradual decline or stabilization over the next 18 months. The overall trend suggests values will stabilize or slightly decrease from current levels, primarily influenced by the ongoing slow recovery of the US economy and persistent challenges in the labor market."
2003-12-31,"The unemployment rate is expected to experience an initial seasonal increase in early 2004, followed by a period of stabilization or gradual decline over the next 18 months as the labor market recovers. Monthly fluctuations are anticipated to continue."
2004-01-31,"The unemployment rate is projected to generally decline over the next 18 months, reflecting an improving labor market with increasing employment and payrolls. However, the series will likely continue to exhibit its characteristic seasonal volatility, including recurring January spikes."
2004-02-29,"The SocialGood:OT series is expected to generally stabilize or slightly decline over the next 18 months, driven by an ongoing labor market recovery and positive employment trends. However, the series will likely continue to exhibit moderate monthly volatility and a recurring seasonal peak at the beginning of each year."
2004-03-31,"The SocialGood:OT is forecast to gradually decline or stabilize over the next 18 months, driven by the ongoing labor market recovery and increasing employment, with minor fluctuations expected."
2004-04-30,"The SocialGood:OT series, representing US unemployment, will likely continue its strong seasonal fluctuations over the next 18 months, with peaks in early and mid-year and declines towards year-end. Despite some recent moderation, the persistent economic recession and labor market concerns indicate overall elevated levels and continued volatility."
2004-05-31,"The SocialGood:OT is expected to continue its recent declining trend, stabilizing at lower levels over the next 18 months, driven by ongoing economic recovery. Moderate month-to-month volatility will persist, with a likely recurrence of annual seasonal patterns showing slight increases in winter and decreases in summer."
2004-06-30,"The unemployment rate is expected to continue its general declining trend over the next 18 months, driven by a strengthening labor market and economic recovery. However, moderate annual fluctuations, with rates typically rising in the first half of the year and falling in the second half, will persist."
2004-07-31,"The SocialGood:OT series is expected to maintain its strong annual seasonality, with significant upward spikes occurring each January, followed by a general decline or stabilization. Moderate monthly volatility will persist, primarily influenced by evolving labor market conditions and broader economic trends, keeping values within the established historical range."
2004-08-31,"The SocialGood:OT series is expected to continue its recent downward trend, stabilizing at lower levels over the next 18 months, primarily driven by ongoing improvements in the labor market and economic recovery, barring unforeseen economic setbacks. Despite this general decline, the series will maintain its pronounced annual seasonality with periodic upticks and moderate month-to-month fluctuations."
2004-09-30,"The SocialGood:OT metric is expected to maintain its pronounced annual seasonality, with values rising sharply early in the year and then gradually declining. The overall trend points towards continued stabilization or a slight decrease in values, reflecting an improving labor market, while significant annual volatility will persist."
2004-10-31,"The unemployment rate is anticipated to largely stabilize around its recent lower levels, though it will continue to exhibit its characteristic annual seasonal fluctuations, including a notable rise early in the year. The trajectory will primarily be driven by the overall economic health and job creation, leading to moderate volatility throughout the forecast period."
2004-11-30,"The SocialGood:OT series is projected to continue its gradual downward trend over the next 18 months, maintaining its strong annual seasonality with distinct peaks typically occurring in January. Moderate volatility will persist, primarily influenced by the evolving US labor market and broader economic conditions, with initial short-term fluctuations considering the lingering effects of recent hurricanes."
2004-12-31,"The SocialGood:OT series is anticipated to exhibit a seasonal increase in early 2005, rising from its current low point. Following this, the series is projected to remain relatively stable or experience a gradual, slight decline over the next 18 months, with moderate month-to-month volatility driven by evolving US labor market conditions."
2005-01-31,"The SocialGood:OT series is expected to continue its established annual pattern, showing a general decline from its current January peak through late 2005, followed by a significant rise in early 2006 and subsequent decline. This overall downward trajectory is anticipated to persist, reflecting ongoing improvements in the broader labor market, while maintaining moderate volatility, particularly around the turn of each year."
2005-02-28,"The series has recently reversed its prior downward trend with a notable increase, indicating it will likely stabilize at these higher levels or experience further moderate upward movement over the next 18 months, with continued volatility. This trajectory will be primarily influenced by the pace of labor market recovery and overall economic growth."
2005-03-31,"The unemployment rate is projected to continue its gradual decline over the next 18 months, reflecting a strengthening labor market and sustained job creation. While minor monthly fluctuations are inherent, a significant reversal to higher rates is not anticipated."
2005-04-30,"The SocialGood:OT metric is expected to continue its recent decline or stabilize at historically low levels over the next 18 months, primarily driven by the sustained improvement in labor market conditions. While moderate fluctuations are characteristic of this series, the overall trend points towards favorable outcomes."
2005-05-31,"The unemployment rate is expected to largely stabilize around its current low levels over the next 18 months, continuing the trend of decline seen since 2003. While minor fluctuations are probable, the ongoing ""jobless recovery"" suggests that significant further reductions will likely depend on a strengthening of overall economic growth."
2005-06-30,"The unemployment rate is projected to generally stabilize around its current lower levels over the next 18 months, with a potential for minor fluctuations. Continued employment growth is a key driver, although the pace of decline is expected to moderate."
2005-07-31,"The ""SocialGood:OT"" values are expected to continue their overall downward trend, stabilizing at historically lower levels over the forecast horizon, while maintaining moderate month-to-month volatility. This will be characterized by a persistent annual seasonal pattern of increases around the beginning of each year, driven by ongoing US labor market dynamics."
2005-08-31,"The SocialGood:OT metric, which closely tracks the US unemployment rate, is expected to see a temporary upward shift and increased volatility in the immediate future due to the severe economic disruption caused by Hurricane Katrina. Following this initial impact, the metric will likely stabilize or resume its prior gradual downward trend over the next 18 months, assuming broader economic recovery."
2005-09-30,"The SocialGood:OT value is expected to generally stabilize at its current low levels over the next 18 months. However, the labor market is anticipated to experience fluctuations, with potential upward pressure, due to the lingering effects of Hurricane Katrina."
2005-10-31,"The US unemployment rate is projected to continue its recent downward trajectory or stabilize at historically low levels over the next 18 months, driven by sustained labor market recovery. Moderate volatility is expected, with regional economic factors potentially influencing localized rates."
2005-11-30,"The SocialGood:OT metric is projected to remain stable at its current low levels, with a potential for continued gradual decline over the next 18 months. While minor fluctuations may occur due to ongoing labor market dynamics and the integration of displaced populations, the prevailing trend indicates sustained improvement."
2005-12-31,"The US unemployment rate, having steadily declined to 4.6% by late 2005, is expected to stabilize around 4.9% over the next 18 months with low volatility. This stability is primarily driven by a generally healthy labor market, though regional impacts from past events like Hurricane Katrina may cause minor fluctuations."
2006-01-31,"The SocialGood:OT time series, likely reflecting the US unemployment rate, has exhibited a consistent downward trend over the past three years, characterized by moderate monthly fluctuations and a recurring seasonal increase in January. Following the recent January uptick, the series is expected to resume its general decline or stabilize, driven by a strong labor market, with ongoing regional and demographic disparities contributing to some volatility."
2006-02-28,"Following a prolonged decline and recent stabilization around 5.1, the unemployment rate for SocialGood:OT is expected to remain relatively stable or experience a slight further decrease over the next 18 months. This trend is supported by a strong labor market, with no significant increase in volatility anticipated."
2006-03-31,"The unemployment rate is expected to continue its general decline or stabilize at a low level over the next 18 months, supported by a strong labor market and ongoing economic recovery. Minor monthly fluctuations will persist, but the overall trend indicates sustained low unemployment."
2006-04-30,"The US unemployment rate will likely maintain its current low levels over the next 18 months, supported by a strong labor market, though minor monthly fluctuations are anticipated. The overall trajectory suggests continued stability or a slight further decline."
2006-05-31,"The SocialGood:OT series will continue its overall downward trend over the next 18 months, driven by a generally strengthening labor market. Annual January increases are expected to persist, but their magnitude will likely diminish, contributing to reduced volatility."
2006-06-30,"The unemployment rate is anticipated to largely stabilize at its current low levels over the next 18 months, following a multi-year decline, with moderate monthly fluctuations. While a strong labor market provides a floor, the slowing housing market presents a notable risk for potential upward pressure."
2006-07-31,"The SocialGood:OT metric is expected to remain relatively stable over the next 18 months, exhibiting moderate volatility around its current level. While the labor market has shown strength, the slowing housing market poses a risk of a modest increase in the rate."
2006-08-31,"The ""SocialGood:OT"" values are expected to stabilize at their current low levels over the next 18 months, with reduced volatility, primarily driven by the sustained low US unemployment rates. While the long-term downward trend is likely to flatten, persistent social concerns could prevent further significant declines or lead to minor upward fluctuations."
2006-09-30,"The SocialGood:OT series, reflecting US unemployment, is expected to maintain its current low levels over the next 18 months, driven by a sustained labor market recovery. While minor fluctuations around this low baseline are probable, significant directional changes are not anticipated, with potential economic shifts like a slowing housing market posing the primary risk."
2006-10-31,"The unemployment rate is expected to largely stabilize at its current low levels over the next 18 months, driven by a strong labor market and continued recovery. While minor fluctuations are probable, a slowing housing market and ongoing manufacturing decline could introduce slight upward pressure towards the end of the forecast period."
2006-11-30,"The unemployment rate is expected to remain low and relatively stable over the next 18 months, likely continuing its gradual decline, driven by sustained strong employment growth. While minor monthly fluctuations are probable, significant upward volatility is not anticipated unless underlying economic conditions, such as the slowing housing market or manufacturing decline, worsen considerably."
2006-12-31,"The unemployment rate is expected to stabilize at a low level over the next 18 months, following a multi-year declining trend driven by strong employment growth. While minor seasonal fluctuations will likely persist, overall volatility should remain moderate."
2007-01-31,"The SocialGood:OT metric is expected to continue its gradual downward trend over the next 18 months, punctuated by recurring early-year increases. Volatility will remain moderate, driven primarily by shifts in overall labor market conditions and persistent demographic disparities in employment."
2007-02-28,"SocialGood:OT is expected to continue its gradual downward trend, reflecting the sustained strength and stability of the labor market. Moderate volatility will persist, notably with an anticipated annual increase around the January-February period."
2007-03-31,"SocialGood:OT values are expected to remain in a lower range, exhibiting moderate fluctuations and a recurring seasonal increase in early years, consistent with the stable and low US unemployment rates. A significant upward shift in SocialGood:OT would likely only occur if the US labor market experiences a notable downturn."
2007-04-30,"The series is expected to remain relatively stable at low levels in the near term, continuing its consistent seasonal patterns of early-year upticks. However, given recent signs of weakening in key sectors like manufacturing and retail, an upward shift in the underlying unemployment trend, and thus the series, becomes increasingly probable towards the latter half of the forecast horizon."
2007-05-31,"The SocialGood:OT series is projected to remain in a low and stable range, continuing its gradual downward trajectory, primarily influenced by the prevailing robust labor market conditions. Moderate volatility is expected, marked by a recurring annual increase early in the year, with potential for fluctuations due to unforeseen economic shifts."
2007-06-30,"The SocialGood:OT series, reflecting the US unemployment rate, has stabilized at historically low levels after a multi-year decline. This low and stable trend is anticipated to continue for the next 18 months, supported by a strong labor market, with minor seasonal fluctuations."
2007-07-31,"The unemployment rate is expected to gradually increase over the next 18 months, departing from its prior downward trend, primarily driven by weakening residential investment and a notable rise in long-term job loss. This period will likely see moderate volatility as economic conditions shift."
2007-08-31,"The SocialGood:OT (US unemployment rate) is expected to trend upwards over the next 18 months, following a period of stability at multi-year lows, driven by weakening labor market fundamentals, including increased long-term unemployment and declines in key sectors like manufacturing and construction. This shift will likely introduce increased volatility compared to the recent stable period."
2007-09-30,"The unemployment rate is projected to gradually increase over the next 18 months, driven by a weakening labor market characterized by declining labor force participation and job losses in manufacturing and construction. This period will likely see increased volatility as underlying economic pressures, including rising long-term unemployment and part-time employment for economic reasons, become more evident."
2007-10-31,"The unemployment rate, after a period of relative stability, is projected to begin a sustained upward trend over the next 18 months. This increase will be driven by deteriorating economic conditions, marked by rising job losses in key sectors such as manufacturing and construction, and an increase in underemployment, leading to higher volatility."
2007-11-30,"The unemployment rate is projected to increase over the next 18 months, driven by the deepening housing market decline and slowdowns in construction and manufacturing, which are expected to lead to rising job losses and potentially higher volatility."
2007-12-31,"The SocialGood:OT metric is expected to increase significantly and consistently over the next 18 months, driven by the severe economic downturn and labor market slowdown associated with the 2007-2008 financial crisis. This period will likely be marked by elevated volatility as the metric rises towards its peak."
2008-01-31,"The unemployment rate is expected to continue its significant upward trend over the next 18 months, driven by the ongoing economic crash and financial crisis. The labor market will experience increased volatility as it responds to the severe economic downturn."
2008-02-29,"The SocialGood:OT metric, representing the unemployment rate, is projected to continue its recent upward trajectory over the next 18 months. This increase is primarily driven by the lingering effects of the economic and financial crisis, leading to sustained moderate to high volatility in the labor market."
2008-03-31,"The unemployment rate is projected to continue its significant upward trajectory over the next 18 months, driven by the ongoing economic crash and the 2007-2008 financial crisis. This period will likely be characterized by elevated and potentially more volatile unemployment levels."
2008-04-30,"The unemployment rate is anticipated to trend upwards over the next 18 months, driven by the severe economic downturn and the ongoing 2007-2008 financial crisis. This period will likely see increased volatility as the labor market responds to these pressures."
2008-05-31,"The unemployment rate will continue its significant upward trend, driven by the deepening economic crisis and labor market slowdown. Expect increased volatility and a sustained period of elevated unemployment."
2008-06-30,"The unemployment rate is projected to continue its significant upward trend and increased volatility over the next 18 months, driven by the ongoing economic crash and financial crisis. This period will likely see unemployment reach its peak as the labor market navigates the full impact of the crisis."
2008-07-31,"The unemployment rate is projected to continue its significant upward trajectory over the next 18 months, driven by the deepening economic crisis and sustained job losses. Expect increased volatility as the labor market navigates the severe downturn."
2008-08-31,"The unemployment rate will continue its steep ascent over the next 18 months, driven by the severe economic downturn and financial crisis, resulting in sustained job losses and a deteriorating labor market. This period will likely see heightened volatility and significantly higher unemployment levels."
2008-09-30,"SocialGood:OT is expected to continue its pronounced upward trend over the next 18 months, driven by the deepening economic recession and widespread job losses associated with the 2008 financial crisis. The series will likely exhibit elevated volatility as the labor market continues to deteriorate."
2008-10-31,"The unemployment rate will continue its sharp upward trajectory over the next 18 months, fueled by the ongoing economic crisis and the Great Recession. Expect sustained high volatility and significant increases in joblessness."
2008-11-30,"The unemployment rate is set for a continued sharp increase over the next 18 months, driven by the deepening economic recession and widespread job losses, leading to significantly higher and more volatile levels."
2008-12-31,"The unemployment rate is projected to continue its significant upward trajectory over the next 18 months, driven by the deepening Great Recession and financial crisis. The labor market will experience high volatility and further deterioration."
2009-01-31,"The series is expected to continue its significant upward trend over the next 18 months, driven by the deepening economic distress and rising unemployment associated with the Great Recession, with elevated volatility. Values will likely reach new historical highs before any stabilization or reversal."
2009-02-28,"The unemployment rate is expected to continue its steep ascent over the next 18 months, driven by the persistent effects of the Great Recession, with significant upward volatility as labor market conditions deteriorate further."
2009-03-31,"The unemployment rate is projected to continue its rapid ascent in the initial months, driven by the persistent Great Recession and severe labor market downturn, reaching historically high levels before gradually stabilizing at an elevated plateau over the remainder of the forecast period."
2009-04-30,"The ""SocialGood:OT"" metric will continue its sharp upward trend, driven by the severe impact of the Great Recession on the labor market, and is expected to peak at a significantly elevated level within the forecast horizon before slowly beginning to decline. This period will be characterized by sustained high volatility as the economy grapples with widespread job losses."
2009-05-31,"The unemployment rate will continue its substantial upward trajectory over the next 18 months, propelled by the enduring effects of the Great Recession and widespread job losses. Expect considerable volatility as the rate climbs towards and potentially surpasses double-digit levels."
2009-06-30,"The unemployment rate is projected to continue its sharp upward trend over the next 18 months, driven by the ongoing Great Recession and significant job losses. The rate will likely reach historic highs and remain elevated, with continued high volatility."
2009-07-31,"The unemployment rate is forecast to continue its sharp upward trajectory over the next 18 months, propelled by the ongoing economic recession and labor market deterioration, with values expected to exceed 10%. This period will be marked by sustained high volatility."
2009-08-31,"The unemployment rate is expected to continue its steep upward trend, driven by the persistent effects of the Great Recession and ongoing job market weakness. It will remain at highly elevated and volatile levels, likely peaking further above current figures before any significant recovery begins."
2009-09-30,"The unemployment rate, currently at multi-decade highs due to the Great Recession, will remain elevated for the next 18 months. After a recent slight stabilization, the rate is expected to gradually and slowly decline, with ongoing volatility driven by the lingering effects of the recession and the slow pace of economic recovery."
2009-10-31,"The unemployment rate is expected to remain elevated, potentially increasing slightly further before stabilizing at a high level and then beginning a very gradual decline over the next 18 months. This trajectory is primarily driven by the lingering effects of the Great Recession and the anticipated slow economic recovery."
2009-11-30,"The ""SocialGood:OT"" metric is anticipated to experience a slow, gradual decline from its current elevated levels over the next 18 months, driven by the post-recession economic recovery. However, values will remain high, reflecting persistent labor market weakness and the protracted nature of recovery from the Great Recession."
2009-12-31,"The unemployment rate is expected to remain at an elevated level over the next 18 months, with a very gradual downward trend as the economy slowly recovers from the Great Recession. Volatility is anticipated to be low, driven primarily by the pace of post-crisis economic stabilization."
2010-01-31,"The unemployment rate is projected to remain at elevated levels, likely stabilizing or experiencing only a very gradual decline over the next 18 months, as the economy navigates a slow and weak employment recovery following the Great Recession."
2010-02-28,"The unemployment rate, having peaked during the Great Recession, is expected to begin a very slow and gradual decline over the next 18 months, remaining at elevated levels due to the protracted recovery of the job market. The primary risk is a stalled recovery, which would keep the rate stubbornly high."
2010-03-31,"The unemployment rate, having peaked at historically high levels, is expected to experience a very slow and gradual decline over the next 18 months, remaining elevated due to the protracted recovery from the economic downturn. The labor market will likely exhibit limited volatility but continue to face challenges in robust job creation."
2010-04-30,"The unemployment rate is expected to experience a gradual and slow decline over the next 18 months, reflecting a protracted labor market recovery from the Great Recession. While volatility may subside, the rate will likely remain elevated compared to historical norms."
2010-05-31,"The unemployment rate is expected to experience a slow and gradual decline over the next 18 months, as the labor market embarks on an uneven recovery from its recent peak. Despite this general downward trend, persistent structural challenges and demographic disparities will likely contribute to continued elevated levels and some volatility."
2010-06-30,"The unemployment rate is expected to remain elevated, showing a very gradual and uneven decline over the next 18 months. The labor market will continue to experience volatility as it slowly recovers from the Great Recession, with underlying structural challenges impeding a swift return to lower levels."
2010-07-31,"The unemployment rate will likely remain elevated over the next 18 months, showing a slow and gradual recovery from the Great Recession. Expect continued high levels with minor fluctuations, as persistent structural labor market challenges hinder a rapid decline."
2010-08-31,"The unemployment rate is projected to remain elevated over the next 18 months, reflecting a slow and uneven recovery from the recent economic downturn. Expect continued high levels with some volatility, driven by persistent structural challenges in the labor market."
2010-09-30,"The unemployment rate is projected to experience a slow, gradual decline over the next 18 months, remaining at elevated levels due to the persistent aftermath of the Great Recession and ongoing structural labor market challenges. Expect continued moderate volatility around this high baseline as the recovery remains uneven."
2010-10-31,"The unemployment rate is expected to continue its gradual decline over the next 18 months, reflecting the ongoing slow economic recovery from the Great Recession. This downward trend will likely be uneven, with moderate volatility, as the labor market contends with persistent structural challenges."
2010-11-30,"The SocialGood:OT metric, representing unemployment, is expected to remain elevated and fluctuate significantly over the next 18 months, as the labor market experiences a slow and uneven recovery from the Great Recession. Persistent structural economic challenges will prevent a rapid decline in unemployment."
2010-12-31,"The ""SocialGood:OT"" value is expected to experience a gradual, slow decline over the next 18 months, mirroring the anticipated slow recovery and gradual decrease in the US unemployment rate. While the overall trend will be downward, minor fluctuations are possible due to the uneven nature of economic recovery."
2011-01-31,"The unemployment rate is projected to continue its gradual, albeit somewhat volatile, decline over the next 18 months, driven by the ongoing slow post-recession economic recovery. This downward trend will likely be constrained by persistent structural labor market challenges and uneven sectoral performance."
2011-02-28,"The SocialGood:OT metric is expected to gradually decline over the next 18 months, mirroring the ongoing slow recovery and reduction in the US unemployment rate. However, its trajectory may exhibit some moderate volatility, and a stalled economic recovery or persistent labor market disparities pose a risk to this downward trend."
2011-03-31,"The unemployment rate is expected to continue its recent gradual decline, reflecting a slow recovery from the prior recessionary peak. However, the global economic shock from the Japan disaster introduces a significant risk of renewed economic instability, which could impede this progress or lead to a period of stagnation over the forecast horizon."
2011-04-30,"The SocialGood:OT values are expected to generally trend downward over the next 18 months, reflecting a continued, albeit slow, post-recession recovery. However, this progress will likely be volatile and uneven, with potential for temporary reversals or plateaus influenced by persistent labor market challenges and broader global economic uncertainties."
2011-05-31,"The SocialGood:OT rate is expected to stabilize around its current elevated levels over the next 18 months, following a period of slow decline. Underlying structural labor market issues will likely prevent a rapid improvement, leading to continued moderate volatility."
2011-06-30,"The SocialGood:OT metric is anticipated to continue its gradual, uneven decline over the next 18 months, mirroring the slow recovery of the US labor market from the Great Recession. Significant month-to-month volatility will persist around this general downward trend, influenced by persistent structural employment challenges."
2011-07-31,"The SocialGood:OT values, reflecting US unemployment, are expected to remain elevated and experience continued slow, uneven recovery over the next 18 months. Persistent structural issues and potential global economic headwinds, such as the recent disaster in Japan, are likely to contribute to moderate volatility and prevent a significant downward trend."
2011-08-31,"The SocialGood:OT series, indicative of the US unemployment rate, is anticipated to remain largely stable at its current elevated levels over the next 18 months, driven by the persistent slow and uneven economic recovery from the Great Recession. Minor monthly fluctuations are expected, but a significant directional shift is unlikely without new substantial economic catalysts."
2011-09-30,"The unemployment rate is projected to continue its very gradual, slow decline from its currently elevated levels over the next 18 months, likely remaining within a high range. This trend reflects the ongoing, uneven recovery from the Great Recession and persistent structural labor market challenges, with moderate volatility expected."
2011-10-31,"The SocialGood:OT, representing the US unemployment rate, is expected to continue its slow, gradual decline over the next 18 months, maintaining moderate volatility. This trend is driven by the ongoing, sluggish recovery from the Great Recession, with persistent structural labor market challenges preventing a rapid improvement."
2011-11-30,"The unemployment rate is forecast to continue its slow, downward trend over the next 18 months, driven by the gradual economic recovery. Despite minor monthly volatility, the rate will remain elevated due to underlying structural labor market challenges."
2011-12-31,"The SocialGood:OT series is expected to continue its downward trend over the next 18 months, primarily driven by the improving US labor market and declining unemployment, with moderate volatility as it stabilizes at lower values."
2012-01-31,"The SocialGood:OT metric, after a period of general decline, has recently shown an upward shift, indicating a potential reversal or stabilization at elevated levels. This trend is driven by persistent underlying labor market weaknesses and an uneven recovery across various regions and demographics, suggesting continued moderate volatility."
2012-02-29,"The ""SocialGood:OT"" metric is expected to remain relatively stable over the next 18 months, fluctuating within a narrow range, as the labor market continues its slow recovery from the recession. This indicates a period of persistently elevated levels, with no significant directional shifts anticipated."
2012-03-31,"SocialGood:OT is projected to maintain its gradual downward trend over the next 18 months, primarily influenced by the continued slow recovery of the US labor market and a sustained reduction in the national unemployment rate. Expect moderate month-to-month volatility within this stable overall trajectory."
2012-04-30,"The ""SocialGood:OT"" metric is projected to continue its downward trend over the next 18 months, primarily driven by the ongoing improvements in the US labor market and declining unemployment rates. This trajectory is expected to persist as long as the economic recovery remains stable."
2012-05-31,"The SocialGood:OT series is projected to continue its slow, gradual decline over the next 18 months, driven by the ongoing but sluggish recovery of the labor market from the Great Recession. Expect some month-to-month volatility, but the overall trajectory will remain downward from its peak levels."
2012-06-30,"The unemployment rate is expected to stabilize around current levels or experience a very gradual, slow decline over the next 18 months, as the previous strong downward momentum has stalled and recently reversed. Significant monthly volatility is likely to persist, driven by the ongoing slow economic recovery and persistent structural labor market challenges."
2012-07-31,"The ""SocialGood:OT"" metric is expected to stabilize around its recent levels over the next 18 months, following a prolonged period of decline. This stabilization is primarily driven by the current plateauing of the US unemployment rate, which has historically been an inverse driver for this metric."
2012-08-31,"The US unemployment rate will continue its gradual downward trajectory over the next 18 months, reflecting the ongoing slow labor market recovery. While moderate monthly fluctuations are expected, the overall trend points towards continued improvement."
2012-09-30,"The SocialGood:OT unemployment rate is expected to continue its gradual, albeit fluctuating, decline over the next 18 months, driven by the ongoing slow labor market recovery. While the overall trend remains positive, persistent structural challenges and demographic disparities will likely temper the pace of improvement."
2012-10-31,"The ""SocialGood:OT"" series is expected to continue its gradual downward trend over the next 18 months, primarily driven by the ongoing slow recovery and improvement in the US labor market. While minor monthly fluctuations are anticipated, the overall trajectory will be towards lower values, reflecting a persistent easing of unemployment pressures."
2012-11-30,"The SocialGood:OT metric is projected to continue its gradual downward trend over the next 18 months, primarily influenced by the ongoing slow improvement in US labor market conditions and declining unemployment rates. While the overall decline is expected, its pace may moderate, with persistent underlying structural employment issues potentially causing some fluctuations."
2012-12-31,"The SocialGood:OT series is expected to continue its multi-year downward trend, driven by ongoing improvements in the US labor market and declining unemployment rates. While the rate of decrease may moderate and short-term volatility could arise from economic factors such as the fiscal cliff negotiations, the overall trajectory points towards a continued decrease over the next 18 months."
2013-01-31,"The SocialGood:OT values are expected to continue their overall downward trajectory over the next 18 months, primarily driven by the ongoing, albeit slow and uneven, improvement in the US labor market. However, this trend will likely be marked by continued volatility and potential periods of stagnation or slight increases, influenced by persistent structural labor market challenges and broader economic uncertainties."
2013-02-28,"The unemployment rate is expected to continue its gradual decline over the next 18 months, driven by the ongoing slow recovery of the labor market. Despite recent minor fluctuations, the overall trend points towards stabilization or further modest decreases, with no major upward shifts anticipated."
2013-03-31,"The SocialGood:OT metric is forecast to continue its gradual downward trend over the next 18 months, reflecting ongoing improvements in the labor market recovery. While monthly volatility is expected, the overall trajectory indicates improving conditions, with the rate of decline expected to temper as the metric approaches pre-recession levels."
2013-04-30,"The SocialGood:OT metric is projected to continue its gradual downward trend over the next 18 months, driven by ongoing improvements in the labor market. Expect moderate volatility around this declining path, reflecting the slow pace of economic recovery and persistent structural challenges."
2013-05-31,"The unemployment rate is projected to continue its gradual downward trend over the next 18 months, driven by the ongoing, slow labor market recovery from the Great Recession. Minor month-to-month fluctuations are expected, but a significant reversal of this trend is not anticipated."
2013-06-30,"The SocialGood:OT metric is expected to show a very slow, gradual decline over the next 18 months, following its recent stabilization and slight uptick. The protracted labor market recovery and persistent job creation challenges will drive continued month-to-month volatility around this slowly improving trend."
2013-07-31,"The SocialGood:OT series is forecast to continue its gradual downward trend over the next 18 months, driven by the ongoing slow economic recovery. However, expect persistent short-term volatility with occasional minor upward corrections around this declining trajectory."
2013-08-31,"The unemployment rate is expected to continue its gradual downward trend over the next 18 months, driven by the ongoing slow economic recovery. Although minor monthly fluctuations and occasional temporary increases are possible, the overall declining trajectory is projected to persist, with no immediate major risks apparent to disrupt this trend."
2013-09-30,"The SocialGood:OT metric is projected to maintain its gradual downward trend over the next 18 months, primarily driven by the anticipated continued decline in the US unemployment rate. Moderate monthly fluctuations are expected, but the overall trajectory will remain stable in its descent, with potential risks from unexpected economic shifts."
2013-10-31,"The series ""SocialGood:OT"" is expected to continue its gradual downward trajectory or stabilize at current low levels over the next 18 months, driven by the slow economic recovery. While minor monthly fluctuations are probable, underlying structural issues in the labor market, such as underemployment and missing workers, will remain significant concerns."
2013-11-30,"The unemployment rate is expected to continue its gradual downward trend over the next 18 months, driven by the ongoing, slow labor market recovery. While minor monthly fluctuations are probable, persistent structural issues and demographic disparities may temper the pace of this decline."
2013-12-31,"The unemployment rate is expected to continue its gradual decline over the next 18 months, reflecting an ongoing labor market recovery. While minor monthly fluctuations are possible, the overall trend will remain downward, with persistent demographic disparities and labor force participation rates being important underlying factors."
2014-01-31,"The SocialGood:OT values are expected to continue their gradual downward trend over the next 18 months, primarily driven by the ongoing decline in the US unemployment rate. Moderate monthly fluctuations are anticipated, with persistent underlying labor market challenges potentially tempering the overall rate of decline."
2014-02-28,"The unemployment rate is projected to continue its gradual downward trend over the next 18 months, driven by the ongoing slow recovery of the labor market. Expect moderate monthly volatility and potential temporary increases, particularly at the start of each year, influenced by persistent demographic disparities in employment."
2014-03-31,"The unemployment rate is expected to continue its gradual decline or stabilize at current lower levels over the next 18 months, driven by the ongoing slow recovery of the labor market. While minor fluctuations, potentially seasonal, may persist, a significant increase is not anticipated."
2014-04-30,"The ""SocialGood:OT"" metric is expected to continue its overall downward trend over the next 18 months, driven by the ongoing recovery and stabilization of the labor market. While minor monthly fluctuations may persist, the recent significant decline indicates sustained improvement."
2014-05-31,"The SocialGood:OT series will continue its multi-year downward trend over the next 18 months, driven by ongoing improvements in the labor market. While moderate volatility and slight year-end increases are expected, the overall trajectory points towards stabilization at lower values."
2014-06-30,"After a prolonged decline, the unemployment rate has recently shown a slight uptick, suggesting a period of stabilization or increased volatility. The rate is expected to fluctuate around current levels as the labor market continues its post-recession recovery."
2014-07-31,"The unemployment rate has steadily declined over the past three years, yet recent months show a slight upward drift, indicating a potential stabilization or temporary reversal of this long-term trend. Future movements will largely depend on the sustained pace of job creation and the resolution of persistent demographic disparities in employment."
2014-08-31,"The SocialGood:OT metric is projected to continue its overall downward trend over the next 18 months, driven by the ongoing labor market recovery, though minor seasonal increases, particularly in January, may temporarily interrupt this decline."
2014-09-30,"SocialGood:OT is projected to continue its gradual downward trend over the next 18 months, primarily driven by sustained improvements in the broader labor market. While minor monthly variations are expected, the overall decline will persist, with persistent demographic disparities in employment potentially tempering the rate of improvement."
2014-10-31,"The SocialGood:OT metric is projected to continue its gradual decline over the next 18 months, consistent with the ongoing recovery and improvement in the US labor market. While moderate monthly fluctuations and persistent demographic disparities in employment are expected, the overall downward trend will persist, likely at a decelerating rate as it approaches lower levels."
2014-11-30,"The US unemployment rate is expected to continue its significant downward trend over the next 18 months, propelled by sustained labor market recovery and ongoing job creation. Despite persistent demographic disparities, the rate is set to reach new lows."
2014-12-31,"The unemployment rate is projected to continue its consistent downward trend over the next 18 months, primarily driven by the ongoing labor market recovery and sustained job creation. While the rate of decline will likely moderate as it approaches historical averages, significant upward volatility is not anticipated."
2015-01-31,"The series is expected to continue its gradual downward trend over the next 18 months, primarily driven by the ongoing recovery in the US labor market and declining unemployment rates. While moderate month-to-month volatility and minor seasonal fluctuations are likely, the overall trajectory points towards lower values."
2015-02-28,"The unemployment rate is projected to continue its consistent downward trend over the next eighteen months, driven by the ongoing recovery of the labor market. Expect a gradual decline, though the pace may moderate as it approaches lower levels, with persistent demographic disparities remaining a key concern."
2015-03-31,"The unemployment rate is projected to maintain its consistent downward trend over the next 18 months, driven by continued labor market recovery. Minor monthly fluctuations are expected, but overall volatility will remain low as the rate approaches historical lows."
2015-04-30,"The unemployment rate is projected to continue its strong and steady downward trend over the next 18 months, driven by sustained job growth and a recovering labor market. Volatility is expected to remain low, with the rate steadily approaching lower levels."
2015-05-31,"The unemployment rate is projected to maintain its current low levels over the next 18 months, with any further decreases likely to be very gradual as the labor market recovery continues to mature. Low volatility is expected, and no significant shifts in trend are indicated by current factors."
2015-06-30,"The SocialGood:OT metric is forecast to continue its steady downward trajectory over the next 18 months, primarily driven by the sustained recovery of the labor market. While minor monthly variations are probable, the overall trend will remain stable with low volatility, despite the ongoing challenge of demographic disparities in employment."
2015-07-31,"The SocialGood:OT series will likely stabilize around its current levels over the next 18 months, exhibiting moderate volatility and a consistent upward spike each January. The strong downward trend observed previously has largely abated, indicating the labor market is reaching a more settled state."
2015-08-31,"The unemployment rate is projected to maintain its gradual downward trend over the next 18 months, supported by continued job growth and overall labor market recovery. While minor fluctuations are expected, significant volatility is unlikely, though persistent demographic disparities in employment remain a key underlying concern."
2015-09-30,"The ""SocialGood:OT"" values are expected to continue their gradual downward trend over the next 18 months, driven by the ongoing labor market recovery as it approaches pre-recession levels. While monthly volatility should remain low, persistent demographic disparities in employment will likely continue to be a notable underlying issue."
2015-10-31,"The ""SocialGood:OT"" metric, reflecting labor market health, will likely stabilize at its current low levels over the next 18 months, with minor fluctuations. The long-term downward trend is concluding as the economy approaches full employment, though persistent demographic disparities in employment remain."
2015-11-30,"The ""SocialGood:OT"" values are expected to continue their consistent downward trend over the next 18 months, driven by the ongoing improvement in US labor market conditions and declining unemployment rates. While monthly volatility is anticipated to remain low, the rate of decrease will likely moderate as the metric approaches a lower bound, reflecting a near-full employment environment."
2015-12-31,"The SocialGood:OT value, representing the US unemployment rate, is expected to continue its gradual downward trend over the next 18 months, albeit at a slower pace as the labor market approaches full employment. The primary driver will be sustained post-recession recovery, leading to stabilization at a low level with minor fluctuations."
2016-01-31,"The US unemployment rate (SocialGood:OT) is expected to continue its gradual decline over the next 18 months, driven by sustained labor market recovery and job growth. While minor monthly fluctuations, such as the observed early-year upticks, are probable, the overall trend will see the rate stabilize at a low level as it approaches full employment."
2016-02-29,"The unemployment rate is expected to stabilize around its current low levels over the next 18 months, following a multi-year downward trend. While minor month-to-month fluctuations, potentially with a slight upward drift, are probable as the rate approaches a natural floor, significant further declines are unlikely, and persistent demographic disparities in employment remain a key social concern."
2016-03-31,"The US unemployment rate is projected to continue its consistent downward trajectory over the next 18 months, reflecting sustained labor market recovery and job creation. However, underlying demographic and regional disparities in employment are expected to persist, posing ongoing challenges to social equity."
2016-04-30,"The unemployment rate is projected to continue its gradual decline, or stabilize at historically low levels, over the next 18 months, driven by ongoing labor market recovery and consistent job growth. While minor monthly fluctuations are expected, the overall trajectory indicates sustained low unemployment."
2016-05-31,"The ""SocialGood:OT"" metric is expected to continue its downward trend over the next 18 months, driven by ongoing labor market recovery, though the pace of decline will likely moderate as it approaches historically low levels. Persistent demographic disparities in employment remain a key risk, potentially introducing volatility or slowing further progress."
2016-06-30,"The SocialGood:OT metric, generally tracking US unemployment and underlying social disparities, recently increased after a long-term decline. Over the next 18 months, it will likely exhibit moderate volatility, with its trajectory primarily driven by the stability of the labor market and the persistence of demographic employment gaps."
2016-07-31,"After a prolonged period of decline, the unemployment rate has recently stabilized and is expected to fluctuate around its current levels for the next 18 months, with moderate volatility. Key drivers will include ongoing economic adjustments, labor force participation rates, and persistent demographic disparities, which may prevent further significant declines as the rate approaches a perceived floor."
2016-08-31,"SocialGood:OT is expected to stabilize at its current low levels over the next 18 months, reflecting a mature labor market approaching full employment. While minor monthly fluctuations are probable, the historical downward trend is likely to flatten, with persistent racial and ethnic disparities in employment remaining a notable underlying concern."
2016-09-30,"The SocialGood:OT value has largely stabilized around the 5% level, indicating the economy is near full employment. Over the next 18 months, the rate is expected to remain relatively stable, fluctuating within a narrow range, as further significant declines are challenging given current labor market conditions and persistent demographic disparities."
2016-10-31,"The SocialGood:OT value is expected to largely stabilize over the next 18 months, fluctuating around its current low levels as the labor market maintains near full employment. Minor volatility is probable, driven by ongoing labor market dynamics and persistent demographic disparities."
2016-11-30,"The SocialGood:OT metric, representing the US unemployment rate, is expected to largely stabilize at its current historically low levels over the next 18 months as the economy approaches full employment. While moderate monthly fluctuations, including potential seasonal increases in January, are probable, a significant sustained decline is unlikely given the mature state of the labor market."
2016-12-31,"The ""SocialGood:OT"" metric is expected to largely stabilize at its current low levels over the next 18 months, reflecting a mature labor market near full employment. While significant further declines are unlikely, the series will continue to exhibit moderate monthly volatility, with persistent demographic disparities in employment remaining a key underlying influence."
2017-01-31,"The ""SocialGood:OT"" metric is forecast to continue its gradual decline over the next 18 months, propelled by ongoing labor market strengthening and economic stimulus. Expect continued monthly fluctuations, including an annual upward movement around January, with overall volatility likely to decrease as the metric trends lower."
2017-02-28,"The SocialGood:OT metric is projected to continue its general downward trend over the next 18 months, driven by a strengthening labor market and sustained job growth. This trajectory will include recurring seasonal increases each January, followed by subsequent declines, with persistent demographic disparities remaining a notable underlying factor."
2017-03-31,"The SocialGood:OT series is expected to remain at historically low levels over the next 18 months, with a general trend of stability or slight decline. While minor monthly fluctuations are probable, the rate will likely hover around its current low, supported by continued job growth and the anticipated effects of economic stimulus."
2017-04-30,"The ""SocialGood:OT"" metric is forecast to continue its overall downward trajectory over the next 18 months, primarily driven by sustained labor market recovery and declining unemployment rates. This trend will likely exhibit moderate volatility, including predictable annual increases around January, with potential risks arising from any significant economic slowdown or persistent demographic disparities in employment."
2017-05-31,"The SocialGood:OT value will continue its strong downward trend, driven by robust job growth and a recovering labor market, before stabilizing at a historically low level. Expect some minor monthly volatility, but no significant risks to the overall positive trajectory are apparent."
2017-06-30,"The SocialGood:OT series is expected to continue its established seasonal pattern over the next 18 months, with recurring increases early in the year followed by declines. While the long-term downward trend has largely flattened, values will likely fluctuate within a low range, reflecting a stable labor market near full employment."
2017-07-31,"The unemployment rate for SocialGood:OT is forecast to stabilize at its current lower levels over the next 18 months, following a significant multi-year decline driven by a robust labor market expansion. Persistent demographic disparities mean the rate will likely see minor fluctuations rather than a substantial further decline, unless broader economic conditions change."
2017-08-31,"The SocialGood:OT series is projected to remain stable at its current low levels or experience a continued gradual decline over the next 18 months, driven by the ongoing strength of the labor market and economic expansion. While moderate fluctuations are expected, persistent underlying demographic disparities may limit the pace of further significant improvement."
2017-09-30,"The SocialGood:OT metric is expected to continue its overall downward trend or stabilize at its current low levels over the next 18 months, driven by the sustained strength and growth of the labor market. While minor fluctuations are possible, persistent demographic disparities in unemployment remain a notable risk that could prevent further significant declines."
2017-10-31,"The ""SocialGood:OT"" series is forecast to continue its consistent downward trend over the next 18 months, propelled by ongoing improvements in the US labor market and declining unemployment rates. While moderate monthly fluctuations are likely, the overall decline will persist, potentially moderating in pace as the metric approaches historically low levels."
2017-11-30,"The unemployment rate is expected to continue its gradual decline or stabilize at a low level over the next 18 months, driven by ongoing job growth and economic expansion. While minor fluctuations may occur, significant upward volatility is unlikely given the established trend, though persistent demographic disparities remain."
2017-12-31,"The ""SocialGood:OT"" metric is expected to largely stabilize at its current low levels, indicating a sustained favorable trend over the next 18 months, primarily driven by the stable and low unemployment rate. However, persistent structural and demographic disparities in the labor market are likely to limit further substantial improvements."
2018-01-31,"The SocialGood:OT metric is forecast to continue its overall downward trend over the next 18 months, propelled by sustained labor market growth and economic expansion. While moderate monthly fluctuations, including potential seasonal increases, are expected, the general trajectory will be towards lower values, with the pace of decline potentially slowing as the metric approaches historically low levels, and persistent demographic disparities posing a risk to further significant improvement."
2018-02-28,"The ""SocialGood:OT"" metric is expected to continue its overall downward trend for the next 18 months, reflecting sustained labor market improvements and narrowing employment disparities for specific demographics. This decline will feature moderate volatility, including recurring seasonal increases in early calendar years, as the metric approaches historically low levels."
2018-03-31,"The ""SocialGood:OT"" metric is projected to remain largely stable at its current low levels over the next 18 months, mirroring the sustained stability in US labor market conditions and unemployment rates. While minor monthly fluctuations are expected, a significant directional shift is not anticipated."
2018-04-30,"The unemployment rate is expected to largely stabilize at its current historic low, with limited scope for further significant decline over the next 18 months. Minor seasonal increases, typically observed in early summer and winter, will likely continue, driven by ongoing job market strength and a mature economic expansion."
2018-05-31,"""SocialGood:OT"" is projected to continue its gradual decline over the next 18 months, primarily driven by the sustained strength of the labor market and falling unemployment rates. This downward trend will likely be punctuated by consistent seasonal upticks around the beginning of each year, with overall volatility remaining moderate."
2018-06-30,"The SocialGood:OT metric is expected to stabilize or show a slight upward trend over the next 18 months, reflecting the very low national unemployment rates and potential for minor increases from ""full employment"" levels. Strong annual seasonality, with peaks around January/June and troughs in late autumn/early spring, will persist, driven by broader labor market dynamics and persistent demographic disparities."
2018-07-31,"The ""SocialGood:OT"" values are projected to remain stable at historically low levels over the next 18 months, primarily driven by the continued strength of the US labor market and sustained job growth. While the overall trend suggests stability or slight further decline, expect minor month-to-month fluctuations, particularly around mid-year and year-end, consistent with historical patterns."
2018-08-31,"The SocialGood:OT indicator, reflecting labor market health, is expected to stabilize at its current historically low levels over the next 18 months, exhibiting minor fluctuations. While the robust labor market continues to be the primary driver, a notable risk is a potential economic slowdown which could lead to a gradual upward trend in the indicator."
2018-09-30,"The ""SocialGood:OT"" values are expected to continue their overall downward trend, driven by sustained low US unemployment rates. We anticipate these values will likely stabilize at historically low levels over the next 18 months, with minor fluctuations persisting."
2018-10-31,"The SocialGood:OT value is expected to stabilize at historically low levels over the next 18 months, following a prolonged decline driven by a robust labor market and economic expansion. While minor fluctuations are probable, significant further reductions are unlikely as the rate is at a multi-decade low, approaching its effective floor."
2018-11-30,"The ""SocialGood:OT"" metric, driven by the health of the US labor market and mirroring the unemployment rate, is expected to stabilize at or near its current historic low levels over the next 18 months, with moderate monthly fluctuations. A recurring seasonal increase is anticipated early in the year, and any significant economic downturn or external shocks pose an upward risk to this trend."
2018-12-31,"The SocialGood:OT values are expected to stabilize at their current historically low levels over the next 18 months. While moderate monthly fluctuations will persist, a significant continued decline is unlikely, with broader economic conditions and labor market dynamics driving potential slight upward shifts."
2019-01-31,"SocialGood:OT values are expected to generally decline over the next 18 months, continuing the established long-term trend, assuming underlying labor market conditions remain favorable. However, the series will likely exhibit seasonal increases in early each year, and remains vulnerable to upward volatility from significant external economic or social disruptions."
2019-02-28,"The SocialGood:OT metric is anticipated to generally continue its long-term downward trend over the next 18 months, supported by a resilient labor market. However, recent fluctuations highlight its sensitivity to economic shocks and policy events, suggesting that periods of increased volatility and temporary upward movements are possible despite the overall improving trajectory."
2019-03-31,"SocialGood:OT values are expected to remain at historically low levels, reflecting a robust labor market nearing full employment. While minor fluctuations are anticipated, a significant sustained decline is unlikely, and a gradual stabilization or slight upward drift is possible as the economic cycle matures."
2019-04-30,"The SocialGood:OT value is forecast to continue its gradual decline over the next 18 months, reflecting the ongoing strength of the US labor market and historically low unemployment rates, though intermittent volatility from economic shocks remains a risk."
2019-05-31,"The SocialGood:OT measure is expected to largely stabilize at its current historically low levels over the next 18 months, reflecting a mature and strong labor market. While minor fluctuations are probable, a significant sustained decline is unlikely, with potential for slight upward pressure if economic growth moderates or unforeseen disruptions occur."
2019-06-30,"The SocialGood:OT indicator is expected to maintain its historically low levels, continuing a gradual downward trend over the next 18 months. This period will likely be characterized by persistent seasonal volatility, with notable increases each January followed by declines, reflecting ongoing labor market dynamics and underlying demographic disparities."
2019-07-31,"The ""SocialGood:OT"" values are expected to stabilize at their current low levels, with a potential for moderate increases over the next 18 months. This shift is primarily driven by emerging economic risks, particularly the ongoing US-China trade tensions, which could lead to a reversal of the historical downward trend if they negatively impact the labor market."
2019-08-31,"The unemployment rate is expected to largely stabilize at its current historically low levels over the next 18 months, with a potential for slight upward drift driven by ongoing trade tensions. Minor seasonal fluctuations are likely to continue."
2019-09-30,"The SocialGood:OT metric is projected to remain at historically low levels, likely continuing its gradual decline, driven by a strong labor market. While minor monthly fluctuations and seasonal patterns are expected, escalating US-China trade tensions present a notable risk for potential upward pressure."
2019-10-31,"The SocialGood:OT metric, reflecting unemployment, is expected to remain at historically low levels for the next 18 months, exhibiting minor monthly fluctuations and consistent seasonal upticks. While the long-term downward trend is likely to stabilize, ongoing trade tensions pose a notable risk for a potential modest increase in the rate."
2019-11-30,"The SocialGood:OT series, currently at historically low levels, is expected to stabilize or experience a moderate upward trend over the next 18 months. Significant upward volatility is a notable risk, primarily driven by ongoing trade tensions and the underlying uncertainty suggested by recent conflicting reports on the labor market."
2019-12-31,"The SocialGood:OT values have consistently trended downwards, reaching historically low levels by the end of 2019, driven by a strong labor market and declining unemployment. Over the next 18 months, values are expected to largely stabilize at these low levels with moderate seasonal fluctuations, but an upward reversal is a notable risk if escalating trade tensions negatively impact the labor market."
2020-01-31,"The SocialGood:OT metric is expected to experience increased volatility and a potential upward shift or stabilization from its recent historical lows over the next 18 months. This outlook is primarily driven by the metric's recent divergence from general unemployment trends and prior indications of significantly higher, conflicting unemployment figures, suggesting emerging pressures on this specific social good indicator."
2020-02-29,"The SocialGood:OT series is forecast to remain at relatively low levels over the next 18 months, likely hovering slightly above the absolute lows observed in late 2019, driven by a generally strong labor market. Moderate monthly fluctuations are expected, but the historical data and context do not indicate a significant sustained directional shift or major imminent risks."
2020-03-31,"The ""SocialGood:OT"" metric is forecast to surge significantly in the near term due to the widespread economic disruption from the coronavirus pandemic and associated business shutdowns. Following this initial spike, the metric will likely experience a gradual and volatile decline over the next 18 months as the labor market slowly recovers, with ongoing risks from potential economic setbacks and persistent demographic disparities."
2020-04-30,"The unemployment rate is projected to remain highly elevated for the foreseeable future, driven by the ongoing economic disruption from the COVID-19 pandemic. While a gradual decline from the recent historic peak is expected as economies reopen, significant volatility and uncertainty will persist, contingent on public health outcomes and policy effectiveness."
2020-05-31,"The SocialGood:OT values will trend significantly downward over the next 18 months from their current elevated levels, driven by the ongoing economic recovery from the COVID-19 pandemic. High volatility is expected in the near term, with risks of slower recovery or renewed increases due to potential pandemic resurgence or structural labor market shifts."
2020-06-30,"The unemployment rate is expected to continue its downward trend from the recent pandemic-induced peak, driven by ongoing economic recovery and policy support. However, the decline will likely be gradual, and the rate will remain elevated compared to pre-pandemic levels, with potential for volatility depending on the pandemic's evolution and economic resilience."
2020-07-31,"The series is expected to continue its decline from the current elevated levels over the next 18 months, driven by ongoing economic recovery from the COVID-19 pandemic. While volatility may decrease from its recent peak, the pace and stability of this recovery remain highly dependent on the pandemic's progression and associated policy effectiveness."
2020-08-31,"The unemployment rate is projected to continue its decline over the next 18 months, driven by the ongoing economic recovery from the COVID-19 pandemic. While the overall trend is downward, the pace of improvement may slow, and volatility remains a significant risk due to the evolving public health situation and its lasting effects on the labor market."
2020-09-30,"The SocialGood:OT series, representing unemployment, is expected to continue its gradual decline from the recent COVID-19 induced peak over the next 18 months, driven by ongoing economic recovery efforts. While the extreme volatility of the initial surge is unlikely, the rate will remain elevated compared to pre-pandemic levels, with its trajectory influenced by the evolving pandemic situation."
2020-10-31,"The unemployment rate is projected to continue its downward trend over the next 18 months as the economy recovers from the COVID-19 pandemic, though the pace of decline will likely moderate. Persistent impacts of the pandemic pose a risk to a swift return to pre-crisis lows, and volatility remains a possibility."
2020-11-30,"SocialGood:OT is expected to continue its downward trend over the next 18 months, driven by the ongoing economic recovery from the COVID-19 pandemic. However, the rate of decline will likely moderate, and the recovery faces risks from potential pandemic resurgences or a slower-than-anticipated economic rebound, making a swift return to pre-pandemic levels unlikely."
2020-12-31,"The unemployment rate is projected to continue its steady decline over the next 18 months, moving closer to pre-pandemic levels as the economy recovers from the COVID-19 shock. The pace of this recovery will be primarily influenced by the ongoing resolution of the pandemic and sustained economic growth."
2021-01-31,"The unemployment rate is projected to continue its strong downward trend over the next 18 months, driven by the ongoing economic recovery from the COVID-19 pandemic. While the rate will likely stabilize significantly below its peak, it will remain above its historic pre-pandemic lows, with persistent disparities for certain demographic groups."
2021-02-28,"The unemployment rate is projected to continue its gradual decline over the next 18 months, driven by sustained economic recovery and the easing impact of the COVID-19 pandemic. While overall volatility should decrease, the pace of recovery may moderate, and persistent demographic disparities in employment will likely remain a notable challenge."
2021-03-31,"The unemployment rate is projected to continue its steady decline over the next 18 months, driven by the ongoing economic recovery from the COVID-19 pandemic and easing restrictions. While the overall trend points towards lower rates, the pace of improvement may moderate, and potential volatility could arise from new pandemic developments or unforeseen economic shifts."
2021-04-30,"The unemployment rate is expected to continue its gradual decline over the next 18 months as the economy recovers from the COVID-19 pandemic, though the pace of improvement will likely moderate as it approaches pre-pandemic levels. While the extreme volatility from the initial crisis has subsided, persistent demographic disparities and the impact of evolving economic policies remain significant factors."
2021-05-31,"The SocialGood:OT series, reflecting unemployment, is projected to continue its gradual decline over the next 18 months as the post-pandemic economic recovery progresses. The trajectory will be primarily driven by labor market rebalancing and evolving unemployment support policies, with persistent demographic disparities remaining a factor."
2021-06-30,"Following a significant recovery from its peak, the unemployment rate is expected to generally trend downwards over the next 18 months, though with increased volatility and a slower pace of decline than previously observed. Key drivers include the ongoing economic recovery, the evolution of the pandemic, and changes in unemployment benefit policies."
2021-07-31,"The unemployment rate is projected to continue its gradual decline over the next 18 months, primarily driven by the ongoing economic recovery from the COVID-19 pandemic. While significant volatility has subsided, the rate will stabilize at lower levels, moving closer to pre-pandemic conditions."
2021-08-31,"The unemployment rate is projected to continue its gradual downward trend over the next 18 months, approaching pre-pandemic levels as the economy further recovers from the COVID-19 pandemic. While the overall direction is positive, the pace of decline will likely moderate, with potential for minor volatility influenced by evolving economic conditions."
2021-09-30,"The unemployment rate is expected to continue its steady decline and stabilize near pre-pandemic historical lows over the next 18 months, reflecting the ongoing economic recovery from the COVID-19 pandemic. While overall volatility will be lower, persistent demographic disparities in unemployment remain a key underlying challenge."
2021-10-31,"The US unemployment rate is projected to stabilize around its current historically low levels over the next 18 months, with the strong post-pandemic recovery largely complete. Expect relatively low volatility, driven primarily by broader economic factors like inflation and monetary policy rather than pandemic-specific shocks, though persistent demographic disparities will likely continue."
2021-11-30,"The unemployment rate is expected to stabilize around its current historically low levels over the next 18 months, having largely completed its rapid recovery from the pandemic-induced surge. While minor fluctuations are probable, volatility should decrease, with broader economic conditions becoming the primary drivers rather than the direct impact of pandemic recovery efforts."
2021-12-31,"The SocialGood:OT series is projected to maintain its historically low levels over the next 18 months, reflecting the sustained recovery of the labor market from the pandemic-induced spike. Stability is expected, with any significant upward shifts contingent on unforeseen major economic disruptions."
2022-01-31,"The SocialGood:OT metric is expected to stabilize at a low level over the next 18 months, reflecting the robust recovery and projected stability of the US labor market. Minor fluctuations are anticipated, but significant volatility is unlikely unless major economic shocks occur, with persistent demographic disparities in employment remaining a relevant underlying factor."
2022-02-28,"The SocialGood:OT unemployment rate is projected to remain stable at historically low levels over the next 18 months, reflecting a robust labor market recovery. Minor fluctuations are expected, but significant volatility or a sustained upward trend is unlikely given the current strong labor market indicators."
2022-03-31,"The SocialGood:OT value, representing the unemployment rate, has returned to historically low levels following its pandemic-induced spike and subsequent rapid recovery. Over the next 18 months, the rate is expected to remain stable at these low levels, with potential for minor fluctuations or a slight upward drift driven by broader economic tightening."
2022-04-30,"The ""SocialGood:OT"" metric is expected to remain at its current low levels over the next 18 months, reflecting a stable labor market, but a significant economic downturn leading to increased unemployment would drive a notable surge in the metric. Persistent racial and ethnic disparities in employment will continue to be a key underlying factor influencing its trajectory and potential volatility."
2022-05-31,"The SocialGood:OT metric, representing the unemployment rate, is forecast to remain largely stable at its current historically low levels over the next 18 months, reflecting a resilient labor market post-pandemic. While significant volatility is not expected, broader economic conditions could introduce minor upward pressure from these lows."
2022-06-30,"The SocialGood:OT rate is expected to remain stable at historically low levels over the next 18 months, reflecting a robust labor market. Volatility should be low, though a significant economic downturn or policy shifts to combat inflation could introduce upward pressure on the rate."
2022-07-31,"The SocialGood:OT metric, which closely tracks the US unemployment rate, is expected to remain low and relatively stable in the near term, reflecting current tight labor market conditions. However, the primary risk is a potential increase in volatility and an upward trend if the broader economy experiences a significant downturn or recession over the next 18 months."
2022-08-31,"The SocialGood:OT series is projected to remain stable at its current historically low levels for the next 18 months, reflecting the sustained strength of the US labor market. Any significant deviation from this stability would likely be driven by a major economic downturn."
2022-09-30,"The SocialGood:OT unemployment rate is expected to remain stable at historically low levels over the next 18 months, continuing the robust post-pandemic labor market recovery with low volatility, though persistent demographic disparities remain a key underlying concern."
2022-10-31,"The unemployment rate is projected to maintain its historically low and stable trajectory over the next 18 months, reflecting a robust post-pandemic labor market. While minor fluctuations are anticipated, persistent demographic disparities in unemployment will remain a significant underlying challenge."
2022-11-30,"The SocialGood:OT values, currently stable at historically low levels, are anticipated to largely maintain this stability over the next 18 months, reflecting a robust labor market. While major volatility is not expected, a slight increase in values could occur due to projected slower employment growth, with persistent demographic disparities remaining a key underlying factor."
2022-12-31,"The SocialGood:OT series, representing unemployment, has stabilized at historically low levels after its post-pandemic recovery. For the next 18 months, it is expected to remain largely stable with limited volatility, though a significant economic slowdown poses an upward risk."
2023-01-31,"The unemployment rate is expected to remain largely stable at historically low levels over the next 18 months, continuing the trend of the past year. While minor fluctuations are probable, significant shifts are unlikely absent major economic shocks, with persistent racial and ethnic disparities remaining a notable structural challenge."
2023-02-28,"The SocialGood:OT unemployment rate is expected to gradually increase over the next 18 months, driven by anticipated reduced economic growth, shifting from its current historically low plateau. Volatility is projected to remain moderate, though persistent demographic disparities continue to be a notable underlying factor."
2023-03-31,"The SocialGood:OT values, closely mirroring the US unemployment rate, are expected to gradually increase from their current historical lows over the next 18 months. This upward shift is primarily driven by anticipated reduced economic growth leading to rising unemployment, with volatility expected to remain relatively low."
2023-04-30,"The SocialGood:OT series, which has reached historically low levels mirroring unemployment trends, is expected to stabilize in the immediate future. A modest upward trend is then anticipated over the next 18 months, driven by broader economic projections of reduced growth."
2023-05-31,"The SocialGood:OT metric, currently stable at historically low levels, is anticipated to experience a moderate upward trend over the next 18 months. This projected increase is primarily driven by potential economic headwinds and broader forecasts for a rising unemployment rate."
2023-06-30,"The SocialGood:OT values, reflecting the US unemployment rate, are anticipated to remain at historically low levels over the next 18 months, with a potential for a slight upward drift driven by projected reduced economic growth. Volatility is expected to remain low, though broader economic risks like banking distress or debt ceiling concerns could exert upward pressure."
2023-07-31,"The SocialGood:OT series is projected to maintain its current historically low levels over the next 18 months, driven by a robust labor market. While minor fluctuations are expected, potential economic slowdowns or banking sector distress could introduce a modest upward drift from these stable values."
2023-08-31,"The SocialGood:OT value is expected to remain stable at its historically low levels, reflecting the current strong US labor market. However, a moderate risk of a gradual upward trend exists, driven by potential economic slowdowns that could increase unemployment and introduce greater volatility."
2023-09-30,"The SocialGood:OT values, reflecting unemployment trends, are expected to gradually increase over the next 18 months, driven by an anticipated slowdown in the labor market and broader economic growth, while maintaining moderate month-to-month volatility."
2023-10-31,"The SocialGood:OT series has recently plateaued at historically low levels, following a significant multi-year decline. A gradual increase is expected over the next 18 months as the labor market is projected to slow, driven by evolving macroeconomic conditions."
2023-11-30,"The SocialGood:OT metric is projected to experience a gradual upward drift over the next 18 months, reflecting an anticipated slowdown in the labor market. While remaining generally stable, minor monthly fluctuations are expected, with persistent demographic disparities continuing to influence the overall landscape."
2023-12-31,"The ""SocialGood:OT"" metric is projected to gradually increase over the next 18 months, reversing its recent stability, primarily driven by an anticipated slowdown in the labor market and a potential rise in US unemployment rates. This upward shift will likely be accompanied by moderate volatility, with persistent demographic disparities remaining a significant underlying factor."
2024-01-31,"The unemployment rate is expected to stabilize around its current level over the next 18 months, exhibiting moderate monthly fluctuations consistent with established seasonal patterns. While remaining within its recent historical range, a slight upward pressure could emerge as the labor market is anticipated to slow."
2024-02-29,"The SocialGood:OT metric is expected to show a modest upward trend over the next 18 months, driven by an anticipated slowing of the labor market and potential increases in unemployment, particularly impacting vulnerable demographic and sectoral groups. Volatility will likely persist due to these underlying structural disparities."
2024-03-31,"The unemployment rate is expected to gradually trend upward over the next 18 months, moving away from its historically low plateau, primarily driven by anticipated slowing economic growth. While maintaining relatively low volatility, the series will likely see a modest increase from current levels."
2024-04-30,"The unemployment rate is projected to remain largely stable at its current historically low levels over the next 18 months, with minor fluctuations. While the labor market remains robust, a gradual, slight increase is possible as economic growth moderates, but significant volatility is not expected."
