end_date,intrinsic,trigger
1948-01-31,,
1948-02-29,,
1948-03-31,General monthly seasonality for March.,
1948-04-30,,
1948-05-31,Expected monthly seasonality for May.,
1948-06-30,Regular seasonality for June,
1948-07-31,,
1948-08-31,"August 1948, typical summer seasonality.",
1948-09-30,,
1948-10-31,,
1948-11-30,Late autumn/early winter seasonality.,
1948-12-31,December seasonality.,
1949-01-31,Regular monthly seasonality for January.,
1949-02-28,Regular monthly seasonality for February.,
1949-03-31,Regular seasonality for March.,
1949-04-30,Potential monthly seasonality for April.,
1949-05-31,,
1949-06-30,Monthly seasonality for June.,
1949-07-31,July seasonality,
1949-08-31,Regular August seasonality.,
1949-09-30,,
1949-10-31,,
1949-11-30,,
1949-12-31,,
1950-01-31,,
1950-02-28,,
1950-03-31,,
1950-04-30,,
1950-05-31,May seasonality,
1950-06-30,,
1950-07-31,,
1950-08-31,,
1950-09-30,,
1950-10-31,,
1950-11-30,,
1950-12-31,,
1951-01-31,,
1951-02-28,,
1951-03-31,March seasonality,
1951-04-30,,
1951-05-31,,
1951-06-30,,
1951-07-31,,
1951-08-31,,
1951-09-30,,
1951-10-31,,
1951-11-30,"November 1951, late autumn/early winter seasonality.",
1951-12-31,"Regular December seasonality (e.g., holidays, winter period, year-end activities).",
1952-01-31,Regular January seasonality.,
1952-02-29,"February 1952, a leap year month, reflecting winter seasonality.",
1952-03-31,Monthly period in early spring 1952.,
1952-04-30,,
1952-05-31,,
1952-06-30,,
1952-07-31,,
1952-08-31,Potential monthly seasonality associated with August.,
1952-09-30,Monthly seasonality (late summer/early autumn),
1952-10-31,,
1952-11-30,,
1952-12-31,,
1953-01-31,,
1953-02-28,,
1953-03-31,,
1953-04-30,,
1953-05-31,,
1953-06-30,"Expected seasonal patterns for June, such as summer activities or end-of-school-year effects.",
1953-07-31,,
1953-08-31,,
1953-09-30,"Regular seasonal dynamics for September (e.g., start of autumn).",
1953-10-31,,
1953-11-30,"Typical November seasonality (e.g., fall/winter trends, pre-holiday activity depending on series type).",
1953-12-31,,
1954-01-31,"Beginning of new year, typical January seasonality.",
1954-02-28,,
1954-03-31,,
1954-04-30,,
1954-05-31,,
1954-06-30,,
1954-07-31,,
1954-08-31,,
1954-09-30,,
1954-10-31,,
1954-11-30,Seasonal shift to late autumn/early winter.,
1954-12-31,"End-of-year seasonality, including potential holiday spending and and typical winter weather patterns.",
1955-01-31,,
1955-02-28,Regular seasonality for February.,
1955-03-31,,
1955-04-30,,
1955-05-31,"Monthly seasonality for May, potentially including spring-related patterns in the Northern Hemisphere.",
1955-06-30,,
1955-07-31,,
1955-08-31,Expected seasonal patterns for August.,
1955-09-30,,
1955-10-31,,
1955-11-30,,
1955-12-31,"Year-end seasonality, including holiday period (Christmas) and winter weather patterns, typically impacting consumer behavior and economic activity.",
1956-01-31,"Regular January seasonality, reflecting typical annual patterns for the start of the year.",
1956-02-29,Monthly seasonality (February); Leap year with 29 days.,
1956-03-31,,
1956-04-30,,
1956-05-31,,
1956-06-30,"June marks the start of summer in the Northern Hemisphere, implying potential seasonal patterns.",
1956-07-31,,
1956-08-31,,
1956-09-30,,
1956-10-31,,
1956-11-30,,
1956-12-31,,
1957-01-31,Regular January seasonality.,
1957-02-28,,
1957-03-31,,
1957-04-30,,
1957-05-31,,
1957-06-30,,
1957-07-31,,
1957-08-31,Regular August seasonality.,
1957-09-30,,
1957-10-31,,
1957-11-30,,
1957-12-31,,
1958-01-31,Start of a new calendar year; potential for monthly seasonality typical for January.,
1958-02-28,,
1958-03-31,,
1958-04-30,Monthly seasonality.,
1958-05-31,,
1958-06-30,,
1958-07-31,July seasonality,
1958-08-31,,
1958-09-30,,
1958-10-31,,
1958-11-30,,
1958-12-31,,
1959-01-31,"Start of a new calendar year, often associated with seasonal patterns like post-holiday adjustments or new budget cycles.",
1959-02-28,Shortest month (28 days); typical winter seasonality.,
1959-03-31,,
1959-04-30,,
1959-05-31,Regular monthly seasonality for May.,
1959-06-30,,
1959-07-31,Expected July seasonality; realized monthly data for July 1959.,
1959-08-31,,
1959-09-30,,
1959-10-31,,
1959-11-30,,
1959-12-31,,
1960-01-31,,
1960-02-29,"February 1960, a 29-day month due to 1960 being a leap year.",
1960-03-31,,
1960-04-30,,
1960-05-31,,
1960-06-30,"Regular seasonality for June, a summer month in the Northern Hemisphere.",
1960-07-31,,
1960-08-31,,
1960-09-30,,
1960-10-31,,
1960-11-30,,
1960-12-31,,
1961-01-31,,
1961-02-28,"February 1961, a short month with 28 days.",
1961-03-31,Typical monthly seasonality for March.,
1961-04-30,,
1961-05-31,,
1961-06-30,,
1961-07-31,"Monthly period of July 1961, reflecting potential seasonal patterns.",
1961-08-31,Expected August seasonality.,
1961-09-30,,
1961-10-31,,
1961-11-30,,
1961-12-31,"End-of-year month, potential for regular seasonality.",
1962-01-31,Typical January seasonality.,
1962-02-28,Regular monthly seasonality for February.,
1962-03-31,,
1962-04-30,,
1962-05-31,,
1962-06-30,,
1962-07-31,,
1962-08-31,,
1962-09-30,Monthly seasonality (September),
1962-10-31,,
1962-11-30,,
1962-12-31,,
1963-01-31,,
1963-02-28,Monthly seasonality associated with February.,
1963-03-31,,
1963-04-30,,
1963-05-31,,
1963-06-30,,
1963-07-31,Regular seasonal patterns expected for the month of July.,
1963-08-31,Expected August seasonality.,
1963-09-30,,
1963-10-31,,
1963-11-30,,
1963-12-31,,
1964-01-31,,
1964-02-29,,
1964-03-31,Monthly seasonality.,
1964-04-30,April seasonality,
1964-05-31,,
1964-06-30,,
1964-07-31,,
1964-08-31,,
1964-09-30,,
1964-10-31,,
1964-11-30,,
1964-12-31,"Monthly seasonality (December), end-of-year effects.",
1965-01-31,Monthly seasonality for January; beginning of the calendar year.,
1965-02-28,,
1965-03-31,,
1965-04-30,Typical monthly seasonality for April.,
1965-05-31,Regular seasonal patterns for May.,
1965-06-30,,
1965-07-31,,
1965-08-31,,
1965-09-30,Monthly seasonality expected for September.,
1965-10-31,,
1965-11-30,,
1965-12-31,,
1966-01-31,Start of a new calendar year; potential for typical January seasonality.,
1966-02-28,,
1966-03-31,,
1966-04-30,,
1966-05-31,,
1966-06-30,,
1966-07-31,,
1966-08-31,"General late summer seasonality, potential for typical variations in economic activity or consumer behavior.",
1966-09-30,,
1966-10-31,,
1966-11-30,,
1966-12-31,,
1967-01-31,Regular January seasonality; start of a new calendar year.,
1967-02-28,Regular February seasonality.,
1967-03-31,"Realized fact: March 1967, a full monthly observation period.",
1967-04-30,"Monthly period of April 1967, potentially subject to regular monthly seasonality.",
1967-05-31,,
1967-06-30,,
1967-07-31,,
1967-08-31,,
1967-09-30,Typical monthly seasonality for September.,
1967-10-31,,
1967-11-30,,
1967-12-31,End-of-year period and holiday season.,
1968-01-31,,
1968-02-29,,
1968-03-31,,
1968-04-30,,
1968-05-31,,
1968-06-30,,
1968-07-31,,
1968-08-31,,
1968-09-30,,
1968-10-31,,
1968-11-30,,
1968-12-31,,
1969-01-31,,
1969-02-28,,
1969-03-31,,
1969-04-30,,
1969-05-31,,
1969-06-30,,
1969-07-31,,
1969-08-31,,
1969-09-30,,
1969-10-31,,
1969-11-30,,
1969-12-31,,
1970-01-31,,
1970-02-28,,
1970-03-31,,
1970-04-30,,
1970-05-31,,
1970-06-30,,
1970-07-31,,
1970-08-31,Monthly seasonality (August),
1970-09-30,,
1970-10-31,,
1970-11-30,,
1970-12-31,,
1971-01-31,,
1971-02-28,,
1971-03-31,,
1971-04-30,,
1971-05-31,,
1971-06-30,,
1971-07-31,,
1971-08-31,,
1971-09-30,,
1971-10-31,,
1971-11-30,"Expected monthly seasonality for November, part of the Q4 period.",
1971-12-31,,
1972-01-31,,
1972-02-29,"February 1972, a leap year with 29 days; typical monthly seasonality.",
1972-03-31,Monthly seasonality.,
1972-04-30,,
1972-05-31,,
1972-06-30,,
1972-07-31,Monthly seasonality for July,
1972-08-31,,
1972-09-30,Monthly seasonality,
1972-10-31,,
1972-11-30,,
1972-12-31,,
1973-01-31,Expected start-of-year trends; regular January seasonality.,
1973-02-28,,
1973-03-31,,
1973-04-30,,
1973-05-31,Monthly seasonality.,
1973-06-30,,
1973-07-31,,
1973-08-31,,
1973-09-30,,
1973-10-31,,
1973-11-30,November seasonality,
1973-12-31,Typical end-of-year seasonality.,
1974-01-31,,
1974-02-28,Monthly seasonality for February 1974.,
1974-03-31,,
1974-04-30,,
1974-05-31,,
1974-06-30,,
1974-07-31,,
1974-08-31,,
1974-09-30,Regular monthly seasonality for September.,
1974-10-31,,
1974-11-30,,
1974-12-31,,
1975-01-31,,
1975-02-28,"Monthly period of February 1975, potentially reflecting typical seasonal patterns.",
1975-03-31,,
1975-04-30,Monthly seasonality (April),
1975-05-31,Potential regular seasonality for May.,
1975-06-30,Typical June seasonality.,
1975-07-31,,
1975-08-31,,
1975-09-30,,
1975-10-31,,
1975-11-30,,
1975-12-31,,
1976-01-31,,
1976-02-29,"Monthly dynamics for February 1976, including leap year with 29 days.",
1976-03-31,,
1976-04-30,,
1976-05-31,Monthly seasonality,
1976-06-30,,
1976-07-31,"Regular monthly period in July, potentially subject to summer seasonality.",
1976-08-31,,
1976-09-30,,
1976-10-31,,
1976-11-30,,
1976-12-31,,
1977-01-31,,
1977-02-28,,
1977-03-31,,
1977-04-30,,
1977-05-31,,
1977-06-30,"June seasonality, end-of-Q2 effects (if applicable).",
1977-07-31,,
1977-08-31,,
1977-09-30,,
1977-10-31,,
1977-11-30,,
1977-12-31,"End-of-year seasonality, holiday season.",
1978-01-31,,
1978-02-28,,
1978-03-31,,
1978-04-30,,
1978-05-31,,
1978-06-30,,
1978-07-31,,
1978-08-31,Monthly seasonality for August.,
1978-09-30,Expected monthly seasonal patterns for late summer/early autumn.,
1978-10-31,,
1978-11-30,,
1978-12-31,,
1979-01-31,"Start of a new calendar year, potential for seasonal patterns.",
1979-02-28,,
1979-03-31,,
1979-04-30,,
1979-05-31,,
1979-06-30,,
1979-07-31,,
1979-08-31,,
1979-09-30,Monthly seasonality,
1979-10-31,,
1979-11-30,,
1979-12-31,,
1980-01-31,"US unemployment was a concern, with rates rising from 5.9% in Dec 1979 to 7.1-7.9% in 1980. Local economies struggled, continuing declines in gas sales and motel business from 1979.",
1980-02-29,"US unemployment was high (8-9%), rising, and a significant concern in February 1980, with some areas skyrocketing. Inflation was also a concern, with 1979 oil prices dimming 1980 growth prospects. Federal Reserve reported on labor force.",
1980-03-31,"US economy faced high unemployment, alarming inflation, and rising interest rates; US inflation and wholesale prices climbed more than West Germany and Japan.",
1980-04-30,1980 census conducted; US dollar strengthened; US economy was 'sick' with high unemployment; 1980 minimum wage rates were set.,
1980-05-31,"The US unemployment rate soared to 7% in April 1980, with 14% in the motor capital by early May; widespread concerns about unemployment and the housing market persisted, including high rates for American blacks.",Mount St. Helens eruption in May 1980 caused immediate regional unemployment.
1980-06-30,"High inflation (60% in Iceland, May 1980) and high unemployment (8.4% in US, May 1980, with motor worker layoffs) were prevalent, signaling economic instability.",
1980-07-31,"Rising national unemployment (nearly 8%), double-digit inflation and interest rates, ongoing changes in union wages/benefits, and credit crunches characterized the US economy.","President Carter unveiled plans to aid the auto industry on July 8, 1980, involving top auto officials and the UAW union."
1980-08-31,"US unemployment around 4%, with disparities; global economy showed timid growth. UK unemployment caused hardship. US non-farm exports rose 50% in three years. Unemployment was a significant concern.",
1980-09-30,"High inflation (18% in Q1 1980) persisted. US unemployment was high (around 8% in September) and deteriorating, with specific groups facing much higher rates. Increased resettlement contributed to economic difficulties.",
1980-10-31,"Prevailing high unemployment (US 7.2%, UK ~8%) and inflation (12%) marked October 1980, with slow growth and no immediate improvement expected.",
1980-11-30,"High unemployment and inflation persisted; misery index reached 20.1% in November 1980. The unemployment rate was a major concern, 70% above 1979. Reagan's ambition to restructure U.S. capitalism was noted.",
1980-12-31,Record 21% prime rate in Dec 1980; high oil prices and increased oil-exporting surplus; persistent high unemployment; National Energy Program introduced.,
1981-01-31,High and increasing unemployment rates were a concern in early 1981 (US rate reached 10%). Government proposed economic revitalization and extended unemployment benefits. CT minimum wage increased in 1980.,
1981-02-28,"High national unemployment and inflation (stagflation) persisted, with the US economy in its worst state since the Great Depression. Government considered spending cuts and economic reforms.",
1981-03-31,"US unemployment rate was 9.6% in February 1981, and remained high in March, with slowed real growth and significant variations by state and demographic groups.",
1981-04-30,"High unemployment (around 7-8%) and inflation were ongoing concerns in the United States during April 1981, impacting purchasing power and job prospects.",
1981-05-31,"High unemployment rates persisted in the United States in May 1981, with Michigan and the North experiencing particularly high levels (nearly 20% in the North).",
1981-06-30,"US labor productivity growth slowed; record-high unemployment for African Americans; 1981 unemployment rates were 16.8% for males, 19.6% for females; unemployment was a general concern.",
1981-07-31,"High unemployment rates were a concern in the US, Canada, and specific regions like Liverpool and Catskills in the early 1980s; racial disparities noted. US Bureau of Census made population projections.",
1981-08-31,High inflation and unemployment rates persisted; Omnibus Budget Reconciliation Act of 1981 signed to address the significant increase in unemployment.,
1981-09-30,US economy experienced high unemployment and inflation; 1981-1982 recession pushed unemployment up. Unemployment rate projected to decline. Premium rate was $1.88.,
1981-10-31,"High unemployment rates, including youth unemployment, were a significant concern in 1981, with government programs and a World Bank document on productivity addressing the issue.",
1981-11-30,"Factual high unemployment in 1981, with demographic disparities, ongoing efforts to reduce it, and traditional high unemployment in certain areas.","Unemployment rate for October 1981 rose to 8 percent, indicating a worsening trend."
1981-12-31,"High unemployment rates were a significant concern in both the US (around 10-10.5%, over 40% in some reservations) and the UK (especially Liverpool) throughout 1981 and specifically in December.",
1982-01-31,"US unemployment rate was 8.9% in January 1982, a major concern; youth unemployment was higher in NYC. Labor force participation for Southeast Asian refugees in the US was lower.",
1982-02-28,"High unemployment rates were a significant concern in the US and UK, with specific figures for overall and demographic groups. Real GNP per capita growth was slower in the 1980s.",
1982-03-31,Unemployment rates increased in the US and Great Britain due to an eight-month recession; high interest rates and jobless rates were major economic concerns.,
1982-04-30,"High unemployment (3-9.9 million) was a major concern in April 1982, with specific worries for Black individuals and California, though it was noted to be decreasing.",
1982-05-31,"Unemployment rates were high and rising in the US and other industrial countries in May 1982, a significant concern varying by region and ethnic group, with a high federal deficit.","Closure of a U.S. Steel mill in Birmingham, Alabama, expected to increase local unemployment by 0.7%."
1982-06-30,US national unemployment reached 10.1% in April 1982; Tyrrell County unemployment was 11.5% in 1982; high unemployment for young African-Americans; economic growth rate discussed.,
1982-07-31,"High unemployment in Canada and US (9.4% in June 1982, post-war high), particularly among young blacks and in California. 1980 census population figures were introduced.",
1982-08-31,"US unemployment rate was a major concern, reaching a 40-year high and standing at 13% on Aug 1, 1982. Discussions on Medicaid and trade development were ongoing.",
1982-09-30,"High US unemployment rates (16.1% in March 1982) were a major public concern. The Omnibus Budget Reconciliation Act of 1982 was enacted on Sept 8, increasing federal employer taxes. Unemployment was expected to remain high and potentially exceed 10% next month.",
1982-10-31,"United States experienced high unemployment rates, over 10-12%, in 1982, with specific states like Alabama at 14.2%. Business failures increased, and a recession loomed in October 1982, acknowledged by President Reagan.",
1982-11-30,"National unemployment rate was 10.1% (or 14%) in November 1982, the highest since the Great Depression, with widespread concern about slow economic growth and rising unemployment trends.",
1982-12-31,"US unemployment reached 10.8-11.8% in December 1982, with black unemployment at 20.2% and West Virginia at 12.7%. Public Law 97-377 enacted for unemployment grants.",
1983-01-31,"High unemployment was a significant and ongoing concern in the US economy in January 1983, affecting various sectors and demographics. The economy faced problems of unemployment and slack capacity. Existing unemployment insurance programs provided training and relocation assistance.",
1983-02-28,"US unemployment rate was 10.8% in February 1983, a significant concern after peaking in 1982 due to recession. Unemployment levels began to decline in 1983. Unemployment benefits in New Jersey were set to drop.",
1983-03-31,"Realized facts of high unemployment (over 10%) in US and major industrial countries in late 1982 and early 1983, with expectations of continued economic downturn.",
1983-04-30,"US unemployment was a major concern in April 1983, with high rates, including 16.2% in Pittsburgh, and an increasing trend. Global unemployment also high.",
1983-05-31,"High unemployment (US & UK, with regional disparities) and low economic growth were ongoing concerns in May 1983. Government efforts to address these issues and fluctuating exchange rates were noted.",
1983-06-30,"Rising unemployment rates observed in major industrial countries, including Europe, North America, US, and UK; also noted in Puerto Rico and Concord, NH.","Mining disaster in Virginia, one of the worst in a quarter century, affected local unemployment rates."
1983-07-31,"US unemployment rate declined, though specific figures varied (e.g., 22.4% in April, 10% overall); UK unemployment increased significantly; persistent racial income gap.",
1983-08-31,"US unemployment rate dropped gradually in August 1983, falling from 9.5% in July; US poverty rate reached 15% in 1982.",Significant drop in US unemployment in July 1983 (biggest in 24 years); unexpected jump in US unemployment rate in 1983.
1983-09-30,"US unemployment rate was around 10% in 1983, with a slight increase in September. Urban unemployment exceeded 24%. Employment in the USA increased by 15 million between 1973-1983.",
1983-10-31,"National unemployment rate fell to 9.1% in September, the lowest in a year. High unemployment persisted in regions like Allegany County (11.8%) and among young blacks in Nashville (35%).",
1983-11-30,US unemployment rate fell in November 1983; US experienced inflation and high interest rates; Pennsylvania state personal income tax increased retroactively.,
1983-12-31,"US unemployment rate was 9.4% in December 1983, a significant concern with its speedy decline baffling economists. UK government set rent increase conditions.",
1984-01-31,"US unemployment rate forecasted at 7.8% for 1984, down from 8.2% in 1983. High unemployment, especially among youth and specific demographics, remained a significant concern.",
1984-02-29,"US economy showed low inflation and physical therapist unemployment in Jan 1984. Overall unemployment improved in 1983 and decreased rapidly in 1984, fastest in 33 years, though some states still had high rates.",
1984-03-31,"High unemployment rates persisted in the US in March 1984, with New York State's jobless rate at 8.1% in January and unchanged in February. New Bedford, MA, experienced high unemployment due to an eroding manufacturing base.",
1984-04-30,"US unemployment declined to 6.9% in March, then rose to 7.7% in April 1984. High unemployment also noted in Pacific, Port Harcourt, and Dominican Republic.",
1984-05-31,"Unemployment was an ongoing concern in the US in 1984, influencing policy decisions and local politics, with existing compensation laws and a welfare state.",
1984-06-30,"US unemployment fell to 7.4% in May 1984, with inflation in check. However, unemployment remained high in the US, New York, Northern Region, Mexico, and Haiti (>50%). Inflation increased in the European Community in 1984.",
1984-07-31,"US unemployment rate was a concern, with high rates in some states and among Black workers; reported lowest in over four years as of July 7, 1984. Democratic Party Platform highlighted unemployment. Argentina considered austerity.",
1984-08-31,"High unemployment rate was a significant concern in the US in August 1984, with worsening labor market conditions for nonwhites, high unemployment in developing regions, and specific statistics reported for young males and steelworker wages.",
1984-09-30,US unemployment decreased in 1984; Port Jervis rate was 10% in Sept 1984; Federal Unemployment Tax Act was in effect. Job creation outpaced Common Market; demographic disparities noted.,
1984-10-31,"High US unemployment rates (over 11-12% nationally, 14% in Detroit) were a major concern. Taxes doubled in 1984, and government budgets increased.",
1984-11-30,"US unemployment rate decreased by Nov 1984; US, Canada, Grenada, Europe unemployment rates reported; US poverty increased to 16%. Reagan mentioned misery index. Article on state intervention for unemployment published.",
1984-12-31,"US considering tax reforms to address high unemployment and promote growth. Unemployment was a significant concern, with regional variations. 79% of working mothers were in the labor force.",
1985-01-31,"Unemployment was a significant and rising concern in January 1985, with high rates observed in the US and specific regions, and state legislation addressing the issue.",
1985-02-28,"Economic Report of President published Feb 5, forecasting decreased unemployment. Realized unemployment rates were high, especially for teenagers and California. Conflicting economic forecasts for hard landing or recovery.",
1985-03-31,"High unemployment in Western Europe, Selma, US Southern states, and Alabama (10.5%, down from 16% recession trough). Some US employment improvement; low unemployment in Japan.",
1985-04-30,"Unemployment rates were a significant concern globally in 1985; US unemployment was about 7.2% in April, Canada at 11%, South Africa rose to 25%, and the UK experienced high levels.",
1985-05-31,"High unemployment rates in the US in 1985, reaching 10% overall and 18% in Coos Bay, Oregon in May. Unemployment was particularly high for Black consumers and teenagers, and had risen substantially.",
1985-06-30,"US experienced critically high unemployment rates and a recession in 1985, with specific concerns in June. Racial minorities and displaced workers faced higher rates. Elmira, NY had the state's highest unemployment.",
1985-07-31,"US unemployment was a significant economic indicator, with high double-digit rates in many towns in July 1985, showing regional disparities. Factors included apprenticeship collapse and growth in medical/space employment.",
1985-08-31,"High US unemployment and deteriorating GNP growth; Public Law 99-83 passed on Aug 8, 1985; US jobless rate was middle internationally, with significant regional variations.",
1985-09-30,"U.S. poverty rate dropped to 14.4% in 1984; unemployment rate fell to a 5-year low of 6.9% in September 1985, though high unemployment remained a concern.",Mounting pressure for protectionist policies raised concerns about potential economic damage and higher unemployment.
1985-10-31,US unemployment insurance system 50th anniversary; Historical US national income growth trends and unemployment ranges; High unemployment in Puerto Rico (up to 50%) and Canada (over 12%).,Commonwealth Heads of Government discussed potential sanctions against South Africa.
1985-11-30,US unemployment rate remained unchanged at 7%. High unemployment rates were a concern in the US during the 1980s. Unemployment benefit rates influenced educational leave compensation. 1985 tax laws and regulations in US/Canada; fund allocation in West Virginia counties.,
1985-12-31,"US unemployment was a significant concern in 1985, with the rate below 4% in December. Pennsylvania reduced its personal income tax rate.",
1986-01-31,"Unemployment rate was 6.9% (8M workers), highest since Great Depression, dropping 0.1 percentage points in January 1986. It was a relevant factor in studies.",
1986-02-28,"Ongoing US trade imbalances; unemployment a significant concern in 1986, with high rates for specific demographics; existing US tax laws (FICA, FUTA); government employment rose in 1985, with 1985 unemployment at 5.1%.",Unemployment rate in an unspecified country sharply increased from 10% to 30%.
1986-03-31,US economy faced high unemployment and decreased GNP growth in 1986; lower interest rates spurred housing market activity.,"Labor Department reported a sharp rise in unemployment on March 8, 1986."
1986-04-30,"Persistent high unemployment and poverty rates in the US, with contributing factors like textile imports and labor market changes. Public Law 99-272 was enacted on April 7, 1986.",
1986-05-31,US unemployment rate edged down to 7% in May 1986. US House passed a bill extending freeze on unemployment benefits. UK unemployment claimants reached 3.33 million by May 21.,"Oklahoma oil drilling rigs dropped to 128, near WWII lows, signaling severe regional industry contraction."
1986-06-30,"High US unemployment in 1986, with Paterson, N.J. at 9.9% in June; sharp employment growth in New York State through May 1986; known impact of Canada-U.S. Auto Pact.","Passage of the Tax Reform Act of 1986 on June 24, including federal unemployment tax provisions."
1986-07-31,High unemployment rates in the European Economic Community and California; persistent social issues including unemployment in ghettos; US employment growth disparities.,"Federal Reserve reduced the discount rate from 6.5% to 6% on July 11, 1986."
1986-08-31,"US unemployment rate continued to rise in 1986, with federal job training programs failing to curb it; homelessness linked to unemployment.",
1986-09-30,"Government policy of paying farmers not to grow cereals in 1980s. Historical US poverty rates and 1960s unemployment concerns. Michigan unemployment dropped 1.9% last month; Stockton, CA averaged 12% in September 1986.",
1986-10-31,"The Tax Reform Act of 1986 was signed into law; the Reykjavik Summit between Reagan and Gorbachev took place; Brazil's industrial exports surged, leading to trade clashes with the US; and high unemployment rates persisted.",
1986-11-30,US unemployment rate edged down to 6.8% in November; California's rate remained highest. New laws passed on unemployment compensation and immigration reform.,
1986-12-31,"Widespread high unemployment rates and concerns across various regions (US, Europe, El Salvador, Ireland, North Carolina) were observed in 1986.",
1987-01-31,"High US unemployment rates (over 10% in 1987, 9.5% in 1986) were a concern following recent recession. State labor legislation enacted in 1986. OECD predicted slower growth in Western Europe.","National unemployment rate in the United States was almost 50% in January 1987, indicating a severe economic shock."
1987-02-28,US economy in fourth year of expansion with moderate employment gains; housing starts at 8-year high; tax rate brackets reduced; large budget deficit and trade imbalances.,
1987-03-31,"High unemployment was a significant concern in US (8.2% in 1987, 6.7% in 1986) and Western Europe, with rates expected to remain high. Certain groups and areas like Cairo, IL (>20%) faced severe unemployment.","US unemployment rate jumped significantly to 14-16% in March 1987, a rapid increase from 8.2% reported at the beginning of the month."
1987-04-30,Unemployment rates in New Jersey and California reported. US unemployment estimated to rise in 1987; 1986 growth under 1%. General concern over high unemployment rates in 1987.,
1987-05-31,"US unemployment rate declined in May and fell to 6.2% in April, a seven-year low. Japan directed to lower short-term interest rates.",
1987-06-30,"Unemployment rates reported for various US regions (e.g., NJ lowest, a county at 3.6% in June 1987) and Czechoslovakia. US unemployment compensation program was modified.",
1987-07-31,"US unemployment was a concern but reached its lowest in almost 8 years by July 1987, with a historic proportion of Americans employed. Regional unemployment was high in some US states, while Australia's rate decreased.",
1987-08-31,US unemployment declined in July 1987; youth unemployment and racial inequalities remained concerns. Specific unemployment rates noted for Michigan nursing graduates and various international regions in 1987.,
1987-09-30,"Ongoing concern over high unemployment in 1987, with US unemployment noted in September and Stamford at 2.8%; background includes 1986 IMF report and Immigration Act.",
1987-10-31,"UK unemployment reached double-digits; US jobless rate fell to 5.9%, lowest in years, with moderate economic growth; California and Greenwood (15%) faced high unemployment.","Dow Jones Industrial Average dropped 22.6% on October 15, 1987, marking the largest one-day stock market crash in history (Black Monday)."
1987-11-30,"US unemployment rate reached its lowest level in 8 years in November 1987, indicating economic growth. Federal Reserve Chairman Volcker's tenure ended in 1987.",
1987-12-31,"US unemployment rate was significant (around 9%) and increased significantly in 1987, becoming a national concern. Government addressed employment issues.",
1988-01-31,"US civilian unemployment rates improved in January 1988. Minimum wage rates were at $3.35 in 24 jurisdictions, with potential increases discussed. Ongoing monitoring of interest rates and general unemployment challenges.",
1988-02-29,"US unemployment was a concern in February 1988, showing signs of economic slowdown. Despite 5 years of economic growth and declining overall unemployment, the rate among blacks was at least 20%.",
1988-03-31,"High unemployment was a significant concern in the US and Western Europe in 1988. Western Europe's 1987 GDP grew 4.5% but unemployment exceeded 10%. Trade balance, exchange rates, illegal immigration, and privatization influenced the economy.",
1988-04-30,"US unemployment rate remained high and stagnant, with labor productivity growth slowing. Cost of job loss fell, and 1988 presidential debate discussed sudden unemployment and a changed economy.",
1988-05-31,"National unemployment rate fell to 5.4% in May 1988, the lowest in 14 years. Some Midwest states had higher rates, while New York City's economy boomed.",
1988-06-30,"US unemployment increased in May 1988; high rates reported for Barberton, Ohio (33% in June), Morocco (25% in 1988), and among US high school dropouts. Debate on family-leave legislation continued.",
1988-07-31,"US economy in 1988 showed affluence, but also bankruptcies and unemployment; UK and Philippines saw falling unemployment rates; Liverpool, UK had 23% unemployment; Argentina experienced 58% inflation.",
1988-08-31,"US unemployment rate was low, averaging 5.5% in H1 1988, and reached its lowest level since 1974 in August. Some reports noted rising or surprisingly high unemployment regionally.",
1988-09-30,US economy experienced satisfactory growth; unemployment rate was 3% in September 1988 and in steep decline. Regional unemployment remained a concern.,
1988-10-31,"The US unemployment rate was a concern, reported around 13% in October 1988. Discussions on its impact, structural issues, and the ongoing presidential election were prevalent.",
1988-11-30,"US unemployment rate was a concern, rising from 5.8%, with higher rates for certain demographics and regions; US economic growth forecast was 3.8%; widening income gap reported.",
1988-12-31,"High unemployment rates in the US were a major concern in late 1988, with expectations of a significant increase. The market adjustment mechanism was slow, contributing to macro-economic problems.","The United Nations Framework Convention on Climate Change (UNFCCC) was established on December 22, 1988."
1989-01-31,"US unemployment rate was 5.5% in Dec 1988 and 5.3% in 1989. It was a concern, with expectations of continued low rates due to economic expansion.",
1989-02-28,World economic growth rose in 1988; Britain's unemployment lowest in EEC; US unemployment a concern in Feb 1989 with presidential aim to cut it.,
1989-03-31,"Western Europe's 1989 unemployment averaged 12%; US economy faced potential issues. Research paper on economic growth published. Historical US racial unemployment disparities (1988: white 5.3%, black 13%) noted.",
1989-04-30,"High unemployment rates persisted in the US, leading to higher interest rates. The Soviet economy had high unemployment. Unemployment for industrial countries fell. Analysis of demographic data was ongoing.",
1989-05-31,"US unemployment was 5.0% in April 1989, a 15-year low, with a subsequent increase. Youth unemployment was 13.7% and poverty rate 14.89% in 1989. Anti-inflationary policy led to a 2% rise in unemployment.",
1989-06-30,"Unemployment was a concern in the late 1980s due to economic crisis; US unemployment fell to 5-5.5% in early 1989, acknowledged by President Bush.",
1989-07-31,"US unemployment was high in July 1989, with a rise expected, and apprentice unemployment tripled. Treasury Bill rates were declining, while Toronto area saw low unemployment.","FAA training center closure in Palm Coast, Florida, expected to increase local unemployment."
1989-08-31,"Reported unemployment rates in August 1989: Tijuana (<1%), Southern Illinois (6-7%), Buffalo, NY (5%). General high unemployment in 1989, up to 25-30% in some areas, a significant concern. US current account shifted to largest deficit in less than a decade.",
1989-09-30,"The unemployment rate in the United States was estimated to have increased in 1989, with high rates in the late 1980s and specific concerns in September 1989, including in the CNMI. The US also provided unemployment benefits. The West German economy strengthened.",
1989-10-31,"High unemployment rates in US territories (Virgin Islands) and Liberia in 1989; ongoing concern about US unemployment, with benefit applications in California during October 1989.",
1989-11-30,"US unemployment rate was 5.3% in November 1989, though regional rates varied (e.g., 8% in Virginia; high in Selma, partly seasonal). Low unemployment for US nurses in 1988 indicated a shortage.",
1989-12-31,US unemployment rate was 3.2% in 1989; increasing figures and high rates for blacks were significant concerns discussed by authorities.,
1990-01-31,US economy faced challenges including recession and high unemployment in January 1990; unemployment rates rose in some areas.,
1990-02-28,"US unemployment rate was near a half-century low, below 4% for 25 months as of February 1990, extending a 7-year economic expansion with steady unemployment. High local rates were noted in Rapid City and Yakima County.",
1990-03-31,"Unemployment concerns noted in U.S., Canada, Eastern Europe, U.S.S.R., Latin America, and California. Australia faced high interest rates. Census Bureau reported U.S. population changes. CBO estimated unemployment benefits increased rates.",
1990-04-30,High unemployment and inflation rates in the US; significant US balance of payments deficit; US and Spain signed an income tax treaty; high unemployment among Vietnam-era veterans; Ontario's 1990 unemployment rate projected.,
1990-05-31,"US unemployment rose to 5.4% in May 1990, highest in months. National concern over varying demographic/regional patterns, and a fourfold increase over two decades, led to official discussions.",
1990-06-30,"The United States experienced a high unemployment rate in 1990, with significant concerns and very high rates in some communities. This follows a high rate in 1989.",
1990-07-31,"US national unemployment rate was high (8.1-8.2%) in 1990, with a 12.2% growth. Unemployment for Black Americans was 31.9% in July 1990. The economy saw vigorous expansion and increased multiple jobholding.",
1990-08-31,"High unemployment rates were a significant concern in Greece and the US, with nominal wages rising despite low labor absorption. The IMF and interest rates were also part of economic discussions.",
1990-09-30,Rising unemployment rate in the United States as of September 1990; ongoing demographic shifts with increasing Asian population.,"German Monetary Unification on August 31, 1990, converting Marks to Deutsche Marks, potentially impacting global markets."
1990-10-31,"Unemployment was a concern in the US, with statistics tracked and a Trust Fund established in 1990. The European Economy report was published monthly.",
1990-11-30,"High unemployment rates were a significant concern in 1990, particularly in regions like Texas and Namibia. Public Law 101-517 accounted for the Unemployment Trust Fund on November 5.",
1990-12-31,Implementation of the Immigration Act of 1990; US unemployment rate rising to a three-year high in November and remaining a concern; ongoing Gulf Crisis impacting economic stability.,
1991-01-31,"US unemployment rate was 5.2% in 1991. The US was experiencing unemployment and poverty, with laborers in short supply.",
1991-02-28,"U.S. economy continued decline from late 1990; rising unemployment was a general concern in 1991, with high rates in California. Refugee arrivals and labor force participation data available for Jan 31, 1991.",
1991-03-31,High and worsening unemployment rates were a concern in the US in 1991; poverty for female-headed families increased. The US aimed to stabilize CO2 emissions by 2000.,
1991-04-30,Realized high unemployment and poverty rates; ongoing economic struggles from deindustrialization and Gulf War aftermath; IMF annual report release; expected demographic shifts in workforce education.,Unemployment rate affected by earthquake damage.
1991-05-31,"US unemployment rate reached 6.9% in May 1991, highest since 1986; ongoing discussions on unemployment compensation and economic development; established federal estate tax rates.",
1991-06-30,US unemployment was a concern in June 1991 with bleak worker prospects; discussions referenced 1989 US unemployment data and future labor market changes.,Sanctions against South Africa were discussed in June 1991.
1991-07-31,"High unemployment was a concern in July 1991, following a late 1990 rise. The June rate was discussed. One report indicated the unemployment rate was reduced in 1991, alongside increased investments.",
1991-08-31,"High US unemployment (around 7% nationally, 18% for Black Americans in 1991), recently declining but a major problem. Global economic challenges including high unemployment/inflation in 1991. Long-term rise in US female workforce participation.",
1991-09-30,"High unemployment rates were reported across various regions including Port Harcourt (30%), US (22.4%), Ontario (10.2%), and Fort Worth (8.7% in Sept 1991). US government pursued economic initiatives.","The Gulf War significantly impacted the economy, oil prices, and unemployment. The US economy declined worse-than-expected in spring 1991, leading to a big jump in unemployment claims."
1991-10-31,"Unemployment in East (Germany) rose to 15% in Oct 1991. US experienced higher interest rates and unemployment. IRS opened two regulations projects on Oct 23, 1991.",
1991-11-30,"US unemployment rate was around 7% in 1991, with higher rates for some demographics. Unemployment was a significant concern, exacerbated by industry shifts like tuna canning moving to low labor-cost countries.",
1991-12-31,"US unemployment was low in December 1991, but a general rise occurred in 1991, with high rates for Mexican-Americans, blue-collar workers, and in the Soviet Union.",
1992-01-31,"U.S. unemployment rate reached a five-and-a-half-year high of 7.1% in December 1991, remaining 7.1% in January 1992, and was a significant concern.",
1992-02-29,"Inflation and interest rates were down, but unemployment was high in early 1992, with regional variations. US unemployment figures for February 1992 were reported.",
1992-03-31,"US unemployment rates high but declining or expected to stabilize; concerns persist regarding inflation, government revenue, and racial disparities in economic recovery.",
1992-04-30,"US unemployment was rising in 1992, reaching 10.0% in some counties by April, up from January. Median family income decreased. High unemployment in rural NY. Japan's rate was lower.",
1992-05-31,"US unemployment rate around 6.8%; US adopted lowering interest rates to stimulate economy; high unemployment in Puerto Rico, Latin America; economic mobility concerns.",
1992-06-30,"High unemployment rates observed in 1992 across the US (especially for Latinos, female veterans) and globally (e.g., Canada, Romania, Bulgaria, Israel), causing significant concern.",
1992-07-31,"US unemployment rate surged to 7.8% in July 1992, with 117,000 jobs lost in June. High unemployment was a significant national concern.",
1992-08-31,High unemployment rates in the US; Liverpool at 14%; Cuba's unemployment declined to ~10%; general developing country growth factors noted.,Israel's unemployment hit an all-time high of 11.6%; 70% unemployment in certain African American communities.
1992-09-30,US unemployment rate was high and rising; monthly inflation rate exceeded 50% in September 1992; low-income housing tax credit in effect.,
1992-10-31,"US experienced high unemployment rates and economic disparities in 1992, with general concern; Public Law 102-394 mentioned unemployment trust fund on Oct 6, 1992.",
1992-11-30,"Continued decline in US union membership since 1977; US unemployment rate was high and rising quickly in 1992, with some areas experiencing record levels.","Bill Clinton won the 1992 US presidential election, seen as a candidate of change."
1992-12-31,"High unemployment rates globally and in the US were a significant concern in 1992, with regional and demographic disparities. Rising unemployment led to compensation system adjustments in EU states.",
1993-01-31,"FUTA tax rate for 1993 set. US economy facing challenges as longest peacetime expansion ended, with high but falling unemployment, supported by policies.",
1993-02-28,"US unemployment was a concern, with 37% worried about jobs; agricultural sector unemployment was low. Canada experienced sour conditions and double-digit unemployment in 1993, linked to the 1989 US free-trade agreement.",
1993-03-31,Unemployment rate rose in New Jersey; new claims for unemployment insurance increased; consumer confidence dropped; US unemployment was a concern in March 1993.,
1993-04-30,"US unemployment rates in March 1993 fluctuated 6.0-7.5%, with some states seeing 5-9%. Unemployment was a concern, with youth unemployment and above-average rates in certain areas.",
1993-05-31,"Unemployment statistics showed a slowing increase. High rates persisted regionally (e.g., Puerto Rico 18%, Oxford County 14.3%), while California's rate fell below national average. Florida Legislature discussed unemployment compensation.",
1993-06-30,US highest incarceration/poverty rates; 1991 unemployment 10.6% expected to rise; ongoing concerns about unemployment disparities and high youth unemployment; Section 936 tax credit in effect; House debated unemployment/cost of living.,"Indian Gaming Regulatory Act implemented on June 7, 1993."
1993-07-31,"US unemployment rate was a concern, especially for female heads of households and Asian Americans. Bureau of Labor Statistics reported data. High rates in early 1990s; South Africa's rate over 40%.",A cholera epidemic in the United States led to an increase in the unemployment rate among fishermen.
1993-08-31,U.S. manufacturing employment fell; national unemployment rate in August 1993 was lower year-over-year; high unemployment persisted for specific demographics and regions.,
1993-09-30,General concern about rising unemployment in the US and Japan in 1993; high unemployment rates noted in El Paso (1992) and Montana (1993).,
1993-10-31,"Unemployment rate was a widespread concern in October 1993, with high rates in industrialized countries and specific regions. US rate expected slow decline.",
1993-11-30,"Conflicting reports on US unemployment rate in 1993 (8% and 13%). The US rate dropped almost a percentage point over the year, with improved financial conditions and slower inflation. Unemployment was a significant concern.",
1993-12-31,US unemployment rate dropped significantly in December 1993; other regions and demographics faced high unemployment in 1993. World Bank published report on unemployment in New Independent States.,
1994-01-31,"US unemployment rate reported at 6.7% in January 1994. High unemployment was a general concern, with notable youth unemployment and regional disparities in the US.",
1994-02-28,"The US unemployment rate was 6.7% in February 1994, continuing a decline of ~1.5 percentage points over 18 months to just over 6%.",
1994-03-31,"US unemployment rate 6.5% in March; nonfarm payrolls sharply increased by 456,000. FOMC discussed economic growth, unemployment, and interest rates. Expected continued economic growth.",
1994-04-30,US output grew unusually strong in the March quarter. High unemployment was noted for African Americans and in California. Labor market recovery and stable/declining unemployment were expected.,
1994-05-31,"US jobless rate was 6.0% in May (down from 6.4% in April); nonfarm payrolls increased by 191,000; total employment up by 534,000. Rates declined for adult men, women, teenagers, whites, and Hispanics.",
1994-06-30,"US unemployment rate unchanged at 6.0% in June 1994 (7.8M unemployed); long-term unemployed fell, short-term increased. Women's unemployment fell below men's for first time in 1994.",
1994-07-31,"US unemployment rate decreased by 1.5 points, adding 3.8 million jobs in July 1994, amidst ongoing high unemployment concerns and growth in Las Vegas gambling industry.",Israel sought U.S. loan guarantees for job creation.
1994-08-31,"Unemployment rate held at 6.1% in August 1994, with 8.0 million unemployed; rates for demographic groups essentially unchanged.",
1994-09-30,US unemployment rate declined from 6.1% to 5.9% in September 1994; Riegle Community Development Act of 1994 aimed to address unemployment.,
1994-10-31,"Unemployment rate for October 1994 was 5.8%, continuing a decline since January 1994 and a consistent fall in preceding years. Concerns existed regarding regional, youth, and demographic unemployment disparities.",
1994-11-30,"Unemployment rate was low by recent historic standards but a concern, particularly among women. Labor market expected to improve with declining unemployment rates.",
1994-12-31,"Unemployment rate reached 5.4% in December 1994, lowest in 4 years, continuing a downward trend. 1.6 million fewer unemployed since January. Increased exports to Mexico and Canada created over 100,000 jobs.",
1995-01-31,US unemployment rate lowest in 25 years (Jan 1995) with 6M new jobs. Labor market deteriorated recently; Pennsylvania had high unemployment and record budget deficit.,
1995-02-28,Unemployment rate fell to 5.4% in February 1995; nonfarm payroll employment increased; specific demographic unemployment rates reported.,
1995-03-31,"Labor market expected moderate growth, stable or slightly decreasing unemployment driven by services and construction. US unemployment declined faster in 1994, and was 3.9% in April 1995 with 175,000 jobs added.",
1995-04-30,"Nation's jobless rate rose by 0.3 percentage point to 5.8% in April 1995, with 7.7 million unemployed; Republicans' Contract With America aimed to cut welfare spending.",
1995-05-31,"Unemployment was a significant concern in the US in May 1995, with California having the highest rate. High rates characterized the 1990s, disproportionately affecting African Americans and minorities. Welfare reform discussions were ongoing.",
1995-06-30,"US unemployment rate 5.6% (unchanged); nonfarm payrolls increased 215k, but manufacturing fell. US saving rate declined; government allowed unemployment tax credit. California had nation's worst unemployment.",
1995-07-31,"US unemployment rate in July 1995 reported as 4.4% and 11.1%, with African-American rates twice that of whites. Public Law 104-19 enacted, rescinding funds for State Unemployment Insurance.",
1995-08-31,"US unemployment rate was 5.6% in August 1995, essentially unchanged from July; rate for Hispanics rose to 9.9%.",
1995-09-30,"US unemployment rate stable at 5.6% in September 1995; nonfarm payrolls rose by 121,000, with gains in services/retail and decline in manufacturing.",
1995-10-31,US unemployment rate stable at 5.5% in October; BLS introduced new unemployment measures; Individual Transferable Quotas implemented in US fishery management; high youth and regional unemployment concerns.,
1995-11-30,"High unemployment rates reported in Ireland (14.6%), US (high, California highest), and Bosnia/Croatia (80-90%). Overall US unemployment rate expected stable at 5.6%.",
1995-12-31,"US unemployment rate 5.6% in December 1995, unchanged from November. Labor force participation and employment-population ratio stable, with other key labor market indicators showing little change.",
1996-01-31,"US unemployment rate was 5.6% (some areas 12.0%). Labor market stable since late 1994, fluctuating 5.4-5.8%. Economy strong with low unemployment and inflation. Aging population noted.",
1996-02-29,Unemployment rate decreased to 5.5% in February 1996; nonfarm payroll employment and average workweek rebounded strongly from January's weather-related declines.,
1996-03-31,"US unemployment rate 5.6% (unchanged), 7.5M unemployed in March 1996. Black jobless rate rose to 11.1%. Nonfarm payrolls up 140K, led by services.",
1996-04-30,"US unemployment rate in 1996 was lowest in 27 years, having fallen as of April; it was half the EU's 11% but high for African Americans. Expected to remain stable or slightly decrease.",
1996-05-31,"US unemployment rate in 1996 reported between 5.6% (lowest in 30 years) and 7.4%, with high rates among African Americans. Labor market expected slow growth, unemployment 5.4-5.8%.",
1996-06-30,"Unemployment rate decreased to 5.3% in June 1996, with 239,000 nonfarm payroll jobs added and labor force participation at 66.7%. Unemployment was a global concern.",
1996-07-31,"US unemployment rate was 5.4% in July 1996, with 7.3 million unemployed; total employment trended upward, and labor force participation rate rose to 66.9%.",
1996-08-31,"US jobless rate fell from 5.4% to 5.1% in August 1996; 6.8 million unemployed persons, 467,000 below July's level.",
1996-09-30,"US unemployment rate was low in 1996 (28-year low), but concerns existed over rising levels, inequality, and a trade deficit. Labor market growth expected to slow, yet overall unemployment stable.",
1996-10-31,"Unemployment rate was 5.2% in October 1996, stable from prior months, with specific demographic rates reported. US rate dropped to 5.1% in 1996, lowest since March 1989.",
1996-11-30,"Unemployment rate edged up to 5.4% in November from 5.2% in October; nonfarm payrolls rose by 118,000. US unemployment declined from 6.9% (1993) to 5.4% (1996), but faced dire debt and some layoffs.",
1996-12-31,"US unemployment rate was unchanged at 5.3% in December 1996, near a half-century low, with rising labor force participation. Racial and regional disparities persisted, while global unemployment crisis continued.",
1997-01-31,"US unemployment rate was 5.4% and essentially unchanged in January 1997, marking its lowest level in some time. State-level rates varied.",
1997-02-28,"Overall US unemployment rate was 5.3% in February 1997, with little change from prior month. Labor force participation was 67.0%. US unemployment was a concern, especially among young people, and influenced by Greenspan.",
1997-03-31,"March 1997 unemployment rate was 5.2%, essentially unchanged; US economy growing at 2.2% in 1997; unemployment was an ongoing concern with state-level data, racial disparities, and youth rates noted.",
1997-04-30,US unemployment shows racial disparities and lower veteran rates; real wages stagnant; high unemployment in Western countries; short-term forecast for US unemployment is stable or declining.,
1997-05-31,US unemployment rate continued its downward trend since 1995; IMF reported on global economic indicators. Labor market expected to maintain growth and further decline in unemployment.,
1997-06-30,"US unemployment rate was 8% in 1997, with significant regional (California highest, some areas >10%) and racial disparities (African Americans twice whites). Unemployment was a concern, showing a recent increase.",
1997-07-31,US unemployment rate around 5-5.4% in mid-90s and falling; European unemployment exceeded 11% in 1997; labor market expected steady growth with declining or stable unemployment.,
1997-08-31,"US economy showed steady, low-inflationary growth and stable policy. Unemployment was low in August 1997, but a concern in some areas (e.g., California highest). US labor markets were open, leading to wage inequality.",
1997-09-30,"Unemployment rate unchanged at 4.9% in September 1997; 6.8 million unemployed. Nonfarm payroll employment rose by 215,000. Rate had dropped below economists' expectations in 1997.",
1997-10-31,"Unemployment was a critical problem in the US in 1997, with California having the highest rate; deindustrialization concerns and economic uncertainty were discussed. A report for October predicted continued low unemployment and labor market growth.",
1997-11-30,"US unemployment rate was 4.6% in November 1997, little changed and near its lowest level for the year. Global unemployment issues and demographic disparities were ongoing concerns.",
1997-12-31,"December 1997 unemployment rate was 4.7%, unchanged from prior month, with strong nonfarm payroll growth; US economy showed a trend of lower unemployment.",Asian financial crisis and rising unemployment in other countries posed risks to global economic stability.
1998-01-31,"January 1998 unemployment rate was 4.7%; adult men's jobless rate declined to a 20-year low, while adult women's rate rose. Overall unemployment was still high.","The Asian crisis in 1998 affected global economies, potentially impacting US exports and economic growth."
1998-02-28,"US unemployment rate was essentially unchanged at 4.6% in February 1998, following economic expansion and declining unemployment in late 1997.",
1998-03-31,US economy booming with strong labor market and low unemployment (around 4.7% per BLS report); other sources reported high unemployment (around 7%) and among the highest globally.,
1998-04-30,"US unemployment rate declined to 4.3% in April from 4.7% in March; unemployed persons and rates across demographic groups also declined, reaching an all-time high employment-population ratio, continuing the strong economic trend.",
1998-05-31,US unemployment rate remained at 4.3% in May 1998; Unemployment Insurance Reauthorization and Job Creation Act passed in the United States.,"US trade deficits reached record levels, with foreign investment severely depressing wages; Adirondack County unemployment hit 18% in May 1998, highest in the state."
1998-06-30,"The official US unemployment rate for June 1998 edged up to 4.5%, with 6.2 million unemployed, continuing a period of generally low unemployment.",The Labor Department announced a 10.3% jump in first-time unemployment claims in the last week of June.
1998-07-31,"US unemployment rate was 4.5% in July 1998, noted as low and decreasing, with minimal inflation. A report predicted continued downward trend or stability in the short term.",
1998-08-31,"US unemployment rate remained 4.5%; nonfarm payroll employment rose by 365,000 in August, following a smaller gain in July.",Enactment of the Workforce Investment Act of 1998.
1998-09-30,"Realized facts for 1998 include US unemployment around 11%, Slovakia ~13%, Orange County CA 3% (June), and rising global rates in Thailand/Hong Kong. A report predicts stable, low unemployment and steady labor market growth.",
1998-10-31,"U.S. unemployment rate was around 4.8-4.9% in 1998, lowest in 24 years in 1997; forecast to remain stable or decrease short-term; racial and regional disparities noted.","Report of 14% U.S. unemployment in 1998 by National Urban League, conflicting with other reports of ~4.9%."
1998-11-30,"US government recorded a budget surplus in FY1998. US unemployment rate reached a 25-year low in November 1998, indicating a strong labor market, though California's rate was highest nationally.",
1998-12-31,"US economy was strong with record low unemployment in 1998, despite concerns and racial disparities. Ontario's unemployment was 3-4%; India faced significant unemployment.",
1999-01-31,"US economy showed strong growth and declining unemployment, reaching 4.3% in Dec 1998. The Fed raised interest rates in 1999. Racial and regional unemployment rate gaps persisted.",
1999-02-28,"US national unemployment rate was 5.5% in February 1999, lowest among advanced countries. Adult male unemployment rose to 3.7%; other demographic groups stable. Family income regained 1989 levels.",
1999-03-31,"US unemployment rate fell to low levels in March 1999, varying by demographics and dropping with education. Labor market expected stability, low unemployment, with service industry growth.",
1999-04-30,"US unemployment rate was low, around 4% (lowest in developed world), with expectations of continued low rates (4.3%) and slow employment growth, alongside concerns for vulnerable groups and structural labor market changes.",
1999-05-31,"US unemployment rate was 0.054 in May 1999, falling to a low of 3.9% nationally in 1999. The labor market showed continued growth with low unemployment rates.",
1999-06-30,Unemployment rate stable at 4.3% in June 1999; general trend of low and declining unemployment; high rates for specific demographics.,
1999-07-31,"US unemployment rate unchanged at 4.3% in July 1999; job gains in construction, service-producing, manufacturing sectors; average hourly earnings increased.",
1999-08-31,"US unemployment at a 30-year low, with a strong job market performance. The Taxpayer Refund and Relief Act of 1999 was noted. Personal savings rate continued to plummet.",
1999-09-30,"US unemployment rate at a three-decade low, with regional variations; Federal Reserve resisted raising interest rates; rising trade deficit driven by strong consumer demand; high poverty for service/farm workers.",
1999-10-31,"US unemployment rate was 4.1% in October 1999, essentially unchanged and low since March. Policymakers monitored the national unemployment rate amidst general economic concerns.",
1999-11-30,"US unemployment rate unchanged at 4.1% in November 1999; nonfarm payroll employment increased by 234,000; job growth continued in construction and services. Labor market expected to remain strong.",
1999-12-31,"Unemployment rate was 4.5% in 1999, 4.1% in November 1999, and a significant concern. The labor market was expected to continue an upward trend with low unemployment.",
2000-01-31,"US unemployment rate was 4.0-4.1%, a 30-year low, with record high labor force participation and employment-population ratios. Nonfarm payrolls increased by 387,000, and average hourly earnings rose, reflecting strong economic growth.",
2000-02-29,"US economy experiencing strongest expansion; low unemployment rate, robust labor demand, edging down in Jan 2000. Persistent high unemployment for specific demographic groups. Labor market expected to continue expansion.","Unspecified country experienced extremely high 85% unemployment rate in 2000, potentially indicating an exogenous global shock."
2000-03-31,"US unemployment was 4.0% in 2000, a 30-year low; Consumer Price Index rose 0.5% in February 2000; labor market expected to remain strong with low unemployment.",
2000-04-30,"US unemployment rate remained very low (around 4% or less) in April 2000, continuing a 30-year low trend with expected labor market expansion; concerns noted regarding regional disparities and inequality.",
2000-05-31,"US unemployment rate edged down to 3.9% in April 2000, lowest since Oct 1999, reinforcing the year's famously low rates. Forecasts predicted continued low unemployment (around 4.0-4.2%) and labor market growth.",
2000-06-30,"US unemployment rate was 4.0% in June 2000, stable from May; total employment rose, private sector up, government down. The economy maintained a historically low unemployment rate amid global recovery.",
2000-07-31,"National unemployment rate held at 4.0% in July 2000, its lowest in decades, stable since October 1999. Rates for worker groups unchanged. Economy expected to continue growing.",
2000-08-31,"National unemployment was a concern but low in August 2000, with youth hiring in eating/drinking places. Local rates varied. Labor market expected to remain stable, with services growth and manufacturing decline.",
2000-09-30,"US unemployment rate was a concern with demographic disparities. It was at a low point (4%) in 2000, declining to 3.9% in September.",
2000-10-31,"US unemployment rate was 4.2% in October 2000, low in late 1990s. Noted unemployment among working poor and racial minorities. Predictions for stable/slightly decreasing unemployment in next 1-3 months. Unit labor costs fell; computer prices declined.",
2000-11-30,"U.S. experienced record low unemployment (4.0% in 2000), including for minorities. Experts predict future unemployment rate rise, while short-term forecasts indicate stable or slightly decreasing unemployment and continued labor market growth.",
2000-12-31,"US unemployment rate was low in December 2000, continuing the trend from 2000 (around 4-6%), and was a topic of concern. Forecasts predicted a stable rate (3.9-4.1%) with modest labor market growth.",
2001-01-31,"US unemployment trends: increased 2000, fell 1999-2001, 4.3% in 2001 with disparities (CT 2% Jan 2001). US trade deficit grew since 1997. Labor market report predicts fluctuations.",
2001-02-28,January unemployment rate rose from 4.0% to 4.2%; historically low rates in late 1990s and Q4 2000; labor market expected to slow.,
2001-03-31,Unemployment rate for adult men rose to 3.8% and for blacks increased by 1.1 percentage points to 8.6% in March 2001. National rate expected to increase in 2001.,
2001-04-30,"National unemployment rate rose to 4.5% in April 2001 from 4.3% in March, with continued job losses in manufacturing, help supply, and construction. Unemployment was a general concern, varying regionally.",
2001-05-31,"US unemployment rate was 5% in May 2001, and also reported as little changed at 4.4%. US unemployment was at its lowest post-WWII level in 2001, with rates varying by region and demographic.",
2001-06-30,US unemployment rate rose from 4.3% at recession onset in March 2001; predictions for next 1-3 months indicate stable or slight increase with manufacturing job losses.,
2001-07-31,"National unemployment rate was 4.5% in July 2001, with 6.4 million unemployed. Labor force participation edged up, total employment increased, but nonfarm payroll employment decreased. Regional and racial disparities in unemployment persisted.",
2001-08-31,"US unemployment rate was 8.4% in August 2001; general concern over rising rates, regional disparities, and manufacturing layoffs. Short-term outlook predicted continued increases and potential recession.",
2001-09-30,US unemployment rate remained stable at 4.9% in September 2001; historical decline in unemployment from 4.4% to 4.1% in early September.,"September 11, 2001, terrorist attacks led to a rise in unemployment and economic decline."
2001-10-31,"Unemployment rate rose to 5.4%, highest since 1996, due to corporate consolidation and ongoing economic weakness; industrial production fell for 11th month.",September 11 attacks' impact contributed to rising unemployment.
2001-11-30,"US unemployment rate rose to 5.7% in Nov 2001 (highest since Aug 1995), up from 5.4% in Oct. Economy shrank in Q3 2001. Rates increased substantially year-over-year, affected by 9/11, varying by race/sex.",
2001-12-31,"US labor market structure facts, projected labor force diversification, historical unemployment data, stable November 2001 CPI, and analysis predicting continued employment decline and rising unemployment.","US unemployment rate jumped to 5.7% in November 2001 (six-year high) and reached 4.9% in September 2001 (four-year high) with 113,000 payroll losses."
2002-01-31,"US unemployment rate reported as 4.0%, 4.8%, 16%, and 87% in 2002; generally rising in January 2002; welfare rolls declining despite increasing unemployment.",
2002-02-28,US unemployment rate rose to 5.6% in Q4 2001; conflicting report notes it below 4% for 24 months as of Feb 2002. 2001 productivity growth was 1.8%. Labor market expected to recover.,
2002-03-31,Annual jobless rate rose to 4.8% in 2001; February 2002 unemployment was 5.5%; US trade deficit substantial in 2002; unemployment a general concern with state/demographic variations.,
2002-04-30,"US unemployment rate rose to 6.0% in April from 5.7% in March; unemployed persons increased by 483,000 to 8.6 million.",
2002-05-31,"US unemployment rate reached 5.8% in May 2002, an 8-year high, showing little change over the month but significantly above its October 2000 low. High rates persisted among specific demographics.",
2002-06-30,"Unemployment rate 5.9% in June 2002, essentially unchanged; long-term unemployment increased. President Bush reported dropping unemployment. US savings up, European unemployment rose.",
2002-07-31,"US unemployment rate was 5.9% in July 2002, unchanged for the third consecutive month, with stable nonfarm payroll employment and jobless rates across demographics.",
2002-08-31,"US unemployment rate was 5.9% in July 2002. In August 2002, it was 5.7% (8.1M unemployed), showing little change across worker groups.",
2002-09-30,"US unemployment rate was 5.6% in September 2002, essentially unchanged. The economy continued to experience slow growth and effects from 9/11, influencing unemployment and poverty dynamics.",
2002-10-31,"US unemployment rate was 5.7% in October 2002, essentially unchanged from September's 5.8%. Mass layoffs decreased in September. Demographic disparities persisted.",
2002-11-30,"US unemployment rate stayed near 6% in 2002; payroll employment flat to down nationwide. Unemployment rate expected to remain high, with continued manufacturing job losses and slow overall employment growth.",
2002-12-31,"Unemployment rate remained at 6.0 percent in December 2002, with 8.6 million unemployed persons. Unemployment was a significant concern in the US and Latin America.",
2003-01-31,"US unemployment rate was 5.6% (Sept 2002) and 12.7% (2003); national rate continued to rise and was projected to rise further, with industry variations. US faced record trade deficit in 2002. Labor market expected slow recovery.",
2003-02-28,"National unemployment rate fell to 5.7% in January 2003, then was little changed in February at 5.8%, with 8.5 million unemployed persons.",
2003-03-31,March 2003 unemployment rate remained 5.8% (8.4M unemployed); labor force participation decreased since March 2001. US labor market showed weakness in 2002. Racial/gender disparities in unemployment persisted in 2003.,
2003-04-30,"Unemployment rate rose to 6.0% in April 2003 (from 5.8% in March); nonfarm payrolls decreased by 48,000. Ongoing reporting and discussion of unemployment data.",
2003-05-31,"US unemployment rate increased 0.2% in April 2003, with varying rates by racial/ethnic groups. Overall US unemployment lower than previous years, but higher for young college graduates. Historical rates from Dec 2002 and Great Depression disparities noted.",High unemployment among immigrants in European Member States.
2003-06-30,"Unemployment rate rose to 6.4% in June 2003 (from 6.1% in May), with increased unemployed persons and nonfarm job losses. Racial inequality in the labor market was a concern. Predictions indicate continued rising unemployment and sluggish growth.",
2003-07-31,"July 2003 unemployment rate was 6.2% (down from June's 6.4%), with 9.1M unemployed. Labor force participation fell to a recent low of 66.2%. 2003 poverty rate for labor force was 27%.",
2003-08-31,"US unemployment rate remained high in 2003, at or above 6% in July, a concern for President Bush. BLS regularly reported labor statistics.",
2003-09-30,"US unemployment rate was 6.1% in September 2003, unchanged from August, with little change in nonfarm payroll employment. Unemployment was a significant concern in 2003.",
2003-10-31,"US unemployment rate was 6.1% in September 2003 and 5.8% in October 2003; nonfarm payroll employment showed little change. In 2003, 20% of private industry employees were in defined benefit plans.",
2003-11-30,"National unemployment rate was 6.0% in October 2003, a relevant topic, and had fallen to record low levels in 2003. Rates varied by state, age, race, and education, with a shift in labor market dynamics.",
2003-12-31,"US unemployment rate was around 5.2-5.7% in 2003 and November, with demographic disparities. BLS reported rates. Labor market showed signs of recovery, with stable/decreasing unemployment expected.",
2004-01-31,"December 2003 unemployment rate reported. January 2004 rate was 5.6%, little changed. Total employment rose by 496,000; nonfarm payrolls increased by 112,000. Retail and construction employment trended upward.",
2004-02-29,"US unemployment rate was 5.6% in January and February 2004, with employment 0.5% below recession levels. Conflicting estimates for 2003-2004 unemployment rates (5.6% vs 10.8%) were noted.",
2004-03-31,"Unemployment rate remained unchanged at 5.7% in March 2004, with 8.4 million unemployed persons. February 2004 had 941 mass layoff actions.",
2004-04-30,US unemployment rate in April 2004 was 5.6% (8.2M unemployed); long-term unemployment declined. The US economy was in a recession with high unemployment being a concern.,
2004-05-31,"US unemployment rate was unchanged at 5.6% in May 2004, following a general declining trend and low rates in early 2004, though localized and demographic disparities persisted.",
2004-06-30,"US national unemployment rate remained stable at 5.6% in June 2004, consistent with May 2004 figures.",
2004-07-31,"US unemployment rate was 5.5% in July 2004, essentially unchanged, with total employment rising by 629,000. High unemployment was a national concern, particularly in certain states and demographics.",
2004-08-31,Factual 2004 unemployment rates for veterans and youth labor participation; SUTA Dumping Prevention Act of 2004 enacted; historical US labor force and self-employment rates; general tendencies for minority unemployment.,
2004-09-30,"US unemployment rate was 5.4% in September 2004, unchanged from August, with total employment and jobless rates stable. Annual unemployment insurance exhaustion rate highest since 1941.",
2004-10-31,"US unemployment rate for October 2004 was 5.5% (seasonally adjusted). Most states saw decreasing unemployment and job creation, though Michigan's rate rose due to manufacturing losses.",
2004-11-30,"US unemployment rates for Oct 2004 (e.g., 4.9% adult men, 17.2% teenagers) and 2004 national rate (5.5%) reported; short-term unemployment expected steady/slight decrease.",Lingering effect of August/September 2004 hurricanes temporarily influenced US payrolls and unemployment rate.
2004-12-31,"US unemployment rate 5.4% in Nov 2004; Euro-zone stable. CPI-U up 0.2% in Nov. BLS reported 2004 earnings disparities by sex/race. Unemployment high in US, varies by race/ethnicity. Labor market slow growth expected.",
2005-01-31,"US unemployment rate decreased to 5.2% in January 2005 (from 5.7% a year prior), with December 2004 at 5.4%. Rates varied by demographic groups.",
2005-02-28,"Unemployment rate decreased in January 2005, then edged up to 5.4% in February 2005, returning to its December level. The rate was stable around 5.4-5.5% in late 2004.",
2005-03-31,"March 2005 US unemployment rate declined to 5.2%, with 332,000 fewer unemployed and 110,000 nonfarm payroll jobs added. Regional unemployment varied in 2004-2005.",
2005-04-30,"US unemployment rate unchanged at 5.2% in April 2005; total employment grew by 598,000; nonfarm payroll employment increased by 274,000.",
2005-05-31,"US unemployment rate was 5.1% in May 2005, essentially unchanged from previous month, but down from 5.6% a year earlier. Q4 2004 GDP growth was slow, leading to a 'jobless recovery'.",
2005-06-30,"June 2005 unemployment rate was 5.0%, with nonfarm employment up 146,000. May 2005 unemployment was 5.1%. US current account deficit reached a record high. Regional variations and young worker unemployment noted.",
2005-07-31,"US unemployment rate unchanged at 5.0% in July 2005; economy expanded solidly in first half, with rates generally low and leveling off, though higher for Hispanics.",
2005-08-31,"July 2005 US unemployment rate was 5.0%. August 2005 US unemployment rate was 4.9%, with 7.4 million unemployed; adult women's rate fell to 4.4%.","New Orleans unemployment rate was 60-80% in 2005, likely due to Hurricane Katrina's impact."
2005-09-30,August 2005 unemployment rate was little changed; US unemployment rate hit a 2005 low of 5.8%; unemployment is a key economic indicator.,"Labor market expected to feel effects of Hurricane Katrina, potentially causing fluctuations."
2005-10-31,"US unemployment rate was 5.1% in September 2005; Mississippi's rate was 6.8% in October. Labor market continued recovery from past hurricanes, with persistent unemployment disparities across groups.",
2005-11-30,"US unemployment rates reported 4.0-6.6% in 2005, with high local variations. Policy prioritizes low unemployment. Hurricane Katrina evacuees entering labor force. BLS predicts stable/decreasing unemployment.",
2005-12-31,"US unemployment rate was 4.6% in 2005, expected to remain around 4.9% short-term. It was a significant economic indicator in December 2005, with regional variations.",
2006-01-31,"US unemployment concern with regional/demographic disparities, historical racial gaps. Local/international rates reported. Predictions for decreasing/steady unemployment due to strong labor market.",
2006-02-28,"US unemployment rate decreased to 4.7% in January 2006, then was little changed at 4.8% in February. 2005 productivity growth was 2.7%. Disparities in unemployment persist.",
2006-03-31,"National unemployment rate 4.7%, total employment 143.6 million, nonfarm payrolls up 211,000 in March 2006. Labor force participation 66.1%. California unemployment 5.3%.",
2006-04-30,"Unemployment rate remained stable at 4.7% in April 2006, following a prior decline of 1.5-2 percentage points due to job matching; persistent racial disparities in unemployment continue.",
2006-05-31,US national unemployment rate was 4.7-4.8% in May 2006; April rates detailed by demographics. Euro area unemployment was 7.9%. Declining US internal migration and historical disparities noted. Monthly employment report published.,
2006-06-30,"Unemployment rate was 4.7% in Q1 2006, then unchanged at 4.6% in June. Unemployed persons stable; long-term unemployed fell. Housing market slowed in Q2 2006. Ongoing unemployment concern.",
2006-07-31,"Unemployment rate dropped, reported around 5% in June 2006; expected to remain stable or slightly fluctuate, with ongoing disparities across groups.",
2006-08-31,"US unemployment rate was 4.6% in July and 4.7% in August 2006, showing little change across most demographics. Government considered expanding retraining programs due to concerns. High child poverty rate (22.4%) in 2006.",
2006-09-30,"US unemployment rate was 4.7% in August and September 2006, indicating stability and continued labor market recovery from its 2003 peak. Growth in healthcare/financial sectors, but ongoing manufacturing decline and racial/ethnic disparities persisted.",
2006-10-31,US unemployment rate was 4.6% in Sep 2006; Q3 2006 consumer prices increased 0.8%. Unemployment rates vary by demographics; strong labor market expected.,
2006-11-30,"US national unemployment rate was 4.4% in November 2006, a multi-year low, following October's 4.4% decline. Strong employment growth noted, alongside racial/ethnic disparities.",
2006-12-31,"US national unemployment rate was 4.5% in 2006; CPI-U unchanged in Nov 2006. Specific unemployment rates for demographics (15-24 year-olds, African Americans) and regions (Alabama) were reported. Predictions suggest stability.",
2007-01-31,"National unemployment rate was 4.8% in January 2007, stable from prior months. African-American unemployment rate was 8.4%, a record low. Payroll jobs increased 167,000 in Dec 2006, with 4.5% unemployment.",
2007-02-28,"Unemployment rate unchanged at 4.5% in February 2007; 6.9 million unemployed. Service employment grew, construction declined; average hourly earnings rose 0.4%.",
2007-03-31,"US unemployment rate was 4.4-4.5% in March 2007, with nonfarm payrolls up 180,000. Jobless rates varied by demographics (whites 3.8%, blacks 8.3%). High unemployment persisted among vulnerable groups.",
2007-04-30,"March 2007 unemployment rate was 4.4%. April 2007 unemployment rate was 4.5% (6.8 million unemployed). Nonfarm payrolls increased by 88,000, with declines in manufacturing and retail.",
2007-05-31,"May 2007 unemployment rate was 4.5% and unchanged, consistent with 4.4-4.6% range since Sept 2006. General factors like education, immigration, and minimum wage policies influence the rate.",
2007-06-30,"US economy expanded with low unemployment (4.5% in May 2007, down from 11% in 1999). A report predicts stable employment and a steady unemployment rate.",
2007-07-31,US unemployment rate stable at 4.6% in July 2007 (up from 4.5% in June). Long-term unemployment and job loss significantly increased. Residential investment continued to drag on Q2 2007 GDP growth.,
2007-08-31,Unemployment rate held at 4.6% in August 2007; labor force participation decreased. Part-time employment for economic reasons increased significantly. Job declines in manufacturing/construction; growth in healthcare/food services. Rural unemployment rates rose.,
2007-09-30,"Unemployment rate in September 2007 was essentially unchanged at 4.7%, due to fewer job seekers, not more jobs; stable across demographics. August 2007 rate was 4.6%.",
2007-10-31,US unemployment rate was 4.7% in September 2007 and remained unchanged in October 2007. Historical and demographic unemployment data for US and other regions were also noted.,
2007-11-30,October 2007 US unemployment rate was 4.7%. Short-term predictions: stable or slight increase due to housing market decline and construction slowdown. Ongoing discussions on labor market disparities.,
2007-12-31,BLS tracks unemployment rates; November 2007 US rate was 4.7%; historical rates and demographic disparities noted. Expected continued rise in unemployment and labor market slowdown.,US economy languishing in 2007 due to an economic crash; unemployment peaked during the 2007-2008 financial crisis.
2008-01-31,"US unemployment rate was 4.9% in January 2008, with expectations of a continued rise throughout 2008, potentially reaching 5.5% by Q3.",
2008-02-29,"February 2008 unemployment rate essentially unchanged at 4.8%; total employment and employment-population ratio showed little change. January 2008 teenage unemployment was 18.0%, CPI-U increased 0.4%.",
2008-03-31,"Unemployment rate rose from 4.8% to 5.1% in March; nonfarm payroll employment trended down by 80,000, with increases across various demographic groups.",
2008-04-30,"The US unemployment rate rose to 5.1% in March 2008, continuing a trend since mid-2007. In April 2008, the rate was 5.0%, showing little change. Background notes include historical fluctuations.",
2008-05-31,"US unemployment rate rose from 5.0% to 5.5% in May 2008, with 861,000 more unemployed persons and 49,000 nonfarm job losses, continuing an elevated trend. The overall rate was reported as scheduled.",
2008-06-30,"National unemployment increased in May 2008, while CPI-U advanced. In June, the unemployment rate held at 5.5%, but total unemployed rose over 12 months, and Hispanic unemployment increased to 7.7%.",
2008-07-31,"US unemployment rate rose to 5.7% in July 2008, with 51,000 nonfarm jobs lost and increased part-time work for economic reasons.",
2008-08-31,US unemployment rate rose to 5.7% in July 2008 (4-year high); national unemployment increased in summer 2008; August report predicted continued rise in unemployment and decline in nonfarm payroll.,
2008-09-30,"US unemployment rate hit a five-year high, was 6.1% in August 2008, and increased, disproportionately affecting Hispanics, amidst the Great Recession of 2008. Detroit's rate was 9.7%.",
2008-10-31,Unemployment rate rose to 6.5% in October; 603k increase in unemployed persons; nonfarm payrolls fell by 240k; increases in long-term and involuntary part-time workers.,
2008-11-30,"Unemployment rate rose to 6.5% in Oct 2008 (highest in 14 years), then to 6.7% in Nov 2008. Unemployed persons increased significantly; labor force participation declined.",
2008-12-31,"US unemployment rate rose to 6.7% in November 2008, with black unemployment reaching 11.2%. Overall labor market deteriorated in 2008, showing racial disparities. National unemployment peaked in July 2008.",
2009-01-31,"Unemployment rate rose from 7.2% (Dec 2008) to 7.6% (Jan 2009), with significant increases in unemployed persons and across demographics, reflecting ongoing economic distress.",
2009-02-28,"January 2009 unemployment rose to 7.6% with sharp payroll decline; February 2009 unemployment reached 8.1%, increasing job losers and long-term unemployed.",
2009-03-31,"U.S. unemployment rate rose to 7.6% in Feb 2009, with expectations to continue rising, potentially reaching 9% in 2009, reflecting an ongoing recession and labor market downturn.",
2009-04-30,"US unemployment rate rose to 8.5% in March 2009, with 13.2 million unemployed. Rates were higher across all states. Forecasts predict continued increases, potentially peaking above 10%, due to ongoing recession.",
2009-05-31,"US unemployment rate rose to 8.9% in April 2009, remaining at 8.9% by May 28, 2009, with expectations for continued increases and significant increases since 1980s.",
2009-06-30,"US unemployment rate rose to 9.4% in May and 9.5% in June 2009, highest since 1983, with detailed demographic breakdowns and continued nonfarm payroll declines.",
2009-07-31,"Unemployment rates remained high and rising nationally, particularly in states like Michigan (15.2% in June) and Indiana, and among specific demographics; June 2009 US data was seasonally adjusted.",
2009-08-31,"US unemployment rate rose to a 26-year high of 9.7% in August 2009 (14.9M unemployed), with Wisconsin also above 9%. Government measures address persistent high unemployment and racial/youth disparities.",
2009-09-30,"US unemployment rate was 10.2% in August, reaching 9.5% by September 2009, reflecting a 5.1% increase from 2008. Reports indicate ongoing job losses and slow recovery.",
2009-10-31,"Official BLS Employment Situation News Release in October 2009. US unemployment rate for September 2009 was 10.2%, with national rate at 10% in 2009. Labor force participation declined.",
2009-11-30,"US unemployment rate was 10.2% in October 2009, then edged down to 10.0% in November, with long-term unemployed rising to 5.9 million.",
2009-12-31,"US unemployment rate for November 2009 reported at 10.0% (down from 10.2%), then 10.2% for December. Ongoing racial disparities and slow recovery expected.",
2010-01-31,"US job market remains weak with high unemployment (10.0% in Dec 2009, 10.1% in 2010). Nonfarm payrolls declined. Unemployment higher for minorities. Import/export prices rose in 2009. Expected slow, gradual employment recovery.",
2010-02-28,"US unemployment rate was 4.5% in Feb 2010, after falling to 9.7% in Jan 2010. Rates have risen quickly over two years. Slow labor market recovery expected.",
2010-03-31,"February 2010 unemployment rate was 9.7%; reports detailed 2009 rates (US 9.3%, PA 8.1%, foreign-born 9.7%) and falling labor force participation. Analysis predicted slow recovery and continued high unemployment.",
2010-04-30,"March 2010 US unemployment rate remained at 9.7% (15M unemployed), nearly doubling in 2010 from prior levels. Labor market expected to recover slowly.",
2010-05-31,"US unemployment rate high (around 11% in May 2010, 9.9% in April 2010), with persistent structural problems and demographic disparities. Labor market expected to continue slow, uneven recovery.",
2010-06-30,June unemployment rate edged down to 9.5%; civilian labor force participation fell to 64.7%; long-term unemployed unchanged. May rate was 9.7%. Declines in summer teen employment observed.,
2010-07-31,"July 2010 unemployment rate was 9.5%, unchanged from June (14.6M unemployed). June saw Nevada's rate hit 14.2% (a new high). African American unemployment was 20% in 2010.",
2010-08-31,"US unemployment rate was 9.6% in August 2010, largely unchanged from July. 14.9 million unemployed; long-term unemployed declined by 323,000 to 6.2 million.",
2010-09-30,"Realized facts show high unemployment for youths (July 18.5%), overall (Aug 9.3%), and long-term (Aug 42%). Nonfarm payrolls remain down, with expectations for continued high rates (9.5-10%) in September.",
2010-10-31,"US unemployment rate was 9.6% in September and around 7.5% in October 2010, reflecting generally high levels with variations across states and demographics. Job losses were significant in 2010.",
2010-11-30,"US unemployment rate was high (above 9%) in November 2010, continuing from 9.6% in October. This was due to the ongoing recession, job loss, and slow wage growth. Official BLS report released.",
2010-12-31,"US unemployment rate fell to 9.4% in December 2010, with 556,000 fewer unemployed persons. Insured unemployment rate was stable at 3.3%.",
2011-01-31,"US unemployment rate fell to 9.0% in January 2011, with 600,000 fewer unemployed; employment rose in manufacturing/retail, declined in construction/transportation.",
2011-02-28,US unemployment rate fell to 9.0% in January 2011 and was 8.9% in February 2011. Labor force participation and employment-population ratios were unchanged in February. Racial disparities in unemployment persist.,
2011-03-31,"US unemployment rate was 8.8% in March 2011, with 216,000 nonfarm payroll jobs added. February 2011 rate was 10.3%.",Global economic shock from the disaster in Japan (Tohoku earthquake/tsunami) in March 2011.
2011-04-30,"April 2011 unemployment rate edged up to 9.0%; long-term unemployed declined, nonfarm payrolls increased. March rate was 8.8%, and state unemployment debts were collected.",
2011-05-31,"US unemployment rate was 9.0% in April 2011, around 8.75-9.1% in May, with regional highs over 10%. Labor market showed slow growth, expecting high, stagnant unemployment due to structural issues.",
2011-06-30,"US unemployment rate was 9.1% in May and 9.2% in June 2011, showing little change. Historical job-finding rates declined post-2008 recession. The Condition of Education 2011 report was released.",
2011-07-31,"US unemployment rate remained high at 9.1-9.2% (May-July 2011), with 13.9M unemployed and 44.4% long-term jobless. Disparities by gender, race, and region persisted amidst slow recovery.",
2011-08-31,"US unemployment rate was 9.1% in August 2011, a slight decline from 9.2% in July; youth unemployment also declined. High unemployment persists since the Great Recession, with disparities across groups. Rate expected to remain around 9.1%.",
2011-09-30,"US unemployment rate was 9.1% in August 2011, with higher rates for minorities. 2010 average was 9.6%. Short-term forecasts predict continued high unemployment (9.0-9.2%) and slow labor market recovery.",
2011-10-31,"Unemployment rates reported at 9.1% (Sept), 8.3% (mid-Oct), 9.1% (Oct); ongoing high unemployment, slow economic recovery from 2007-2009 recession, and concerns about poverty/inequality.",
2011-11-30,"US unemployment rate 9% (2011), youth at 17%, and high school dropouts higher. California's rate 11.7% (Oct 2011). Labor market expected to slowly recover.",
2011-12-31,"US unemployment rate was 8.5-8.6% in December 2011, continuing a downward trend. Nonfarm payroll employment rose by 200,000, with gains in transportation, retail, manufacturing, healthcare, and mining.",
2012-01-31,"US unemployment rate fell to 8.5% in Dec 2011 with 200K nonfarm jobs added. However, unemployment increased in 32 states and D.C. Disparities persisted for African Americans (15-15.8%), Hispanics (11.9%), and construction (34%).",
2012-02-29,"US unemployment rate decreased to 8.3% in January 2012, then remained unchanged at 8.3% in February, with little change across demographics. This continued a long stretch of high unemployment.",
2012-03-31,"US unemployment rate in 2011 was 8.9%, and February 2012 rate was adjusted for seasonal factors. State variations were significant, and the labor market was expected to recover slowly.",
2012-04-30,"US unemployment rate was 8.2% in March 2012, with 120,000 jobs added. It then slightly decreased to 8.1% in April, showing little change. Many states saw decreases from a year prior, reflecting a slow recovery.",
2012-05-31,May 2012 U.S. unemployment rate essentially unchanged at 8.2%; long-term unemployed rose to 5.4M. Rates for adult men and Hispanics edged up; others stable.,
2012-06-30,"May 2012 unemployment rate was 8.0-8.2%. In June 2012, the rate was unchanged at 8.2% with 12.7 million unemployed. Black unemployment edged up to 14.4%.",
2012-07-31,"July 2012 unemployment rate was 8.3%, unchanged from June (8.2%), with little change across demographics. General facts about unemployment and its demographic variations were reported.",
2012-08-31,August 2012 national unemployment rate edged down to 8.1%; July 2012 rate was 8.3% and regional rates were stable. Historical peak of 10% in Oct 2009 noted.,
2012-09-30,Unemployment rate decreased to 7.8% in September 2012 from 8.1% in August. Historical context highlights demographic disparities in unemployment.,
2012-10-31,"US unemployment rate was 7.8% in October 2012, down from 8.1% in September. High unemployment persists for African American men and other demographics. Hurricane Sandy had no discernable effect on October employment data.",
2012-11-30,"US unemployment rate at 7.9% (Oct 2012), 8.3% (July 2012), with significant racial/ethnic and regional disparities. Long-term unemployment problem noted. Labor market expected to slowly recover, rate around 7.7%.",
2012-12-31,"US unemployment rate 7.7% in November 2012, down from 7.9% in October, but due to workers leaving labor force; persistent high unemployment since Great Recession, slow recovery and 8.9 million jobs shortfall in 2012.",Potential increase in unemployment due to ongoing fiscal cliff negotiations.
2013-01-31,"Monthly BLS unemployment data release (Dec 2012 rate 7.8%, Jan 2013 predicted ~7.9%); ongoing high unemployment post-recession with regional and demographic disparities.",
2013-02-28,"US unemployment rate was 7.6% in Dec 2012 and 7.9% in Jan 2013; rate hovered around 8% for over a year. Unemployment varies by demographics and affects homeownership/job satisfaction. Labor market expected to slowly recover, with stable or declining unemployment in the short term.",
2013-03-31,"The US unemployment rate was 7.6% in March 2013, following a 9.0% rate in January. The country still needed 9 million jobs to return to pre-recession levels.",
2013-04-30,"National unemployment rate was 7.5% in April 2013, declining 0.4 percentage points since January. Unemployment rates for Black or African American individuals were 48.2% and for Asian individuals were 26.9%.",
2013-05-31,Unemployment rate essentially unchanged at 7.6% in May 2013; persistent regional and demographic disparities in employment and poverty rates observed.,
2013-06-30,"June 2013 unemployment rate was 7.6%, unchanged from May, with persistent demographic disparities (e.g., higher for black individuals, teenagers). Slow recovery and stagnant/slowly decreasing unemployment expected.",
2013-07-31,"US unemployment rate edged down to 7.4% in July 2013; black (12.6%) and adult women (6.5%) rates declined, while other demographic rates showed little change. Overall US rate fell in H1 2013, with persistent racial gaps.",
2013-08-31,"US unemployment rate was 7.3% in August 2013, little changed from July; nonfarm payrolls increased by 169,000; labor force participation edged down; racial disparities persisted.",
2013-09-30,"US unemployment rate was 7.3% in August and 7.2% in September 2013, showing little change. Persistent racial/ethnic disparities in unemployment and poverty continued, with regional variations.",
2013-10-31,"October 2013 unemployment rate was 7.3% (11.3M unemployed), little changed from September (7.2%). Excess unemployment, especially among minorities, and rising income inequality persist. The rate is seen as an inaccurate measure due to missing workers and underemployment.",
2013-11-30,"Unemployment rates remained high, with significant disparities across demographic groups (Native American, African American women, transgender people of color). Historical unemployment trends were also noted. A report predicted continued labor market recovery.",
2013-12-31,US unemployment rate declined from 7.0% to 6.7% in December 2013; labor force participation rate declined to 62.8%.,
2014-01-31,"Unemployment rate was 6.6% in Jan 2014, stable from Dec 2013 (6.7%), and down 0.6 points since Oct. Ongoing concerns about high unemployment, job creation, and ethnic disparities were noted.",
2014-02-28,"US unemployment rate was 6.7% in Dec 2013 and 6.6% in Jan 2014, lowest in 5+ years. Unemployment varies by demographics. Labor market expected slow recovery, with rates around 6.7%.",
2014-03-31,"US unemployment rate 6.7% in Feb 2014; racial, youth, and state-level disparities in jobless rates; labor market stabilizing, expected rate around 6.7% based on official March 2014 report.",
2014-04-30,"April 2014 US unemployment rate fell to 6.3%, with broad declines; March was 6.7%. Disparities persist. Expected continued decline.",
2014-05-31,"US national unemployment rate was 6.3% in April 2014. It held at 6.3% in May 2014, with 9.8 million unemployed persons. AAPI unemployment was 5.2% in 2014.",
2014-06-30,"Unemployment rate declined to 6.1% in June 2014; long-term unemployed decreased; employment grew in professional, retail, food services, healthcare; average hourly earnings rose.",
2014-07-31,"US unemployment rate was 6.2% in July 2014, little changed from June. Nonfarm payrolls increased by 209,000. Unemployment for adult women rose to 5.7%, for blacks to 11.4%.",
2014-08-31,"August 2014 unemployment rate was 6.1%, little changed from July; long-term unemployed declined by 192,000. Labor force participation rate unchanged. Persistent high unemployment for certain demographics/regions.",
2014-09-30,"Unemployment rate declined to 5.9% in September 2014, continuing a downward trend. Persistent disparities existed across demographics and regions, with higher rates for African Americans.",
2014-10-31,"US unemployment rate declined to 5.9% in September 2014. October 2014 rates for whites 4.8%, adult men 5.1%, adult women 5.4%, blacks 10.9%, Hispanics 6.8%. Persistent regional, racial, and ethnic disparities in unemployment.",
2014-11-30,"US unemployment rate was 5.8% in Oct 2014, a post-recession low, and remained unchanged at 5.8% in Nov 2014, with 9.1 million unemployed. It was falling faster than predicted. Unemployment rate for African Americans was 10.9%.",
2014-12-31,"US unemployment rate declined to 5.6% in December 2014, with 8.7 million unemployed. Racial disparities persisted, with Black unemployment at 10.4%.",
2015-01-31,"U.S. unemployment rate was 5.7% in January 2015; nonfarm payrolls rose by 257,000. December 2014 rate was 5.6%, a six-year low. Racial disparities persist.",
2015-02-28,"Unemployment rate for February 2015 was 5.5%, continuing a downward trend from 5.7% in January and 5.6% in December 2014. Nonfarm payrolls increased by 257,000 in January.",
2015-03-31,"Unemployment rate unchanged at 5.5% (8.6M unemployed) in March 2015, down 1.1 percentage points year-over-year. National black unemployment was 11% in 2015.",
2015-04-30,"US unemployment rate for April 2015 was 5.4%, with 8.5 million unemployed persons and demographic disparities. Economy saw sustained job growth leading up to 2015, with rates tracked by BLS and influenced by various factors.",
2015-05-31,Labor force participation rate little changed at 62.9% in May 2015. Unemployment rate essentially unchanged at 5.5% with 8.7 million unemployed persons.,
2015-06-30,US unemployment rate declined to 5.3% in June 2015; unemployed persons and long-term unemployed decreased; nonfarm payrolls increased; labor force participation rate declined; persistent racial disparities.,
2015-07-31,US unemployment rate was unchanged at 5.3% in July 2015; national and state jobless rates fell from May to June; persistent racial disparities in unemployment.,
2015-08-31,"US unemployment rate edged down to 5.1% in August 2015, with 8.0 million unemployed. Labor force participation rate was 62.6%; employment-population ratio was 59.4%. Racial disparities in unemployment persisted.",
2015-09-30,"National unemployment rate held at 5.1% in September 2015, unchanged from August. Labor force 167.98 million; rate down 0.8 percentage points year-over-year, nearly back to normal post-recession. Persistent racial disparities in unemployment rates.",
2015-10-31,"US unemployment rate was 5.0% in October 2015, essentially unchanged; long-term unemployed and labor force participation rate remained stable.",
2015-11-30,"US unemployment rate held at 5.0% in November 2015, with demographic variations. Overall US unemployment showed a steady decreasing trend in 2015.",
2015-12-31,"US unemployment rate was 5.0% in December 2015, unchanged; black unemployment declined to 8.3%. Labor force participation stable at 62.6%. US added 211k jobs in November 2015.",
2016-01-31,"US unemployment rate unchanged at 5.0% in Dec 2015; 292,000 nonfarm jobs added. Over 30 states reformed unemployment insurance in Jan 2016. Persistent racial/ethnic and gender disparities in unemployment rates.",
2016-02-29,"The unemployment rate was 4.9% in February 2016, unchanged from the previous month, and down 0.6 percentage point over the year. December 2015 rate was 5.0%.",
2016-03-31,"Unemployment rate for March 2016 was 5.0%, little changed, with specific demographic breakdowns; persistent disparities by race, ethnicity, age, sex, and educational attainment; regional variations; historical unemployment and SNAP data.",
2016-04-30,"March 2016 unemployment rate 5.0%, 215k jobs added. April 2016 rate held at 5.0%, labor force participation decreased. Persistent racial/ethnic unemployment disparities noted. Long-term demographic shifts and uninsured rate also reported.",
2016-05-31,"US unemployment rate declined to 4.7% in May, continuing its trend; employment increased in healthcare, while mining jobs declined; persistent high unemployment among youth and specific demographics.",A strike resulted in job losses in the information sector.
2016-06-30,"June 2016 unemployment rate increased by 0.2 percentage points to 4.9%, with 7.8 million unemployed; rates for adult women and Whites rose. May 2016 rate was 4.7%.",
2016-07-31,"US unemployment rate steadily falling, reaching full employment (below 5%); however, racial/ethnic disparities persist. June 2016 rate rose to 4.9% (from 4.7% in May), with 287,000 nonfarm payroll gains.",
2016-08-31,"US unemployment rate remained at 4.9% for the third month, meeting full employment, with continued job growth.",
2016-09-30,"August 2016 jobs report showed 151k added, 4.9% unemployment. General facts on demographic disparities in unemployment and wages. US unemployment below 5% with steady job growth. Monthly labor market report.",Reported rise in the United States unemployment rate.
2016-10-31,"The October 2016 unemployment rate was 4.9% and stable, reflecting ongoing labor market recovery from the Great Recession, declining labor force participation, and persistent racial, ethnic, and regional disparities in unemployment.",
2016-11-30,"Unemployment rate declined to 4.6% in November 2016; nonfarm payrolls increased by 178,000; persistent disparities for Hispanic, Black, and veteran workers; BLS releases employment projections every 2 years.",
2016-12-31,November 2016 unemployment rate fell to 4.6%. December 2016 unemployment rate was 4.7%. 2016 overall rate 4.9% with racial/ethnic disparities. Ongoing labor market recovery.,
2017-01-31,"US unemployment rate declined to 4.7% in Dec 2016 and 4.3% in Jan 2017, with continued labor market growth expected, partly due to tax stimulus. Disparities persist across education and racial groups.",
2017-02-28,"February 2017 unemployment rate was 4.7%, little changed from January; January nonfarm payrolls increased by 227,000. Labor force participation was 63.0% in February. Unemployment varies by demographics.",
2017-03-31,"U.S. jobless rate declined in 2016, expected to remain low/stable or decline. Persistent racial/ethnic disparities in unemployment are noted and expected to continue. Ongoing factors like opioid crisis, furlough guidance, and robots are contextual.",
2017-04-30,US unemployment rate declined to 4.5% in March 2017; continued labor market recovery and decreasing unemployment trend; persistent demographic disparities; high job vacancy rate.,
2017-05-31,US unemployment rate 3.1% in May 2017; Michigan rate fell; unemployment varies by race/ethnicity; monthly US unemployment report available.,
2017-06-30,"US unemployment rate was 4.4% in June 2017, little changed; labor force participation and employment ratios stable.",
2017-07-31,Unemployment rate little changed at 4.3% in July 2017; US in longest expansion since 1850 with 4.4% rate in April 2017; persistent racial/ethnic disparities.,
2017-08-31,"US unemployment rate 4.4%; African American unemployment 7.1%; regional declines; ongoing disparities by sex, race, education; labor market expected steady growth.",
2017-09-30,US unemployment rate decreased to 4.2% in September 2017. Monthly publication of state estimates and past unemployment data for July 2017 and 2016.,
2017-10-31,"US unemployment rate continued its steady decline, dipping to 4.2% in September and 4.1% in October 2017. Disparities by race/ethnicity persisted.","Job losses in September 2017, potentially due to hurricanes, impacted the job market. Natural disasters caused short-term economic fluctuations."
2017-11-30,"US unemployment rate held at 4.1% in November 2017, with expectations for continued steady job market growth and stable or slightly decreasing unemployment.",
2017-12-31,December 2017 U-3 unemployment rate was 4.1%; 2017 annual rate was 4.4% with persistent racial/ethnic disparities. General low unemployment but with structural issues and regional variations. Short-term outlook is stable or slightly decreasing.,
2018-01-31,"US unemployment rate stable at 4.1% in Dec 2017/Jan 2018; job growth continues; African American and Hispanic American unemployment reached historic lows, though racial disparities persist.",
2018-02-28,"US unemployment returned to pre-crisis levels by 2016. African American unemployment reached historic lows in Dec 2017 (6.8%), with most states below 10% in Q4 2017. Regional variations observed.",
2018-03-31,"Unemployment rate remained unchanged at 4.1% in March 2018; labor force participation and employment-population ratio stable. US unemployment rate declined in recent years, but racial disparities persist.",
2018-04-30,"Unemployment rate decreased to 3.9% in April 2018, after 6 months at 4.1%. Unemployed persons decreased by 239k. Job gains in professional/business, manufacturing, healthcare, mining.",
2018-05-31,"US unemployment rate edged down to 3.8% in May; April rate was 3.9%. National rate has been falling, with demographic disparities noted.",
2018-06-30,"Unemployment rate rose to 4.0% in June, increasing unemployed persons and long-term unemployed. Job growth in professional services, manufacturing, healthcare; retail trade lost jobs. BLS published 2018 SOC System. Persistent racial disparities.",
2018-07-31,"US unemployment rate edged down to 3.9% in July 2018, continuing a low trend. Employment grew in professional, manufacturing, and healthcare. Persistent disparities noted for specific groups and regions.",
2018-08-31,Unemployment rate remained 3.9% in August; national rate edged down 0.1 percentage point. Labor force participation declined 0.2 percentage point. Demographic rates showed little change.,
2018-09-30,"September 2018 unemployment rate declined to 3.7%; August rate was 3.9%; August nonfarm payrolls increased by 201,000.",
2018-10-31,"US unemployment rate remained at 3.7% in October 2018, lowest since 1969, showing year-over-year decline. Disparities by age, race, and region persisted.",
2018-11-30,"US economy created 250,000 jobs in Oct 2018; national unemployment rate was 3.7%. Rate varies by race, sex, education, and for specific groups like CARDIA participants.",
2018-12-31,"US unemployment rate for December 2018 was 3.9%; the 2018 annual rate was also 3.9%. Rates varied by race, ethnicity, and demographics, with these disparities expected to persist.",
2019-01-31,"Realized facts on US unemployment rates (Dec 2018: 3.9%, Jan 2019: 4.0%), state-level rates, nonfarm payroll employment, union membership, and employment multipliers.",Impact of the US government shutdown (Dec 2018 - Jan 2019) on employment situation.
2019-02-28,"February 2019 unemployment rate declined to 3.8% (20k nonfarm payrolls added), black unemployment rate was 6.6%. US labor market continued recovery, with persistent racial/ethnic disparities.",
2019-03-31,"US unemployment rate remained 3.8% in March (6.2M unemployed), following 3.8% in February. Labor force participation was 63.0%; average hourly earnings rose 4 cents.","Utah's unemployment rate hit historical low of 1.9%, unprecedented for Utah or the US."
2019-04-30,"Unemployment rate declined to 3.6% in April 2019, lowest since 1969, reflecting a strong labor market with persistent racial and demographic disparities.",
2019-05-31,"US unemployment rate remained at 3.6% in May 2019, a near 50-year low. Disparities by race/ethnicity persist, with an increase in short-term unemployment.",
2019-06-30,"US unemployment rate was 3.7% in June 2019, near its lowest since the late 1960s, as the US economy continued its longest expansion. Racial disparities in unemployment persisted.",
2019-07-31,"US unemployment rate held at 3.7% in July, near 50-year low, with 6.1 million unemployed. Initial unemployment claims decreased. Persistent racial and state-level disparities in unemployment rates observed.",Ongoing US-China trade tensions and retaliatory tariffs could increase unemployment rates.
2019-08-31,US unemployment rate stable at 3.7% in August; job growth slowed to 158k/month in 2019; increase in part-time for economic reasons; recently hit 49-year low; ongoing racial disparities.,
2019-09-30,"US unemployment rate declined to a historic low of 3.5% in September 2019, lowest since December 1969. Persistent racial disparities in unemployment and poverty rates continued.",
2019-10-31,"The US unemployment rate was 3.5% in September, then 3.6% in October 2019, marking a 50-year low and remaining stable. Estimates are from a monthly survey.",
2019-11-30,"October 2019 US unemployment rate was 3.6%; labor market expected to remain strong with continued employment growth and stable rates. African American and Hispanic unemployment rates reached lowest levels ever recorded, though disparities persist.","Conflicting reports on US unemployment rate: 11.1% vs 14.7%, a significant discrepancy from other reported low rates."
2019-12-31,"US unemployment rate held at 3.5% in December 2019 (3.7% for 2019 overall), remaining historically low. Persistent disparities observed across racial/ethnic groups, people with disabilities, and regions.",
2020-01-31,"US unemployment rate for December 2019 was 3.5%, a 50-year low. January 2020 rate was 3.6%, with moderate job growth and 145,000 new nonfarm payroll jobs.",
2020-02-29,"US unemployment rate was 3.5% in February 2020, little changed and stable for 6 months; rates for minority groups reached historical lows.",
2020-03-31,"Historical disparities in unemployment rates for African Americans and disabled workers; February nonfarm payrolls rose by 273,000, unemployment 3.5%; BLS collects unemployment data; seasonal fluctuations.",Economic disruption from coronavirus outbreak led to business shutdowns and layoffs; CARES Act passed to mitigate pandemic's impact on labor market.
2020-04-30,"US unemployment rate surged to 14.7% in April 2020, the highest rate and largest monthly increase in history, with widespread increases across all states and demographic groups.",The unprecedented economic fallout from the ongoing COVID-19 pandemic and associated lockdowns led to record-high unemployment.
2020-05-31,"Unemployment rate declined to 13.3% in May, following April's 14.7% jump; high rates and racial disparities persisted.",Ongoing economic impact of the COVID-19 pandemic.
2020-06-30,"Unemployment rate, after soaring to high levels, began to decline in June 2020 (to 11.1%), though racial and ethnic disparities persisted.",
2020-07-31,"Realized unemployment rates for June/July 2020 (e.g., MA 17.4%, US 10.2%), persistent racial/ethnic disparities, and the ongoing impact of COVID-19 on the labor market, with past peaks and links to food insecurity.",
2020-08-31,"National unemployment rate declined to 8.4% in August 2020, with 2.8 million fewer unemployed, continuing recovery from the COVID-19 shock; racial and demographic disparities persist.",
2020-09-30,"US unemployment rate fell to 8.4% in August and further to 7.9% in September, with declines in unemployed persons and labor force participation. The US officially entered recession in February 2020.",
2020-10-31,US unemployment rate declined to 7.9% in September and 6.9% in October 2020. Declines observed across all major worker groups. Ongoing significant impact of COVID-19 pandemic on labor market.,
2020-11-30,"US unemployment rate declined to 6.9% in October; state rates varied, some above 10%; racial disparities in unemployment persisted.",
2020-12-31,November 2020 US unemployment rate was 6.7% (245k jobs added); December 2020 rate also 6.7%. Annual 2020 rate was 8.1% with racial disparities.,High COVID-19 cases linked to high unemployment; pandemic accelerated job market changes.
2021-01-31,"US unemployment rate fell to 6.3% in January 2021, a 0.4 percentage point decrease from December 2020's 6.7%. Nonfarm payrolls declined by 140,000 in December. Racial disparities in unemployment persisted.",
2021-02-28,January 2021 unemployment fell to 6.3%; nonfarm payrolls up 49k. Racial/ethnic disparities persist. December 2020 unemployment reported at 6.5% (and 3.5%). February 2021: all states below 10% unemployment; average county rate 3.26%.,
2021-03-31,"Unemployment rate edged down to 6.0% in March 2021, from 6.2% in Feb 2021, continuing recovery from pandemic spike in March 2020. Disparities persist across education and minority groups.",
2021-04-30,US unemployment rate was 6.0% (March) and 6.1% (April); racial disparities persisted; Unemployment Extended Benefits ended April 17; rates increased in 40 states/D.C. year-over-year.,
2021-05-31,"April 2021 unemployment rate reported at 6.1% with 266k jobs added. May 2021 unemployment rate declined to 5.8%; 496k fewer unemployed. Ongoing federal unemployment benefit expansion (PUC). Persistent demographic disparities in unemployment rates, widened by COVID-19.",
2021-06-30,"US unemployment rate fell to 5.8% in May, decreased from May 2020 to June 2021, but showed disparities by race/ethnicity; labor force participation dipped; BLS released new labor market data.",
2021-07-31,"US unemployment rate was 5.9% in June, then declined to 5.4% in July with 850,000 new jobs. Racial disparities persisted, with African Americans and Hispanics facing higher rates.",
2021-08-31,"US unemployment rate declined to 5.2% in August, with decreases in unemployed persons and long-term unemployed; racial disparities in unemployment persisted, with higher rates for minorities.",
2021-09-30,"Unemployment rate fell to 4.8% in September 2021, with 710,000 fewer unemployed persons; labor force participation stable; persistent racial/ethnic disparities.",
2021-10-31,"US unemployment rate fell to 4.8% in September and further to 4.6% in October; job growth was widespread, but public education employment declined. Persistent racial and ethnic disparities in unemployment continued.","A report during October stated the US unemployment rate was a 'record-low 3.5 percent,' which was significantly lower than the officially reported 4.6% for the month."
2021-11-30,"Unemployment rate fell to 4.2% in November, with labor force participation increasing. Ongoing racial and ethnic disparities in unemployment persist, following the cessation of the FPUC program.",
2021-12-31,"National unemployment fell to 4.2% in November; nonfarm payrolls rose by 210,000. American Indian/Alaska Native unemployment was 7.9% in December. US labor force participation rate is near expected levels. Overall US unemployment averaged 5.3% in 2021, with racial/ethnic variations. Labor market expected to continue upward trend; unemployment to decline or stabilize.",
2022-01-31,"US unemployment rate dropped to 3.9% in Dec 2021, lowest since 1969. Black unemployment rose to 7.1% in Dec 2021; Hispanic women's rate at record low. Labor market recovery expected.",
2022-02-28,"January 2022 US unemployment rate was 4.0%, with nonfarm payrolls up 467,000 and 4.7% in transportation; Racial disparities persist, with Black Americans' unemployment at 5.8% versus White Americans' 3.4%; Reports on demographic unemployment rates and historical April 2020 data were released/discussed in February.",
2022-03-31,US unemployment rate decreased to 3.6% in March; persistent racial/ethnic and regional disparities in unemployment rates continued.,
2022-04-30,U.S. unemployment rate for March 2022 reported at 3.6-3.8%; April 2022 rate remained 3.6% with stable labor force participation and employment-population ratio.,
2022-05-31,"US unemployment rate steady at 3.6% in March, April, and May 2022, trending towards pre-pandemic levels. Persistent disparities noted across demographics (race, education, formerly incarcerated).",
2022-06-30,"US unemployment rate 3.6% in June 2022 (transportation sector 4.1%), following 4.5% in May. Labor market continued recovery with persistent racial disparities.",
2022-07-31,"US unemployment remained low (3.6% in June); several states, including Minnesota, reached record low unemployment rates in July; labor force participation and racial disparities noted.",
2022-08-31,"US unemployment rate fell to 3.5% in July 2022, a 50-year low, with 528,000 jobs added. Unemployment disparities persisted for Black youth, women, and New Yorkers. US transportation sector unemployment was 4.6% in August 2022.",
2022-09-30,"US unemployment rate reported at 3.5-3.7% for August/September 2022, noted as historically low with racial/gender disparities. 2021 poverty rate reported at 11.6%.",
2022-10-31,"US unemployment rate for September 2022 reported at 3.5% (or 3.9%) with job additions. State and demographic unemployment rates were reported, with Hispanic/Latino workers reaching a record low. General decline in 12-month moving average unemployment rates noted.",
2022-11-30,US unemployment rate was 3.7% in Oct and Nov 2022. BLS projects slower 0.5% annual employment growth (2021-31). State/racial disparities persist; New York's rate was 6.9%.,
2022-12-31,"National unemployment rate was 3.9% in December 2022, declining to 3.6% for the year. The US transportation sector rate was 4.5%. Persistent disparities in unemployment rates continued across racial/ethnic groups, youth, and regions.",
2023-01-31,"US unemployment rate was 3.4% in January 2023 (5.7M unemployed); rates varied by state (Nevada highest, North/South Dakota lowest) and sector (transportation 4.7%); racial/ethnic disparities persisted.",
2023-02-28,US unemployment rate dropped to a 50-year low (3.4-3.6%) in February; CBO projected unemployment rate to rise due to reduced economic growth; persistent racial/ethnic disparities in unemployment.,
2023-03-31,US national unemployment rate reached 3.4% (54-year low) then 3.5% in March 2023; Tennessee's rate held steady with job growth; youth unemployment matched pre-COVID lows; 2022 Q4 economy showed no downturn.,
2023-04-30,"US unemployment rate was 3.5% (March) and 3.4% (April), near historic lows. Black unemployment reached a record low of 5%. Rates varied by race, ethnicity, and state, reflecting ongoing labor market adjustments.",
2023-05-31,"US unemployment rate at 3.4% in April, a record low; historic low unemployment for Black workers and young people; overall decreasing trend and strong labor market.","Discussion of potential risks from debt ceiling scenario and banking distress, which could impact unemployment rates."
2023-06-30,US national unemployment rate reported at 3.7% in May and 3.6% in June; Black unemployment reached record lows; transportation sector unemployment 3.6% in May.,
2023-07-31,"June's 209,000 job additions brought overall unemployment to 3.6%, though Black workers' unemployment rose to 6%. Youth employment in July was 55%. Racial inequities persist.",
2023-08-31,"US unemployment rate fell to 3.5% in July, continuing a 50-year low trend; sector and demographic disparities in unemployment rates persist; California's rate was 4.6%.",
2023-09-30,"US unemployment rate rose to 3.8% in August 2023 (from 3.5% in July); transportation sector at 4.9%. Racial disparities persisted. Labor market expected to slow, with potentially rising unemployment.",
2023-10-31,"US unemployment rate stable at 3.8% (Aug/Sep 2023), 336k jobs added in Sep, plateauing trend; persistent racial/ethnic disparities in unemployment.",
2023-11-30,"US unemployment rate was 3.9% in November 2023, with lower inflation/unemployment than most advanced countries. October transportation sector rate was 4.8%. Q3 rate did not rise precipitously.",
2023-12-31,US unemployment rate was 3.7% in December 2023; US transportation sector unemployment rate was 4.5% in November 2023; US GDP rose 5.2% in Q3 2023.,
2024-01-31,"US unemployment rate held steady at 3.7% in December 2023 and January 2024; 216,000 jobs added in December; labor market recovered from 2020 recession.",
2024-02-29,"US unemployment rate for January 2024 reported at 3.7% overall, with 5.3% for Black men. February 2024 US unemployment rate reported at 3.9%. Historical 2023 rates for disabled persons and Black Americans also reported.",
2024-03-31,"US unemployment rate rose to 3.9% in February 2024, then fell to 3.8% in March. Labor force participation rate was 62.7%. Disparities in unemployment rates persisted across demographics.",
2024-04-30,"US unemployment rate reported between 3.6% and 3.9% in early April, with March 2024 rate at 3.8%, showing little national change. BLS publishes monthly employment data.",
2024-05-31,"April 2024 nonfarm payroll employment increased by 175,000; unemployment rate remained steady at 3.9%.",
2024-06-30,,
2024-07-31,"Expected summer seasonality, as July is a summer month.",
2024-08-31,,
2024-09-30,,
2024-10-31,,
2024-11-30,Monthly seasonality for November.,
2024-12-31,"End-of-year holiday season (Christmas, New Year's Eve), typical seasonal patterns for December.",
