end_date,coarse_pred
1995-02-05,"The series has exhibited a strong upward trend over the past year, recently stabilizing at elevated levels. We anticipate continued high volatility, with the series likely maintaining its current elevated range or experiencing a moderate increase over the next 48 weeks, primarily influenced by global oil and gasoline price dynamics and potential geopolitical events."
1995-02-12,"Energy:OT is projected to experience a continued upward trend over the next 48 weeks, influenced by persistent increases in global oil prices and energy demand. This trajectory will be accompanied by notable volatility, driven by geopolitical developments and potential government interventions in energy markets."
1995-02-19,"Energy:OT values are expected to remain elevated, likely experiencing an upward trend into the summer months due to recent market strength and seasonal demand. Continued volatility is anticipated, with geopolitical tensions and potential government interventions posing notable risks."
1995-02-26,"Energy:OT values are anticipated to experience continued volatility over the next 48 weeks, primarily driven by fluctuating crude oil and gasoline prices and potential geopolitical developments. Despite recent efforts to stabilize prices, an underlying upward pressure suggests a generally stable to slightly increasing trend with notable short-term swings."
1995-03-05,"The Energy:OT values are projected to maintain their current elevated levels over the next 48 weeks, reflecting the sustained increase in oil prices observed over the past two years. However, the market will likely experience considerable volatility due to ongoing fuel price uncertainty and potential policy interventions aimed at managing gasoline costs."
1995-03-12,"The ""Energy:OT"" values are forecast to remain elevated, with a potential for an upward trend, particularly during the summer, driven by seasonal demand and persistent global crude oil and gasoline price dynamics. Expect continued moderate to high volatility, with geopolitical events and supply-demand shifts posing notable risks for sharp movements."
1995-03-19,"The Energy:OT series is expected to exhibit an upward trend through the summer months, followed by a moderate decline in autumn, and then stabilize or slightly recover towards the end of the forecast period. Significant volatility will persist, primarily driven by global oil and gas market conditions, economic shifts, and potential geopolitical events."
1995-03-26,"The Energy:OT values are anticipated to exhibit a gradual upward trend over the next 48 weeks, primarily driven by underlying increases in global oil prices. However, moderate volatility is expected, with potential for sharp fluctuations stemming from geopolitical developments and government efforts to manage fuel costs."
1995-04-02,"The values for Energy:OT are projected to maintain their upward trend over the next 48 weeks, primarily driven by rising inflation and increasing costs of gasoline and electricity. Expect moderate volatility influenced by ongoing geopolitical factors and supply chain dynamics."
1995-04-09,"Energy:OT values are anticipated to trend upwards over the next 48 weeks, likely driven by underlying inflationary pressures and increasing costs for gasoline and electricity. The series will likely exhibit moderate to high volatility, reflecting ongoing global oil market dynamics and potential external economic or geopolitical events."
1995-04-16,"Energy:OT is expected to continue its upward trend over the next 48 weeks, primarily driven by rising inflation and increasing costs of gasoline and electricity. The market will likely remain volatile, influenced by global oil price dynamics and broader economic factors."
1995-04-23,"The Energy:OT series is projected to maintain its strong upward trajectory over the next 48 weeks, fueled by persistent inflation and increasing costs across the energy sector. While some cyclical fluctuations are possible, the overall trend points towards continued growth, with significant volatility remaining a notable risk due to geopolitical factors and supply-demand imbalances."
1995-04-30,"The Energy:OT series is expected to continue its recent upward trajectory over the next 48 weeks, driven by rising inflation and increasing costs of gasoline and electricity. While the overall trend is upward, significant volatility is anticipated, influenced by global crude oil price dynamics and potential policy interventions."
1995-05-07,"The Energy:OT value is forecast to continue its upward trajectory over the next 48 weeks, propelled by rising oil prices and increasing energy costs, alongside persistent inflation. Expect notable volatility, with potential for sharp price movements due to global supply-demand imbalances and geopolitical factors."
1995-05-14,"The Energy:OT values are expected to continue their recent strong upward trend over the next 48 weeks, primarily driven by persistent rising oil prices and inflationary pressures. Significant volatility is anticipated due to geopolitical factors and potential supply-demand imbalances."
1995-05-21,"The ""Energy:OT"" values are forecast to continue their significant upward trend, building on the recent acceleration driven by rising oil prices and broader energy cost increases. While this upward momentum is expected to persist, the series will likely exhibit notable volatility, influenced by global commodity market dynamics and potential geopolitical shifts."
1995-05-28,"The Energy:OT series is expected to continue its strong upward trend over the next 48 weeks, primarily driven by persistent increases in oil and gasoline prices and ongoing economic expansion. While seasonal fluctuations are likely, with potential dips in colder months, the overall direction remains positive, accompanied by continued volatility from global energy market dynamics."
1995-06-04,"The ""Energy:OT"" value is forecast to continue its strong upward trajectory over the next 48 weeks, primarily driven by persistent increases in oil and gasoline prices and broader inflationary trends. Expect moderate volatility within this rising trend, potentially influenced by seasonal demand shifts and global energy market dynamics."
1995-06-11,"The Energy:OT values are expected to continue their strong upward trend over the next 48 weeks, driven by persistent rising oil prices, increasing inflation, and sustained demand. While moderate volatility and seasonal fluctuations are probable, the overall trajectory points towards higher levels, potentially reaching new peaks."
1995-06-18,"The Energy:OT values are expected to continue their recent strong upward trend over the next 48 weeks, primarily driven by sustained increases in oil prices and broader inflationary pressures. While the overall direction is positive, expect continued volatility influenced by global supply-demand dynamics and potential geopolitical developments."
1995-06-25,"Energy:OT values are projected to experience continued volatility, with a potential for near-term declines due to rising supplies, before resuming an overall upward trajectory over the next 48 weeks. This upward trend will be primarily driven by persistent inflation and increasing energy costs, while global oil market dynamics will continue to influence price fluctuations."
1995-07-02,"The Energy:OT series has demonstrated a significant upward trend over the past year, recently experiencing a slight decline due to increased supply concerns. Over the next 48 weeks, expect this upward trend to broadly continue after an initial period of stabilization or minor correction, with ongoing volatility driven by global oil and gasoline market dynamics."
1995-07-09,"The Energy:OT values have shown a strong upward trend over the past year, recently experiencing a slight correction from their peak due to rising supplies. Over the next 48 weeks, prices are expected to remain elevated with continued volatility, primarily driven by the interplay of global supply dynamics and persistent inflationary pressures."
1995-07-16,"The ""Energy:OT"" values are expected to resume their upward trend over the next 48 weeks, driven by persistent inflation and increasing energy costs, following a recent minor correction attributed to concerns over rising supplies. Moderate volatility and seasonal fluctuations are anticipated, with the overall direction pointing towards higher prices."
1995-07-23,"Following a recent short-term decline attributed to rising supplies, Energy:OT prices are anticipated to gradually increase over the next 48 weeks, primarily driven by underlying inflationary pressures and global crude oil costs, with moderate volatility expected from supply-demand fluctuations."
1995-07-30,"Energy:OT prices are anticipated to experience a seasonal downturn into the fall and winter months, followed by a resumption of the underlying upward trajectory in the spring and summer of 1996. Significant volatility will persist, primarily influenced by global crude oil prices, supply-demand dynamics, and broader economic conditions."
1995-08-06,"Energy:OT prices are expected to stabilize or see a short-term increase, driven by recent crude oil price rises, before likely experiencing a seasonal decline through autumn and winter. Over the next 48 weeks, expect continued moderate volatility with a probable strong rebound in spring/summer 1996, influenced by global supply and demand."
1995-08-13,"The ""Energy:OT"" value is currently experiencing a notable decline, influenced by increasing supplies and potential strategic reserve releases to manage prices. Despite this recent downturn, the underlying long-term trend remains upward, and rising international crude oil prices suggest a stabilization and eventual rebound are probable, though with continued significant volatility."
1995-08-20,"Energy prices are expected to continue their recent downward trend or stabilize in the near term, driven by increasing supplies and seasonal factors. However, a rebound with moderate volatility is anticipated later in the 48-week horizon, influenced by global crude oil market dynamics and evolving economic conditions."
1995-08-27,"The Energy:OT series is currently experiencing a decline, which is likely to continue or stabilize in the near term, aligning with typical seasonal patterns and recent reports of dropping gasoline prices. However, the underlying long-term upward trend suggests a rebound and potential increase towards the latter half of the forecast period, with continued moderate volatility driven by global crude oil prices and supply-demand dynamics."
1995-09-03,"Energy:OT prices are expected to continue their recent downward trend or stabilize in the short term, influenced by current supply dynamics. However, within the 48-week horizon, a seasonal rebound and a return to the overall upward trajectory are anticipated, with moderate volatility driven by crude oil costs and broader economic conditions."
1995-09-10,"The ""Energy:OT"" series is currently experiencing a decline and will likely stabilize or see a modest further decrease in the near term, driven by recent supply increases. Over the next 48 weeks, a gradual upward trend is expected to emerge, influenced by seasonal demand and global crude oil market dynamics, though the series will remain highly volatile."
1995-09-17,"Energy:OT is currently experiencing a seasonal decline from its mid-1995 peak, a trend expected to continue into the winter months, influenced by increasing energy supplies and stable-to-falling gasoline prices. A seasonal rebound is anticipated in spring and summer 1996, with overall volatility remaining high due to global energy market dynamics and potential geopolitical disruptions."
1995-09-24,"The Energy:OT series is forecast to experience continued downward pressure in the near term, influenced by recent supply concerns and global market conditions. Over the next 48 weeks, expect high volatility with a potential rebound in spring 1996, driven by seasonal demand and fluctuating crude oil prices."
1995-10-01,"""Energy:OT"" values are expected to continue their current seasonal decline or stabilize through early 1996, followed by a strong rebound and upward trend into mid-1996, likely reaching new annual highs. Volatility will remain moderate to high, driven primarily by global crude oil and natural gas market dynamics and US energy policy."
1995-10-08,"Energy:OT prices are expected to initially decline or stabilize through early 1996, following seasonal patterns. A subsequent upward trend is anticipated through spring and summer 1996, potentially pushing values towards or above prior peaks, driven by global oil market dynamics and US energy demand. Moderate volatility will persist, with supply-demand shifts and geopolitical factors being key drivers."
1995-10-15,"The series has recently experienced a significant decline following a strong rally, and this downward trend is expected to stabilize or continue slightly in the near term. Over the next 48 weeks, a seasonal rebound is anticipated in the spring and summer, with overall volatility persisting due to global crude oil prices and supply-demand dynamics."
1995-10-22,"Energy:OT values are anticipated to follow a pronounced seasonal pattern over the next 48 weeks, initially stabilizing or continuing a slight decline before experiencing a significant increase through spring and early summer 1996, driven by seasonal demand and global market conditions. This will be followed by a notable decline in late summer and fall, with overall high volatility persisting throughout the period."
1995-10-29,"The ""Energy:OT"" value is currently undergoing a significant decline, which is expected to stabilize at lower levels in the coming weeks. Over the next 48 weeks, a seasonal upward trend is anticipated to emerge in early 1996, driven by demand increases, but the series will remain highly volatile, influenced by global supply conditions and broader economic shifts."
1995-11-05,"The Energy:OT series is expected to stabilize or continue its recent decline in the near term, followed by a notable upward trend through the spring and early summer of 1996, driven by seasonal demand and underlying market dynamics. This period will likely see moderate to high volatility, influenced by global energy supply and demand, geopolitical developments, and the long-term trend of declining domestic crude oil production."
1995-11-12,"The Energy:OT series has recently declined, but this trend is expected to reverse, leading to an overall upward trajectory over the next 48 weeks. This will be driven by underlying petroleum shortages and declining US crude oil production, though significant volatility should be anticipated due to ongoing supply and demand imbalances."
1995-11-19,"The Energy:OT is expected to continue its recent downward trend or stabilize over the next 48 weeks, with significant volatility anticipated. This trajectory will be influenced by persistent petroleum supply challenges, including declining domestic production and reported shortages, which could exert upward pressure against the current market direction."
1995-11-26,"Energy:OT is forecast to continue its recent decline into early 1996, followed by a seasonal recovery and upward trend from spring into summer. Significant volatility is expected, with surging crude oil prices and petroleum shortages acting as key drivers that exert downward pressure on this specific energy metric."
1995-12-03,"The ""Energy:OT"" value is expected to continue its recent downward trend over the next 48 weeks, likely exhibiting moderate volatility. The specific external drivers for this metric remain ambiguous, as its historical movements have shown inconsistent correlation with reported oil and gasoline price trends."
1995-12-10,"The ""Energy:OT"" value is expected to experience significant volatility over the next 48 weeks, likely reversing its recent downward trend to show an overall upward trajectory. This upward movement will be primarily driven by persistent petroleum shortages and global crude oil price surges, though government interventions to stabilize prices will introduce periods of fluctuation."
1995-12-17,"The Energy:OT value has recently declined significantly from its mid-1995 peak, settling at levels last seen in late 1994. Over the next 48 weeks, expect continued volatility, likely with a seasonal upward movement in the spring, but overall values will likely remain within a range below the 1995 highs, driven by ongoing energy supply dynamics and broader economic conditions."
1995-12-24,"The Energy:OT values are expected to exhibit a strong seasonal pattern over the next 48 weeks, with increases through spring and early summer followed by declines in late summer and fall. High volatility will persist, driven by global crude oil and gasoline price fluctuations, influenced by supply and demand dynamics, and potential government interventions."
1995-12-31,"Energy:OT values are poised for a significant upward trend in the next 48 weeks, driven primarily by the recent 70% crude oil price increase by OPEC. This period will likely be characterized by high volatility, influenced by global supply dynamics, US import reliance, and potential government efforts to manage prices."
1996-01-07,"Energy:OT values are forecast to experience a sustained upward trend over the next 48 weeks, marked by significant volatility. This trajectory will be primarily driven by global crude oil prices, ongoing supply shortages, and the recent substantial price increases by OPEC, compounded by domestic regulatory impacts."
1996-01-14,"Energy:OT values are expected to trend upward over the next 48 weeks, primarily driven by the significant crude oil price increases from OPEC and ongoing petroleum shortages. High volatility is anticipated due to global supply-demand dynamics and the US's increasing reliance on oil imports."
1996-01-21,"Energy:OT prices are expected to continue their recent upward trend over the next 48 weeks, driven by ongoing crude oil price increases, petroleum shortages, and the long-term trend of increasing US oil imports. Significant volatility is anticipated due to global supply and demand dynamics and potential geopolitical factors."
1996-01-28,"The Energy:OT series is expected to generally trend upwards over the next 48 weeks, primarily driven by the recent substantial increases in crude oil prices and ongoing petroleum shortages. However, significant volatility is highly probable due to market dynamics and regulatory influences."
1996-02-04,"Energy:OT values are projected to continue their upward trajectory in the near term, driven by persistent oil and gas production issues and the impact of recent OPEC price increases, likely reaching a seasonal peak around mid-year before experiencing a subsequent decline and then a gradual recovery. The market is expected to remain volatile due to global supply and demand dynamics."
1996-02-11,"The Energy:OT values are expected to exhibit their characteristic seasonal pattern over the next 48 weeks, with a notable increase through the spring and summer, potentially reaching new highs, followed by a seasonal decline in the fall and winter stabilization. This trajectory will be primarily influenced by global crude oil prices, US import dynamics, and domestic production levels, contributing to continued volatility."
1996-02-18,"The ""Energy:OT"" values are expected to resume an upward trend into mid-1996, driven by seasonal demand and persistent oil and gas production issues, before experiencing a typical seasonal decline in late 1996. Significant volatility is anticipated throughout the period, primarily influenced by global supply-demand imbalances, OPEC policies, and potential geopolitical developments."
1996-02-25,"Energy:OT prices are expected to exhibit a seasonal pattern over the next 48 weeks, with an anticipated increase through spring and early summer, driven by global oil market dynamics and recent upward pressure from supply issues. A subsequent decline is probable in late summer and fall, though overall volatility will persist."
1996-03-03,"The ""Energy:OT"" value is expected to continue its recent upward trajectory into the spring and early summer, driven by ongoing oil price increases and production issues, likely reaching a seasonal peak. Following this, a moderate decline is anticipated in late summer and fall, with overall volatility remaining high due to global supply and demand dynamics."
1996-03-10,"The Energy:OT series is projected to continue its current upward trajectory into early summer, driven by the significant OPEC crude oil price increases from late 1995 and persistent production issues. Expect high volatility throughout the next year, with a likely seasonal reversal and decline in the latter half of the forecast period as market dynamics and supply-demand balances shift."
1996-03-17,"The Energy:OT value is expected to continue its recent upward trend over the next 48 weeks, driven by rising crude oil prices, petroleum shortages, and the United States' increasing reliance on imports. Significant volatility will persist, with prices susceptible to global supply disruptions and OPEC actions."
1996-03-24,"Energy:OT values are projected to exhibit considerable volatility over the next 48 weeks. Following the current upward momentum, prices are likely to rise further into the spring and early summer, before experiencing a seasonal downturn in the latter half of the year, then stabilizing or beginning a new ascent, primarily influenced by global crude oil supply and demand balances, OPEC decisions, and domestic production challenges."
1996-03-31,"The Energy:OT series is projected to continue its strong upward trajectory into the late spring, fueled by ongoing petroleum shortages and the significant OPEC price increases from late 1995. While a seasonal downturn is anticipated through the latter half of the year, overall volatility will remain high, driven by global oil market dynamics and persistent production concerns."
1996-04-07,"The Energy:OT value is expected to continue its strong upward trend, driven by rising crude oil prices and persistent supply concerns, likely reaching new highs over the next 48 weeks. Significant volatility will persist, influenced by global energy market dynamics and US import reliance."
1996-04-14,"The ""Energy:OT"" values are currently in a strong upward trend, which is expected to continue into late spring/early summer, driven by seasonal demand and global oil market conditions. However, historical patterns indicate a probable decline through the summer and fall, with overall volatility persisting due to ongoing supply/demand imbalances and geopolitical factors."
1996-04-21,"The Energy:OT series is expected to continue its overall upward trajectory, fueled by ongoing crude oil price increases and production challenges, though seasonal patterns may introduce periods of temporary stabilization or decline. High volatility will persist as the market responds to these significant drivers."
1996-04-28,"Energy:OT values are forecast to continue their robust upward trajectory in the near term, primarily propelled by substantial OPEC crude oil price increases and ongoing production constraints. While a seasonal slowdown may emerge later in the forecast horizon, overall values are anticipated to remain significantly elevated, characterized by high volatility."
1996-05-05,"Energy prices are projected to continue their significant upward trajectory over the next 48 weeks, fueled by recent OPEC price hikes and ongoing declines in domestic production. Despite potential short-term stabilization from strategic reserve sales, the market will likely experience sustained volatility with a clear upward bias."
1996-05-12,"The Energy:OT values are projected to remain elevated over the next 48 weeks, with an underlying upward pressure from persistent petroleum shortages and US production challenges. While government intervention, such as strategic oil reserve sales, and seasonal demand shifts may introduce periods of volatility and temper the recent surge, the overall trend points to continued high prices."
1996-05-19,"The Energy:OT series is projected to experience a seasonal downturn through the summer and fall, followed by a rebound and continued upward trajectory into the next year, likely surpassing current highs. Volatility will remain a key characteristic, influenced by global oil market dynamics, domestic supply conditions, and government policy responses."
1996-05-26,"The Energy:OT values are expected to continue their overall upward trend over the next 48 weeks, driven by persistent supply constraints and global crude oil market dynamics. While short-term volatility and potential seasonal dips are likely, possibly influenced by strategic reserve releases, the long-term trajectory remains upward."
1996-06-02,"Energy:OT values are projected to continue their strong upward trend over the next 48 weeks, influenced by global crude oil prices and underlying supply-demand dynamics. Expect notable volatility with seasonal dips in late 1996, potentially moderated by government interventions like strategic reserve releases."
1996-06-09,"Energy:OT prices are forecast to continue their pronounced upward trend over the next 48 weeks, characterized by increasing volatility. Following an anticipated seasonal decline through late summer and fall, prices will likely rebound sharply, reaching new highs by late spring 1997, primarily driven by crude oil market dynamics and supply-demand imbalances."
1996-06-16,"The Energy:OT values are expected to maintain their overall upward trend over the next 48 weeks, continuing the pattern of higher highs observed in the historical data. Significant volatility will persist, driven by global crude oil prices, supply-demand dynamics, and seasonal energy consumption patterns."
1996-06-23,"The Energy:OT series is expected to maintain its overall upward trajectory over the next 48 weeks, driven by ongoing global crude oil market dynamics and domestic supply considerations. Significant seasonal volatility will likely persist, with potential declines in late summer and autumn followed by strong price increases in the spring, reflecting historical patterns."
1996-06-30,"Energy:OT is forecast to experience a seasonal decline through late summer and fall, followed by stabilization or a slight increase into winter before resuming its strong upward trend in early to mid-1997, likely reaching new highs. This trajectory is primarily driven by global crude oil market dynamics and US supply factors, with moderate to high volatility expected."
1996-07-07,"Energy:OT prices are forecast to generally trend upwards over the next 48 weeks, continuing the pattern of rising crude oil costs and supply concerns. While some seasonal fluctuations, potentially including a near-term decline, are expected, overall volatility will remain moderate as global market dynamics and domestic policies influence prices."
1996-07-14,"The ""Energy:OT"" values are expected to continue their overall upward trajectory over the next 48 weeks, building on the strong growth observed. While a seasonal decline is anticipated in the immediate term, prices will likely resume their ascent into the next spring and summer, maintaining high volatility driven by global crude oil market dynamics and supply considerations."
1996-07-21,"Energy:OT values are expected to continue their current seasonal decline into the fall and early winter, followed by a significant rebound and potential new highs in the spring of 1997. The forecast period will likely be characterized by high volatility, primarily driven by global crude oil supply and demand dynamics, OPEC policies, and US strategic reserve interventions."
1996-07-28,"Energy:OT prices are expected to continue their overall upward trajectory over the next 48 weeks, primarily driven by the significant crude oil price increases enacted by OPEC in 1995 and persistent US import reliance. While seasonal dips are anticipated in late 1996, prices will likely rebound to establish new highs in spring/early summer 1997, with volatility remaining a factor due to global supply dynamics and potential policy responses."
1996-08-04,"The Energy:OT values are expected to continue their seasonal decline through late 1996, reaching a trough. A strong upward trend is then anticipated in early to mid-1997, potentially surpassing previous highs, driven by seasonal demand and ongoing global oil market dynamics, with high volatility persisting due to supply-demand shifts and policy interventions."
1996-08-11,"The ""Energy:OT"" values are expected to continue their current seasonal decline into late fall/early winter, followed by a strong rebound and upward trend through spring and summer of the next year. Volatility will remain high, driven primarily by global crude oil price movements, US import dynamics, and potential government interventions or geopolitical events."
1996-08-18,"The ""Energy:OT"" value is currently in a seasonal decline expected to persist through the fall and early winter. Following this, a strong upward trend is anticipated in the spring and early summer of 1997, likely pushing values to new highs, reflecting an underlying upward trajectory and continued high volatility. Key drivers will remain global crude oil prices, US import levels, and domestic energy policies."
1996-08-25,"The ""Energy:OT"" series is currently in a seasonal decline, a trend expected to continue through late autumn and early winter. Following this, a significant seasonal rebound is anticipated, with values rising into the spring and early summer of the next year. The overall upward trend observed over the past two years suggests that the next annual peak will likely surpass previous highs, driven by ongoing crude oil price dynamics and supply considerations, while maintaining moderate to high volatility."
1996-09-01,"The Energy:OT series is expected to continue its established annual seasonal pattern, showing a near-term decline through late 1996 before a strong rebound and upward trend into mid-1997, potentially reaching new peaks. Significant volatility will persist, primarily influenced by global crude oil prices, US production levels, and strategic reserve decisions."
1996-09-08,"Energy:OT prices are anticipated to continue their seasonal decline through late 1996 before experiencing a significant resurgence through winter and spring 1997, likely reaching new highs. The market will remain highly volatile, primarily driven by global crude oil price movements, domestic supply and demand imbalances, and potential government interventions."
1996-09-15,"Energy:OT prices are expected to continue their seasonal decline into late 1996, followed by a significant upward trend in early to mid-1997, likely reaching new highs, driven by global crude oil dynamics and seasonal demand. High volatility is anticipated, with sharp price movements influenced by supply-demand shifts and potential government interventions."
1996-09-22,"Energy:OT prices are forecast to maintain their underlying upward trend over the next 48 weeks, exhibiting pronounced seasonal volatility. After a probable short-term decline or stabilization into late fall and early winter, a robust surge is expected in the spring and early summer of 1997, likely pushing values to new peaks, primarily influenced by global crude oil dynamics and US energy import patterns."
1996-09-29,"The Energy:OT series is expected to continue its seasonal decline into late autumn/early winter, reaching a trough around November-December. Subsequently, a strong seasonal rebound is anticipated through spring 1997, with values likely exceeding the previous year's peak due to the established upward trend and persistent volatility driven by global oil supply dynamics and potential policy interventions."
1996-10-06,"Energy:OT prices are expected to continue their current decline into late 1996, followed by a strong seasonal rebound and increase into spring/early summer 1997, likely pushing towards new highs. High volatility will persist, primarily influenced by global crude oil price dynamics, OPEC decisions, and US strategic reserve interventions."
1996-10-13,"Energy:OT values are currently declining from a mid-1996 peak and are expected to stabilize or slightly decrease through late autumn before a seasonal recovery into winter and spring of 1997. An underlying upward pressure from supply concerns and past OPEC actions suggests higher average prices for the coming year, though significant volatility is expected due to potential government interventions."
1996-10-20,"Energy:OT prices are expected to continue their established annual seasonal pattern, with a likely decline through late fall and early winter 1996, followed by a significant rebound and increase through spring and early summer 1997. The overall upward trend observed in recent years will persist, leading to higher price levels in 1997 compared to 1996, primarily driven by ongoing US import reliance and global market dynamics."
1996-10-27,"Energy:OT is expected to follow its established seasonal pattern, rising into the spring and summer of 1997, likely reaching higher peaks than the previous year due to persistent upward pressure from global crude oil prices and US import reliance. Volatility will remain a significant factor, with potential government interventions influencing short-term movements."
1996-11-03,"Energy:OT is forecast to experience continued upward pressure over the next 48 weeks, albeit with significant annual seasonality leading to a likely decline in late 1996 before rising to new peaks in spring/early summer 1997. High volatility will persist, primarily driven by global crude oil price movements and the US's ongoing reliance on energy imports."
1996-11-10,"Energy:OT prices are expected to continue their established annual seasonal pattern, declining into early 1997 before a strong rebound through spring and early summer. The underlying upward trend observed in recent years suggests new seasonal highs are probable, with significant volatility driven by global crude oil prices, US supply-demand dynamics, and potential government or OPEC policy interventions."
1996-11-17,"Energy:OT values are projected to continue their upward trend over the next year, exhibiting significant seasonal volatility with expected increases into spring/early summer 1997 and subsequent declines. Global demand/supply dynamics and refinery operations will be key drivers influencing these price movements."
1996-11-24,"Energy:OT prices are forecast to continue their overall upward trend over the next 48 weeks, driven by global oil market dynamics and US import dependency. Expect pronounced seasonal volatility, with prices likely rising through spring 1997 to potentially new peak levels before a subsequent seasonal decline."
1996-12-01,"Energy:OT prices are forecast to continue their overall upward trajectory over the next 48 weeks, driven by global supply-demand dynamics and US import reliance. Expect significant annual volatility, with prices likely peaking in the spring/early summer and declining into the fall, influenced by seasonal demand and refinery operations."
1996-12-08,"The Energy:OT series is set for continued upward movement into spring 1997, likely surpassing previous peaks, influenced by global demand and crude oil prices. A seasonal downturn will follow through the summer months, with values then rising again towards the end of the year, exhibiting significant volatility throughout this period."
1996-12-15,"Energy:OT values are expected to continue their upward trend over the next 48 weeks, exhibiting significant seasonal volatility with a likely strong rise in spring/early summer followed by a decline into fall. This trajectory will be primarily driven by global crude oil prices, US production dynamics, and government energy policies, with risks of sharp fluctuations due to supply/demand imbalances."
1996-12-22,"The Energy:OT series is set to continue its upward trend over the next 48 weeks, with seasonal peaks in spring/early summer likely surpassing previous highs. This sustained increase is driven by underlying global oil market dynamics, persistent US reliance on crude oil imports, and long-term domestic production declines, while maintaining its characteristic volatility."
1996-12-29,"The Energy:OT values are expected to continue their strong annual seasonal pattern over the next 48 weeks, rising through spring and early summer before declining into the fall, all while maintaining an underlying upward trend driven by global crude oil prices, supply-demand imbalances, and inflationary pressures. Significant volatility is anticipated within these movements, influenced by global events and policy decisions."
1997-01-05,"Energy:OT values are set to continue their upward trajectory, especially through the spring, influenced by global oil prices and seasonal demand. Expect persistent volatility throughout the year, driven by supply-demand shifts and broader economic indicators."
1997-01-12,"Energy:OT prices are expected to continue their upward trend over the next 48 weeks, following the established annual seasonal pattern of increases in spring/early summer and late autumn/winter, and decreases in summer/early autumn. Moderate to high volatility will persist, primarily driven by global crude oil price fluctuations, US energy supply dynamics, and seasonal demand shifts."
1997-01-19,"The Energy:OT series is forecast to maintain its upward trajectory over the next 48 weeks, influenced by ongoing global crude oil price increases and supply-demand pressures. Expect notable volatility, with prices susceptible to seasonal demand shifts and international energy policies."
1997-01-26,"The ""Energy:OT"" values are forecast to continue their established upward trend over the next 48 weeks, characterized by seasonal fluctuations with peaks in spring/early summer and dips in late summer/fall. This persistent rise is primarily driven by global oil market dynamics, US import reliance, and domestic production challenges, maintaining noticeable volatility throughout the period."
1997-02-02,"The ""Energy:OT"" values are expected to follow their established annual cycle, rising towards a spring/summer peak before declining into late fall/winter, driven by seasonal demand and global crude oil market dynamics. Volatility will remain a significant factor, influenced by ongoing supply/demand pressures and potential geopolitical events."
1997-02-09,"The ""Energy:OT"" values are expected to continue their overall upward trajectory over the next 48 weeks, driven by persistent upward pressure from crude oil markets and declining domestic production. We anticipate moderate to high volatility with a seasonal pattern of rising prices into spring/early summer, followed by a potential dip in late summer, and another increase towards year-end."
1997-02-16,"Energy:OT prices are expected to maintain their elevated levels, likely experiencing a seasonal increase through spring and summer 1997, followed by a typical year-end decline before resuming an upward path in early 1998. Continued volatility is anticipated, driven by global oil market dynamics and the ongoing reliance on US imports."
1997-02-23,"Energy:OT prices are anticipated to remain elevated and volatile over the next 48 weeks, primarily driven by ongoing global crude oil market dynamics and the US's reliance on imports. Expect continued fluctuations around current levels, with underlying upward pressure stemming from long-term domestic production trends and global supply considerations."
1997-03-02,"Energy:OT prices are poised for an initial upward trend, driven by the recent firming of crude oil prices. Over the next 48 weeks, expect moderate volatility and a continuation of seasonal patterns, with prices likely declining mid-year before stabilizing or rising again, primarily influenced by global supply-demand dynamics and US energy policies."
1997-03-09,"The ""Energy:OT"" values have been on a general downward trend since their peak in May 1996, a trajectory expected to continue or stabilize at lower levels, primarily driven by prevailing low crude oil prices. Moderate volatility is anticipated, with a potential for seasonal upward movements in the spring and early summer months."
1997-03-16,"The Energy:OT values are expected to continue their seasonal decline through spring and summer 1997 towards a fall trough. However, with crude oil prices firming, the subsequent upward trend through winter and into early 1998 is anticipated to be robust, with overall significant volatility driven by global supply-demand dynamics."
1997-03-23,"Energy:OT prices are expected to trend upwards over the next 48 weeks, influenced by firming crude oil prices and recurring seasonal demand. Significant volatility is anticipated, with global supply dynamics and potential policy shifts posing notable risks."
1997-03-30,"Energy:OT values are projected to continue their observed annual cyclical pattern over the next 48 weeks, with an initial rise into late spring followed by a summer decline and a subsequent increase into the winter months. Significant volatility is expected, driven by global crude oil price fluctuations and underlying supply-demand dynamics, with potential for sharp price swings."
1997-04-06,"Energy:OT prices are forecast to trend significantly upward over the next 48 weeks, primarily driven by the substantial rise in crude oil prices observed in early 1997 and predictions for increasing gasoline costs. Expect continued volatility, influenced by global supply-demand dynamics and ongoing regulatory pressures."
1997-04-13,"Energy:OT prices are expected to trend upwards over the next 48 weeks, driven by the significant rise in crude oil prices observed in early 1997. The market will likely experience continued volatility, with potential for sudden price swings."
1997-04-20,"Energy:OT values are expected to trend upwards over the next 48 weeks, driven by significant increases in global crude oil prices and predictions of higher gasoline costs. The market will likely experience continued high volatility, influenced by supply-demand dynamics and regulatory factors."
1997-04-27,"The Energy:OT series is expected to experience a significant upward trend in the coming months, driven by recent substantial increases in crude oil prices and predictions for higher gasoline prices. While seasonal patterns suggest a potential dip in late 1997, the overall price level is anticipated to remain elevated throughout the forecast horizon, with continued volatility."
1997-05-04,"The ""Energy:OT"" values are anticipated to trend upwards over the next 48 weeks, driven by sustained high crude oil prices and positive industry profit expectations. However, significant volatility is expected to persist due to global supply-demand dynamics and potential policy interventions, leading to notable price swings."
1997-05-11,"The Energy:OT series is expected to stabilize and likely trend upwards over the next 48 weeks, primarily driven by the significant rise in crude oil prices observed in early 1997 and sustained expectations for higher energy costs. High volatility will continue to characterize the market, influenced by global supply and demand dynamics."
1997-05-18,"Energy:OT prices are likely to experience continued volatility over the next 48 weeks, with an initial stabilization or slight decline potentially followed by an upward trend. This upward pressure will be primarily driven by global crude oil market dynamics and ongoing industry investment, despite regulatory factors."
1997-05-25,"Energy:OT prices are expected to trend upwards over the next 48 weeks, primarily driven by increasing crude oil prices and strong industry profit expectations. The market will likely remain volatile, influenced by global supply-demand dynamics and economic conditions."
1997-06-01,"Energy:OT prices are projected to continue an upward trend over the next 48 weeks, primarily driven by persistent increases in global crude oil prices and strong demand. The market is expected to experience notable volatility, influenced by global supply-demand dynamics and economic conditions."
1997-06-08,"The Energy:OT series is projected to experience continued upward pressure over the next 48 weeks, primarily driven by the recent surge in crude oil prices and strong profit expectations in the industry. Significant volatility is anticipated, stemming from global supply-demand dynamics, economic shifts, and the inherent sensitivity of energy markets to external factors."
1997-06-15,"Energy:OT prices are forecast to experience continued volatility over the next 48 weeks, primarily driven by global crude oil market dynamics and seasonal demand. Despite recent minor fluctuations, an underlying upward trend is anticipated, leading to generally higher price levels."
1997-06-22,"Energy:OT prices are projected to trend upwards over the next 48 weeks, primarily driven by the reported increases in crude oil prices and expectations for higher gasoline costs. The series will likely maintain its significant volatility, with global supply and demand dynamics remaining key influences."
1997-06-29,"Energy:OT values are expected to rebound in the coming months from the current summer decline, then exhibit moderate volatility over the next 48 weeks. Global crude oil prices, US energy policies, and seasonal demand patterns will drive these movements, with risks of sharp fluctuations from supply disruptions or regulatory changes."
1997-07-06,"Energy:OT has been on a sustained downward trend since late 1996, largely influenced by recently reported low crude oil prices. We anticipate this decline to continue or stabilize at lower levels in the near term, with a potential for a seasonal rebound later in the 48-week forecast horizon, while maintaining moderate volatility driven by global energy market dynamics."
1997-07-13,"The Energy:OT series is likely to experience a moderate increase over the next year, recovering from its current low point, while maintaining its characteristic high volatility. Key drivers will continue to be global oil supply and demand balances, influenced by economic conditions and seasonal shifts."
1997-07-20,"The Energy:OT series is currently experiencing a consistent downward trend, which is expected to continue in the short term, influenced by factors such as low crude oil prices. Over the 48-week horizon, a moderate recovery is anticipated as seasonal demand for energy products increases, though overall volatility remains a significant risk due to global supply and demand dynamics."
1997-07-27,"The Energy:OT values are expected to remain highly volatile over the next 48 weeks. While a recent decline has been observed, underlying pressures from low gasoline inventories and firming crude oil prices, alongside seasonal shifts towards heating oil production, suggest a potential for upward movement."
1997-08-03,"The ""Energy:OT"" metric is expected to continue its gradual decline over the next 48 weeks, driven by a generally lower crude oil price environment. While moderate volatility from global supply and demand dynamics is anticipated, the overall trend points towards further softening."
1997-08-10,"The series is expected to stabilize or experience a slight downward drift over the next 48 weeks, following its recent decline. Moderate volatility will persist, primarily influenced by global crude oil prices and refinery operations."
1997-08-17,"Energy:OT prices are expected to continue their recent upward trend over the next 48 weeks, likely driven by increasing seasonal demand for heating oil and broader global energy market dynamics. The series will probably exhibit continued volatility, reflecting ongoing supply and demand fluctuations."
1997-08-24,"The Energy:OT values are poised for a continued upward trend over the next 48 weeks, extending the recent sharp increase. This trajectory is primarily driven by the sustained rise in crude oil prices and broader energy cost increases, which are expected to maintain elevated levels. Moderate volatility is anticipated, influenced by global oil market dynamics and potential shifts in supply and demand."
1997-08-31,"Energy:OT values are expected to remain elevated following the recent sharp increase driven by refinery problems and underlying firming crude oil prices. Expect continued high volatility, influenced by ongoing supply concerns, global market dynamics, and seasonal shifts towards heating oil production."
1997-09-07,"Oil and gasoline prices are expected to remain elevated and likely experience a gradual upward trend over the next 48 weeks. Volatility will persist, driven by global crude oil price dynamics, potential supply disruptions, and seasonal demand fluctuations."
1997-09-14,"Energy:OT prices are expected to remain at elevated levels over the next 48 weeks, following the recent sharp increase driven by refinery problems and broader upward pressure on crude oil. Significant volatility will persist, with global supply and demand dynamics, refinery operations, and geopolitical events continuing to be primary drivers."
1997-09-21,"Energy:OT prices are expected to trend upwards over the next 48 weeks, primarily driven by robust crude oil prices and increasing global demand, despite some recent stabilization. Expect continued short-term volatility influenced by factors like refinery operations and seasonal shifts in demand."
1997-09-28,"Energy:OT values are expected to continue their general upward trajectory over the next 48 weeks, driven by persistent upward pressure on crude oil prices. The market will likely experience significant volatility, with sharp price movements influenced by refinery operations and global supply-demand dynamics."
1997-10-05,"The values for Energy:OT are expected to generally trend upwards over the next 48 weeks, influenced by global crude oil market dynamics and industry profitability objectives. This period will likely see continued moderate to high volatility, with prices susceptible to sudden shifts due to supply/demand imbalances and unforeseen operational or geopolitical events."
1997-10-12,"Energy:OT values are anticipated to generally rise over the next 48 weeks, driven by firming crude oil prices and industry profitability targets. This upward trend will likely be accompanied by continued volatility, stemming from global supply-demand dynamics and potential refinery operations."
1997-10-19,"The Energy:OT series is expected to exhibit continued significant volatility over the next 48 weeks, primarily driven by global crude oil market dynamics, refinery operations, and macroeconomic factors. While recent trends indicate underlying upward pressure on energy costs, prices will fluctuate considerably, with potential for sharp movements influenced by supply disruptions."
1997-10-26,"The ""Energy:OT"" values are expected to exhibit continued high volatility, likely seeing further near-term declines or stabilization as seasonal demand shifts into winter. A rebound is anticipated in the spring and summer of next year, driven by crude oil price dynamics and seasonal consumption patterns, with potential for sudden spikes due to supply disruptions."
1997-11-02,"Energy:OT values are expected to exhibit continued volatility over the next 48 weeks. Following a recent decline, an upward trend is anticipated into the spring and summer of 1998, driven by seasonal demand and global crude oil market dynamics, though sudden price swings remain a persistent risk influenced by refinery operations and US energy policy shifts."
1997-11-09,"The ""Energy:OT"" value is expected to continue its recent downward trend, influenced by the Supreme Court's ruling on maximum gasoline prices which likely caps upward movement. Despite this, the market will remain volatile, with potential for rapid price shifts driven by refinery issues and broader supply-demand dynamics."
1997-11-16,"The ""Energy:OT"" series is likely to experience continued downward pressure in the near term, influenced by recent regulatory decisions on gasoline prices. However, significant volatility is expected over the next year, with seasonal upticks possible in spring/early summer and late autumn, driven by global supply-demand dynamics and refinery activity, keeping values within the historical range."
1997-11-23,"Energy:OT values are expected to reverse their recent decline and trend upwards in the coming months, driven by seasonal demand, but will likely remain within the historical range. Volatility will persist, with potential upward movements tempered by the recent Supreme Court ruling on maximum gasoline prices."
1997-11-30,"The Energy:OT values are likely to remain low or experience further gradual declines in the near term, heavily influenced by expectations of low short-to-medium term oil prices and a recent Supreme Court ruling fixing maximum gasoline prices. Moderate volatility is expected, but any significant upward movement over the 48-week horizon will likely be constrained by these market and regulatory factors."
1997-12-07,"Energy:OT prices are expected to stabilize at current lower levels or decline slightly in the near term, influenced by recent market sentiment for low oil prices and a Supreme Court ruling on gasoline price caps. Over the next 48 weeks, anticipate a subsequent rebound and increased volatility driven by seasonal demand, though regulatory factors may cap upward movement."
1997-12-14,"Energy:OT prices are expected to rebound from their recent decline and face upward pressure over the next 48 weeks, driven by anticipated increases in oil and natural gas prices. The market will likely remain volatile, influenced by global supply-demand dynamics, economic conditions, and regulatory changes."
1997-12-21,"Energy:OT values are in a sharp decline and are expected to remain low in the near term, consistent with recent market outlooks. However, significant volatility is anticipated over the next 48 weeks, with a potential for a rebound driven by global supply/demand dynamics, but possibly capped by regulatory factors."
1997-12-28,"Energy:OT values are expected to continue their recent decline into the initial forecast period, approaching historical lows, driven by factors contributing to lower oil prices. Over the next 48 weeks, however, significant volatility is anticipated, with potential for upward corrections influenced by seasonal demand shifts and global supply disruptions."
1998-01-04,"The Energy:OT series is expected to continue its significant downward trend or stabilize at depressed levels over the next 48 weeks, primarily driven by expectations of low short-to-medium term oil prices and regulatory influences on gasoline pricing. Despite this, the market's inherent volatility suggests the potential for sharp, sudden price fluctuations."
1998-01-11,"Energy:OT prices are expected to continue under downward pressure or stabilize at lower levels over the next 48 weeks, driven by recent regulatory impacts on maximum prices and prevailing expectations for low short-to-medium term oil prices. Despite this, significant volatility from global supply/demand dynamics and refinery operations will likely persist, presenting risks for sharp, short-term fluctuations."
1998-01-18,"The Energy:OT series is expected to continue its downward trajectory or stabilize at historically low levels over the next 48 weeks, extending the sharp decline seen in late 1997 and early 1998. This outlook is primarily driven by expectations of low short-to-medium term oil prices, with continued volatility possible due to global supply-demand dynamics and market-specific events."
1998-01-25,"The ""Energy:OT"" values are currently at historical lows, driven by falling crude oil prices, gasoline oversupply, and mild winter conditions. This strong downward trend is expected to persist or stabilize at suppressed levels over the next year, with any significant upward volatility contingent on major supply disruptions or a sharp increase in global demand."
1998-02-01,"The recent sharp decline in Energy:OT values is expected to persist over the next 48 weeks. This continued downward pressure is primarily driven by lower crude oil prices, an oversupply of gasoline, and mild winter conditions reducing demand. While some short-term volatility may occur, the overarching trend points towards further decreases, potentially stabilizing at significantly lower levels."
1998-02-08,"The ""Energy:OT"" values are projected to continue their substantial decline over the next 48 weeks, primarily driven by persistent lower crude oil prices, gasoline oversupply, and mild winter conditions. While the overall trend is downward, the market may experience periods of volatility, with notable risks stemming from potential supply disruptions or a significant increase in demand."
1998-02-15,"Following a sustained period of decline, Energy:OT values are anticipated to stabilize over the next 48 weeks, with a potential for slight upward pressure. This forecast is influenced by expectations of stable to slightly increasing oil prices, driven by faster economic growth in developed economies."
1998-02-22,"Energy:OT values are expected to continue their recent significant decline over the next 48 weeks, driven by persistent lower crude oil prices and an oversupply of gasoline. While some short-term volatility is possible, the overall trend will likely remain bearish, with potential for further drops unless global supply-demand dynamics shift significantly."
1998-03-01,"Following a significant and sustained decline, the ""Energy:OT"" values are likely to stabilize over the next 48 weeks, with potential for minor fluctuations. This stabilization is influenced by recent market expectations for crude oil prices to firm, potentially counteracting previous downward pressures from oversupply and mild weather conditions."
1998-03-08,"The ""Energy:OT"" values have been in a significant decline since late 1997, driven by lower crude oil prices and an oversupply of gasoline. This downward trend is expected to continue over the next 48 weeks, with potential for continued volatility around this declining trajectory."
1998-03-15,"The Energy:OT series is projected to continue its significant downward trend over the next 48 weeks, primarily influenced by sustained low crude oil prices and an oversupply of gasoline. We anticipate stabilization at lower levels, though short-term volatility remains a possibility, with a notable risk of reversal if global crude markets tighten unexpectedly."
1998-03-22,"The ""Energy:OT"" values are expected to continue their pronounced downward trajectory over the next 48 weeks, primarily driven by sustained lower crude oil prices, an oversupply of gasoline, and mild winter conditions. This bearish trend is anticipated to persist, though minor fluctuations may occur."
1998-03-29,"The Energy:OT series will continue its strong downward trajectory over the next 48 weeks, primarily driven by sustained low crude oil prices, an oversupply of gasoline, and mild winter conditions. This trend suggests further declines, with limited upward volatility unless major supply disruptions or demand surges occur."
1998-04-05,"Following a significant decline driven by lower crude oil prices and oversupply, the forecast for Energy:OT over the next 48 weeks suggests a period of stabilization with potential for a modest recovery. High volatility is expected to persist, influenced by global supply-demand dynamics and broader economic conditions."
1998-04-12,"Energy:OT prices are expected to stabilize around current low levels for the next 48 weeks, following a significant decline driven by lower crude oil prices and market oversupply. While moderate volatility will persist, a sustained upward trend is unlikely without a material shift in global supply-demand fundamentals."
1998-04-19,"Energy:OT prices are expected to remain under downward pressure over the next 48 weeks, primarily driven by persistent oversupply and lower crude oil prices, despite a minor recent stabilization from historical lows. Volatility is anticipated, influenced by potential shifts in global demand and supply adjustments."
1998-04-26,"Energy:OT values are expected to remain at lower levels, following a significant decline driven by crude oil oversupply and mild winter conditions. While increased volatility is likely, particularly due to regulatory actions impacting market competition, a substantial upward reversal is not immediately apparent."
1998-05-03,"The Energy:OT values are expected to stabilize after a significant decline, potentially experiencing a modest upward correction over the next 48 weeks. Volatility will likely persist, primarily driven by global crude oil market dynamics, refinery output, and regional competition concerns."
1998-05-10,"Following a significant decline driven by lower crude oil prices and oversupply, Energy:OT prices have recently shown a modest rebound. Over the next 48 weeks, expect continued volatility with prices likely to stabilize or experience slight upward pressure, though the risk of renewed downward trends remains if crude oversupply persists."
1998-05-17,"Energy:OT prices are expected to largely stabilize at their current low levels over the next 48 weeks, following a significant decline driven by crude oil oversupply and mild winter conditions. While minor fluctuations are probable, substantial upward movement is unlikely due to persistent supply-demand dynamics and regulatory actions constraining price increases."
1998-05-24,"The Energy:OT series is currently experiencing a moderate upward recovery after a significant multi-month decline, previously driven by oversupply and mild winter conditions. This gradual upward trajectory is anticipated to continue over the next 48 weeks, though the market remains prone to volatility influenced by global supply-demand dynamics and potential regulatory actions."
1998-05-31,"Energy:OT prices are anticipated to continue their recent upward trajectory over the next 48 weeks, though the market will likely remain highly volatile. This trend is primarily influenced by evolving global crude oil prices and regional supply-demand balances, which previously drove a significant decline."
1998-06-07,"The Energy:OT series is expected to stabilize around current levels or experience a modest upward trend over the next 48 weeks, following its recent recovery from earlier lows. However, persistent low crude oil prices and oversupply will likely limit any substantial, sustained increases, maintaining overall volatility."
1998-06-14,"Energy:OT values are expected to remain volatile over the next 48 weeks, showing a tendency to recover from recent lows, primarily influenced by global crude oil prices and supply-demand dynamics. However, the overall historical decline and existing government subsidies will temper any significant, sustained upward movement."
1998-06-21,"Energy:OT is expected to stabilize around its current levels over the next 48 weeks, potentially showing a slight upward drift, influenced by global crude oil prices and ongoing supply/demand dynamics. Volatility remains a factor, particularly in response to refinery operations and policy developments."
1998-06-28,"Following a steep decline driven by lower crude oil prices and oversupply, the Energy:OT series is expected to stabilize or experience a modest upward correction over the next 48 weeks. Volatility will likely remain moderate, with potential for renewed downward pressure if crude prices continue to fall or oversupply persists, despite some support from regulatory actions and subsidies."
1998-07-05,"After a significant decline over the past year, Energy:OT prices are expected to remain subdued, likely exhibiting continued stability or a slight downward drift, primarily driven by prevailing low crude oil prices and oversupply. Moderate volatility will persist, influenced by global energy market dynamics."
1998-07-12,"The forecast for Energy:OT indicates a period of relative stability with moderate volatility over the next 48 weeks. While recent values have recovered from a sharp decline, underlying market sentiment and regulatory actions aimed at preventing price hikes suggest limited upward potential, with global supply/demand dynamics and government policies being key drivers."
1998-07-19,"The Energy:OT value is expected to remain relatively stable with a potential for modest upward movement, primarily driven by global crude oil price trends. However, significant volatility remains a risk, with potential for renewed downward pressure from supply-demand imbalances, refinery issues, or mild weather conditions."
1998-07-26,"Energy:OT values are expected to remain stable or experience a gradual decline over the next 48 weeks, influenced by anticipated drops in crude oil prices, market oversupply, and the lingering effects of past regulatory actions that capped energy prices. Moderate volatility is inherent in this market, but a significant upward reversal is not anticipated without major supply disruptions."
1998-08-02,"Energy:OT values are anticipated to remain relatively stable at their current lower levels over the next 48 weeks, primarily driven by persistent weak demand and expected declines in crude oil prices. While moderate volatility is expected, sudden shifts in global supply-demand dynamics or significant regulatory changes present notable risks for price fluctuations."
1998-08-09,"The values for Energy:OT are anticipated to remain subdued, exhibiting relative stability around current low levels for the next 48 weeks, primarily influenced by weak demand and declining crude oil prices. While sudden fluctuations are inherent to energy markets, the dominant trend points towards a continuation of the current low-price environment."
1998-08-16,"The Energy:OT values are expected to remain low for the next 48 weeks, likely stabilizing around current levels or experiencing further slight declines. This forecast is driven by a significant global oversupply of crude oil, weak demand, and recent geopolitical factors, which will likely limit upward price volatility."
1998-08-23,"The Energy:OT price is forecast to continue its pronounced downward trend over the next 48 weeks, driven by a persistent global oil glut and weak demand. While some volatility is expected, the overarching market conditions will maintain significant downward pressure on prices."
1998-08-30,"Energy:OT prices will likely continue their significant downward trend over the next 48 weeks, primarily influenced by the ongoing global crude oil oversupply and weak demand. While some weekly volatility is anticipated, the overarching direction points to further price depreciation."
1998-09-06,"Energy:OT prices are anticipated to continue their general downward trajectory or stabilize at current low levels over the next 48 weeks, primarily driven by the prevailing global oil glut and weak demand, further impacted by increased supply from Iraq. Significant volatility is expected to persist, influenced by potential supply disruptions or shifts in global economic conditions."
1998-09-13,"The ""Energy:OT"" series is expected to continue its recent downward trajectory over the next 48 weeks, influenced by persistent global oil oversupply and weak demand. While the overall trend is a decline, the market will likely experience continued volatility, with risks stemming from potential shifts in international oil production or geopolitical events impacting supply."
1998-09-20,"The ""Energy:OT"" values are expected to continue their significant downward trend over the next 48 weeks, driven primarily by persistent oversupply in the global oil market and weak demand. While minor fluctuations are possible, the overall trajectory points towards further declines, with risks stemming from any unexpected shifts in global supply-demand dynamics."
1998-09-27,"The ""Energy:OT"" values are projected to continue their significant downward trend over the next 48 weeks, primarily driven by persistent crude oil oversupply and weak demand, exacerbated by factors like increased Iraqi oil sales. While some short-term volatility is possible, the overall direction remains firmly negative."
1998-10-04,"The ""Energy:OT"" values are expected to remain low, likely experiencing continued downward pressure or stabilization at current low levels over the next 48 weeks. This trend is primarily driven by global crude oil oversupply, weak demand, and increased oil exports from Iraq."
1998-10-11,"The Energy:OT values are forecast to largely maintain their current suppressed levels over the next 48 weeks, extending the significant downtrend primarily driven by persistent global crude oil oversupply and weak demand. While moderate volatility is expected, a substantial upward reversal is not foreseen, with risks leaning towards continued low values unless major supply disruptions or demand surges occur."
1998-10-18,"The ""Energy:OT"" series has exhibited a significant and sustained downward trend over the past two years, primarily driven by declining crude oil prices, oversupply, and weak demand. This downward trajectory is expected to largely continue over the next 48 weeks, though moderate volatility will persist with potential for short-term rebounds or further declines influenced by global oil supply and demand dynamics."
1998-10-25,"The Energy:OT series is expected to continue its overall downward trajectory over the next 48 weeks, driven by persistent global oil oversupply and weak demand. While short-term volatility and minor rebounds are possible, the dominant trend points to further declines, with significant risks stemming from continued market gluts and low crude oil prices."
1998-11-01,"The Energy:OT values are projected to maintain their current downward trajectory over the next 48 weeks, primarily influenced by the ongoing global oil oversupply and weak demand, further exacerbated by increased oil exports from Iraq. While some short-term volatility is anticipated, the overarching trend points towards continued price depreciation."
1998-11-08,"Despite recent declines driven by oversupply and weak demand, a significant upward reversal in prices is anticipated in the near future. This drastic jump in petroleum prices is expected to introduce higher volatility and could lead to economic instability."
1998-11-15,"After a sustained decline, ""Energy:OT"" values are anticipated to experience a significant upward reversal over the next 48 weeks, driven by strong market predictions of a drastic jump in petroleum prices. This shift will likely introduce increased volatility, moving from recent lows to higher energy cost levels."
1998-11-22,"Energy:OT values will likely stabilize at suppressed levels in the initial period, reflecting the ongoing global oil oversupply and weak demand. However, the market is poised for significant upward volatility and a subsequent rebound, as current prices are at historical lows. Key drivers will be shifts in crude oil production and changes in global economic activity."
1998-11-29,"The ""Energy:OT"" values are expected to continue their pronounced downward trend over the next 48 weeks, primarily driven by persistent low crude oil prices, market oversupply, and weak demand. While temporary upward volatility from supply disruptions or geopolitical shifts remains a possibility, the dominant market forces point towards a continued bearish trajectory, with a notable risk of a drastic jump in petroleum prices as predicted by some reports."
1998-12-06,"The ""Energy:OT"" values are forecast to persist at or near their current historic lows over the next 48 weeks, with a continued downward bias driven by global crude oil oversupply and weak demand. While the prevailing trend suggests further pressure or stabilization, a significant upward correction from these depressed levels remains a notable risk."
1998-12-13,"The ""Energy:OT"" values are currently at historic lows, driven by crude oil oversupply and weak demand. While the dominant trend suggests continued low prices, recent geopolitical instabilities and market predictions indicate a possibility of increased volatility and a modest rebound from these extreme lows over the next 48 weeks."
1998-12-20,"The ""Energy:OT"" values have been in a significant and accelerating decline, reaching historic lows by the end of 1998, primarily driven by a global oversupply of crude oil and weak demand. This strong downward trend is expected to continue for the next 48 weeks, maintaining low price levels. While short-term volatility may arise from geopolitical events, the prevailing market conditions indicate sustained low prices."
1998-12-27,"Energy prices are expected to continue their significant downward trend, driven by persistent global crude oil oversupply and weak demand, potentially stabilizing at or near historic lows. While minor fluctuations are possible, the overall direction remains negative, with potential for increased volatility from geopolitical factors."
1999-01-03,"Energy:OT values are currently at historic lows, primarily driven by persistent crude oil oversupply and weak demand. However, the market faces significant volatility risks from geopolitical factors and recent predictions of a drastic jump in petroleum prices, which could lead to a substantial rebound from these depressed levels."
1999-01-10,"The Energy:OT value is expected to remain at historically low levels, continuing the recent sharp decline driven by significant crude oil oversupply and weak demand. While the prevailing conditions point to sustained low prices, there is a notable risk of increased upward volatility or a potential reversal if market fundamentals shift, as some predictions suggest."
1999-01-17,"Energy:OT prices are expected to stabilize and potentially experience a modest rebound from their current historic lows over the next year. While oversupply and weak demand have driven recent declines, the market faces a risk of increased upward volatility due to potential shifts in crude oil prices."
1999-01-24,"Energy:OT is projected to continue its overall downward trajectory, likely stabilizing at or near the current historically low levels. Moderate volatility will persist, primarily influenced by global crude oil prices, persistent oversupply, and fluctuating demand, with geopolitical developments and evolving regulatory landscapes presenting key risks for short-term price shifts."
1999-01-31,"Energy:OT prices are expected to reverse their recent downward trend and begin an upward trajectory over the next 48 weeks, rising from current historic lows. This shift will likely be accompanied by increased volatility, driven by evolving global crude oil supply and demand dynamics."
1999-02-07,"The ""Energy:OT"" values are expected to continue their established downward trend, remaining at historically low levels, primarily driven by persistent global oversupply of crude and refined oil products and weak demand from ongoing economic turmoil in Asia, Russia, and Latin America. While some volatility is possible due to market dynamics or geopolitical factors, the overall direction points towards sustained low prices for the forecast horizon."
1999-02-14,"Energy:OT values will likely continue their downward trajectory or stabilize at current historic lows over the next 48 weeks. This persistent bearish trend is driven by a global oversupply of crude and refined products and weak international demand. While short-term volatility is expected, a significant upward reversal is improbable without a fundamental shift in market conditions or major geopolitical disruptions."
1999-02-21,"The Energy:OT values are expected to continue their downward trajectory, or stabilize at historically low levels, over the next 48 weeks. This persistent decline is primarily driven by a global oversupply of crude and refined products and weak international economic conditions. While some price volatility will occur, a substantial rebound is not anticipated."
1999-02-28,"The ""Energy:OT"" values are projected to continue their significant downward trend over the next 48 weeks, primarily driven by persistent global oversupply of crude and refined oil products and ongoing economic turmoil. While short-term volatility may occur due to geopolitical factors or potential supply management efforts, the overall pressure on prices is expected to remain bearish."
1999-03-07,"Energy:OT values are expected to continue their significant downward trend over the next 48 weeks, driven by persistent global crude oil oversupply and weak demand. This will likely result in sustained low prices, with potential for further decreases."
1999-03-14,"Following a prolonged decline to historic lows driven by crude oil oversupply and weak global demand, prices are now showing signs of stabilization and modest recovery. The forecast for the next 48 weeks is for continued low but gradually increasing prices, with ongoing volatility influenced by global supply-demand dynamics."
1999-03-21,"The series is expected to continue its recent sharp upward trend over the next 48 weeks, driven by projected increases in imported oil prices and a market correction from historic lows. While volatility may be moderate as the market adjusts, a key risk is the potential for sustained global economic turmoil to temper demand."
1999-03-28,"Energy:OT values are currently in a strong upward trend, reversing a long period of decline, driven by anticipated higher costs and a projected increase in imported oil prices. This upward trajectory is expected to persist over the next 48 weeks, likely accompanied by moderate volatility as market conditions stabilize."
1999-04-04,"Energy:OT values are poised to continue their strong upward trend, recovering from recent historical lows, driven by a shift in market dynamics towards higher anticipated energy costs. Expect notable volatility as the market adjusts, with potential for significant price fluctuations in the coming year."
1999-04-11,"The ""Energy:OT"" series is expected to continue its recent sharp upward trajectory over the next 48 weeks, driven by rising gasoline prices and anticipated higher energy costs. Volatility will likely persist, influenced by ongoing geopolitical events and regulatory changes."
1999-04-18,"Energy:OT prices are expected to continue their recent sharp upward trajectory over the next 48 weeks, driven by anticipated higher crude oil costs and ongoing geopolitical events. Elevated volatility is likely as the market adjusts from a period of sustained low prices."
1999-04-25,"Energy:OT is poised for continued upward movement over the next 48 weeks, extending its recent sharp gains. This trajectory is primarily driven by rising crude oil and gasoline prices, fueled by retailer anticipation of higher costs and geopolitical factors, leading to sustained elevated volatility."
1999-05-02,"The recent sharp upward trajectory in Energy:OT values, driven by increasing crude oil and gasoline prices and refinery issues, is expected to persist over the next 48 weeks. While some volatility is inherent in energy markets, the prevailing trend indicates continued price appreciation."
1999-05-09,"The Energy:OT values are projected to continue their recent strong upward trajectory over the next 48 weeks, primarily influenced by rising global crude oil and gasoline prices and ongoing refinery challenges. Expect continued significant volatility, as geopolitical factors and evolving supply-demand dynamics will exert considerable influence."
1999-05-16,"The recent sharp upward trend in Energy:OT prices is expected to persist in the near term, driven by ongoing supply constraints and rising gasoline costs. Over the next 48 weeks, prices will likely exhibit significant volatility, influenced by seasonal demand shifts and potential disruptions from geopolitical events or refinery issues."
1999-05-23,"The Energy:OT value is expected to continue its recent strong upward trajectory for the next 48 weeks, driven by anticipated increases in oil prices and ongoing supply constraints. Volatility will likely remain elevated as the market adjusts from its previous lows."
1999-05-30,"The ""Energy:OT"" values are expected to continue their recent upward trend, reversing the prolonged decline of the previous period. This recovery will likely be accompanied by moderate volatility, driven by ongoing supply adjustments, refinery activity, and potential geopolitical factors."
1999-06-06,"The Energy:OT series is forecast to continue its strong upward trajectory over the next 48 weeks, building on the recent sharp rebound from historic lows. This trend is primarily driven by rising crude oil and gasoline prices, and the market will likely experience elevated volatility."
1999-06-13,"The ""Energy:OT"" values are expected to continue their recent upward trend, primarily driven by rising crude oil and gasoline prices and ongoing supply-side factors. While overall prices are likely to increase, volatility remains a key characteristic, influenced by geopolitical events and refinery issues."
1999-06-20,"After a significant rebound in early 1999 following a prolonged period of decline, Energy:OT values are expected to generally trend upwards over the next 48 weeks. The market will likely experience notable volatility driven by evolving global supply and demand dynamics."
1999-06-27,"The Energy:OT series will likely continue its strong upward trend over the next 48 weeks, primarily driven by anticipated increases in imported oil prices and ongoing refinery challenges. Expect some short-term volatility, but the overall direction points towards rising values."
1999-07-04,"The Energy:OT values are expected to continue their recent upward trajectory, recovering further from the lows of early 1999. Significant volatility is anticipated, primarily influenced by global crude oil market dynamics and geopolitical factors affecting supply."
1999-07-11,"Energy:OT prices are expected to continue their recent strong upward trajectory, recovering further from the historic lows seen earlier in the year. This trend is driven by rising crude oil prices, supply-side issues such as refinery problems, and increasing demand, though weekly fluctuations are probable."
1999-07-18,"The ""Energy:OT"" values are expected to continue their upward trend over the next 48 weeks, following the recent sharp rebound from historic lows. While some short-term volatility or moderation in the rate of increase is possible, the overall direction points to higher prices driven by increasing demand and market adjustments."
1999-07-25,"The Energy:OT values are expected to continue their recent upward trajectory, primarily driven by rising crude oil prices and increasing demand. However, the market will likely experience heightened volatility due to ongoing supply/demand shifts and potential geopolitical events, which could lead to periods of moderation or correction."
1999-08-01,"The strong upward trend observed in recent months, primarily driven by OPEC production cuts, is expected to continue, leading to further price increases over the next 48 weeks. While the overall direction is upward, the market may experience periods of volatility influenced by global supply-demand dynamics and potential shifts in OPEC policy."
1999-08-08,"The ""Energy:OT"" value is in a strong upward trend, fueled by recent OPEC production cuts and improving global oil and gas prices. This upward momentum is projected to persist, leading to continued increases or stabilization at elevated levels, with ongoing volatility driven by global supply-demand shifts and geopolitical events posing key risks."
1999-08-15,"The Energy:OT value is poised for continued upward movement over the next 48 weeks, largely propelled by sustained OPEC supply cuts and robust global demand. Expect notable volatility throughout this period, influenced by evolving supply-demand dynamics and potential geopolitical shifts."
1999-08-22,"The ""Energy:OT"" series is expected to continue its upward trend or stabilize at elevated levels over the next 48 weeks, primarily driven by sustained OPEC production cuts and robust US demand. Volatility is anticipated as global supply-demand dynamics and geopolitical factors continue to influence prices."
1999-08-29,"The ""Energy:OT"" values are expected to maintain their strong upward trend over the next 48 weeks, primarily driven by sustained OPEC production cuts. While the overall direction is positive, expect moderate volatility stemming from global supply and demand shifts."
1999-09-05,"Energy:OT prices are poised for continued increases over the next 48 weeks, extending the recent sharp upward trajectory driven by OPEC supply cuts and robust demand. Expect significant volatility as global supply-demand dynamics continue to evolve."
1999-09-12,"The ""Energy:OT"" values are expected to continue their strong upward trend over the next 48 weeks, primarily driven by sustained crude oil price increases and ongoing OPEC supply cuts. While some volatility may persist, the overall direction remains positive, with potential risks stemming from shifts in global oil supply policies or demand fluctuations."
1999-09-19,"The Energy:OT values are forecast to continue their strong upward trend over the next 48 weeks, primarily driven by sustained OPEC production cuts. Expect higher prices overall, with potential for increased volatility as global supply and demand dynamics evolve."
1999-09-26,"The ""Energy:OT"" values are expected to continue their strong upward trajectory over the next 48 weeks, primarily driven by sustained increases in crude oil prices and ongoing supply-side factors like OPEC production cuts. While the overall trend remains positive, expect notable volatility influenced by global economic conditions and potential geopolitical events."
1999-10-03,"The Energy:OT series is expected to continue its strong upward trend over the next 48 weeks, primarily driven by rising crude oil prices and ongoing OPEC production cuts. However, significant volatility is anticipated due to evolving global supply and demand dynamics and potential geopolitical influences."
1999-10-10,"The ""Energy:OT"" value is expected to continue its strong upward trend over the next 48 weeks, primarily driven by sustained increases in crude oil prices due to OPEC production cuts. While the overall direction is upward, some volatility is anticipated due to global supply and demand dynamics."
1999-10-17,"The Energy:OT series is expected to continue its upward trajectory over the next 48 weeks, primarily driven by rising crude oil prices due to OPEC production cuts and increasing oil imports. The market will likely experience ongoing volatility, influenced by global supply and demand dynamics."
1999-10-24,"The ""Energy:OT"" value is expected to continue its upward trend over the next 48 weeks, primarily driven by rising crude oil prices and OPEC supply management. While short-term volatility is anticipated, the overall direction remains positive."
1999-10-31,"The recent strong upward trend, driven by OPEC production cuts and rising crude oil prices, is expected to continue over the next 48 weeks. However, the market will likely experience ongoing volatility influenced by global supply-demand dynamics."
1999-11-07,"The ""Energy:OT"" value is projected to continue its upward trajectory over the next 48 weeks, primarily influenced by sustained OPEC supply management and robust global demand, with expected seasonal fluctuations. Volatility will likely remain high due to ongoing market dynamics."
1999-11-14,"The ""Energy:OT"" values are projected to continue their upward trend over the next 48 weeks, building on the significant recovery observed in 1999, primarily driven by OPEC production cuts. While some market volatility is expected, the overall direction points towards sustained higher prices."
1999-11-21,"The Energy:OT series will likely sustain its strong upward trajectory over the next 48 weeks, driven by recent oil price rebounds and ongoing supply management efforts. Expect continued volatility in the market as these dynamics unfold."
1999-11-28,"The Energy:OT values are expected to continue their strong upward trajectory over the next 48 weeks, primarily driven by sustained increases in crude oil prices and OPEC supply adjustments. The market will likely experience elevated volatility during this period."
1999-12-05,"The Energy:OT values are expected to continue their strong upward trend over the next 48 weeks, primarily driven by sustained crude oil price increases and OPEC production cuts. Volatility will likely persist, with potential for short-term disruptions from geopolitical events or regulatory actions aimed at curbing price hikes."
1999-12-12,"Energy:OT prices are expected to continue their strong upward trajectory, maintaining elevated levels over the next 48 weeks. This trend is primarily driven by sustained increases in crude oil prices, influenced by factors such as OPEC production cuts."
1999-12-19,"Energy:OT prices are projected to continue their strong upward trajectory over the next 48 weeks, primarily driven by ongoing OPEC supply cuts and robust demand. While market volatility is expected to persist, the overall trend indicates a continued rise, despite recent regulatory interventions aimed at stabilizing prices."
1999-12-26,"The ""Energy:OT"" values are projected to maintain their upward trajectory over the next 48 weeks, primarily propelled by continued OPEC supply management and strengthening global demand. Expect persistent volatility, with potential for fluctuations influenced by geopolitical developments and market responses to elevated prices."
2000-01-02,"The ""Energy:OT"" values are expected to continue their strong upward trajectory over the next 48 weeks, primarily driven by rising crude oil prices and OPEC production cuts. While some volatility is inherent in the energy market, the prevailing trend suggests sustained increases."
2000-01-09,"The ""Energy:OT"" value is expected to continue its upward trajectory over the next 48 weeks, primarily influenced by rising crude oil prices and global supply-demand dynamics. While moderate volatility is likely, significant risks include potential changes in OPEC production strategies or broader economic shifts."
2000-01-16,"The ""Energy:OT"" series has established a high plateau after a significant recovery throughout 1999, primarily driven by OPEC production cuts. This elevated level is expected to largely persist over the next 48 weeks, with potential for continued modest upward movement, though subject to volatility from global oil supply and demand dynamics."
2000-01-23,"The ""Energy:OT"" values are projected to continue their strong upward trend over the next 48 weeks, primarily driven by sustained increases in crude oil prices and robust demand. Expect moderate volatility within this rising trend, with potential for significant shifts based on global supply management decisions."
2000-01-30,"The ""Energy:OT"" values are expected to continue their strong upward trend over the next 48 weeks, driven primarily by ongoing OPEC production cuts and robust global demand. While the general direction is upward, the market is likely to experience continued volatility due to evolving supply-demand dynamics and potential geopolitical influences."
2000-02-06,"The Energy:OT values are expected to continue their strong upward trajectory over the next 48 weeks, primarily driven by rising crude oil prices and OPEC supply policies. Despite anticipated volatility, the overall trend points towards sustained growth."
2000-02-13,"The ""Energy:OT"" series is expected to continue its strong upward trend over the next 48 weeks, driven primarily by sustained increases in crude oil prices and robust demand. Volatility is likely to persist, influenced by global oil supply policies and geopolitical factors."
2000-02-20,"The ""Energy:OT"" values are expected to continue their strong upward trajectory over the next 48 weeks, primarily driven by surging crude oil prices and sustained expectations of high gasoline prices. While inherent volatility exists in energy markets, the current momentum and underlying drivers point towards continued increases."
2000-02-27,"The Energy:OT series is expected to maintain its strong upward trend over the next 48 weeks, propelled by the sustained surge in crude oil prices and rising gasoline costs. The market will likely experience continued volatility, influenced by global supply and demand dynamics and geopolitical developments."
2000-03-05,"The Energy:OT series is expected to continue its strong upward trajectory over the next 48 weeks, primarily driven by persistent increases in crude oil prices and ongoing global supply-demand imbalances. While some short-term volatility is anticipated, the overall trend remains firmly positive."
2000-03-12,"The Energy:OT series is expected to continue its strong upward trend over the next 48 weeks, driven by global supply and demand imbalances and surging crude oil prices. High volatility is also anticipated to persist."
2000-03-19,"Energy:OT values are projected to maintain their strong upward trajectory over the next 48 weeks, fueled by persistent increases in global crude oil prices and a tightening world demand-supply balance. Expect continued volatility within this rising trend, reflecting the inherent instability of energy markets."
2000-03-26,"The Energy:OT values are projected to continue their strong upward trend over the next 48 weeks, primarily driven by surging crude oil prices and a global supply-demand imbalance. Expect significant price volatility to persist throughout this period."
2000-04-02,"The Energy:OT values are forecast to continue their significant upward trend over the next 48 weeks, primarily driven by sustained global supply-demand imbalances and the recent surge in crude oil prices. Expect continued high volatility, with prices remaining sensitive to ongoing developments in oil production and broader economic activity."
2000-04-09,"The Energy:OT values are projected to continue their significant upward trajectory over the next 48 weeks, primarily fueled by surging global crude oil prices and an ongoing imbalance in world supply and demand. High volatility is anticipated due to these dynamic market conditions."
2000-04-16,"Energy:OT values are expected to maintain their strong upward trajectory over the next 48 weeks, propelled by sustained high crude oil prices and global supply-demand dynamics. Significant volatility is anticipated around this rising trend."
2000-04-23,"The ""Energy:OT"" values are projected to maintain their strong upward trajectory over the next 48 weeks, fueled by ongoing crude oil price increases and global supply-demand imbalances. Significant price volatility is expected to persist."
2000-04-30,"Energy:OT values are projected to resume their upward trajectory over the next 48 weeks, propelled by ongoing strong demand, global supply imbalances, and high crude oil prices. Expect significant volatility around this rising trend, with potential for sharp movements."
2000-05-07,"Energy:OT values are projected to maintain their strong upward trajectory over the next 48 weeks, primarily driven by surging crude oil prices, OPEC supply cuts, and robust demand, with continued market volatility."
2000-05-14,"Energy:OT values are expected to continue their significant upward trajectory over the next 48 weeks, primarily propelled by sustained increases in crude oil prices and strong US energy demand. While some volatility is anticipated, the prevailing trend indicates higher values, with global supply-demand dynamics posing the most notable risks."
2000-05-21,"The ""Energy:OT"" values are expected to continue their strong upward trend over the next 48 weeks, driven by surging crude oil prices, increasing US demand, and reduced supplies. Volatility is likely to persist, with potential for further rapid price spikes."
2000-05-28,"The Energy:OT series is expected to continue its strong upward trend over the next 48 weeks, primarily driven by surging crude oil prices and increasing demand. Significant volatility is anticipated, with prices likely to remain at elevated levels."
2000-06-04,"The Energy:OT values are projected to continue their strong upward trajectory over the next 48 weeks, driven by sustained high crude oil prices and robust demand. Significant volatility is expected, with geopolitical factors and supply-demand imbalances posing ongoing risks to price stability."
2000-06-11,"The Energy:OT values are projected to continue their significant upward trend over the next 48 weeks, fueled by surging crude oil prices, increased demand, and global supply imbalances. Expect high volatility with rapid price movements."
2000-06-18,"The strong upward trend in Energy:OT values is expected to continue over the next 48 weeks, driven primarily by rising crude oil prices and increasing demand. This will likely be accompanied by ongoing market volatility as global supply and demand dynamics remain sensitive."
2000-06-25,"The ""Energy:OT"" values are at a record high, driven by surging crude oil and gasoline prices amidst global supply and demand imbalances. This strong upward trend is expected to continue over the next 48 weeks, accompanied by significant volatility, as sustained high energy prices strain the economy."
2000-07-02,"The ""Energy:OT"" values are projected to maintain their strong upward trend over the next 48 weeks, fueled by sustained high crude oil prices and global supply-demand imbalances. Expect continued elevated volatility as prices remain at or near record highs."
2000-07-09,"The Energy:OT series has experienced a substantial surge, reaching record highs, propelled by rising crude oil prices and robust demand. Over the next 48 weeks, a period of stabilization or moderate decline is anticipated following recent peaks, driven by expected easing in crude oil prices, though significant volatility will persist due to ongoing supply and demand dynamics."
2000-07-16,"After a substantial period of upward movement driven by surging crude oil prices and increased demand, Energy:OT values are anticipated to stabilize or trend downwards over the next 48 weeks, influenced by expected declines in crude oil prices. High volatility is expected to continue, reflecting the sensitivity to global supply and demand dynamics."
2000-07-23,"Energy:OT values are likely to continue their recent downward correction from record highs over the next 48 weeks, driven by anticipated declines in crude oil prices. Despite this, significant volatility is expected, and values will likely remain elevated compared to historical averages, reflecting the strong upward trend observed over the past year."
2000-07-30,"Energy:OT prices are expected to remain at elevated levels, with a strong likelihood of renewed upward movement over the next 48 weeks, propelled by sustained strength in crude oil markets and robust demand. Significant volatility will persist, reflecting dynamic supply-demand conditions."
2000-08-06,"Following a period of rapid increase to record highs and a subsequent correction, Energy:OT prices are expected to stabilize or show moderate fluctuations over the next 48 weeks. Volatility will persist, influenced by global crude oil prices and the ongoing balance of supply and demand."
2000-08-13,"Energy:OT values are projected to remain at elevated levels with high volatility over the next 48 weeks, primarily driven by persistent high global crude oil prices and strong demand. A seasonal dip is possible during the winter months, but the overall trend is expected to be upward through the spring and summer of 2001."
2000-08-20,"Energy:OT values are projected to continue their overall upward trend over the next 48 weeks, driven by persistent increases in crude oil prices and ongoing supply-demand imbalances. The market will remain highly volatile, with significant fluctuations expected."
2000-08-27,"The Energy:OT series is expected to stabilize or slightly decline in the immediate term as it corrects from recent record highs. However, the prevailing long-term upward trend, fueled by strong demand and anticipated increases in crude oil prices, indicates a likely return to growth over the next year, accompanied by significant volatility."
2000-09-03,"Energy:OT prices are forecast to resume their upward trend over the next 48 weeks, following a recent correction from record highs. This trajectory will be largely driven by ongoing crude oil price increases and persistent strong demand, with continued significant volatility expected due to global supply and demand imbalances."
2000-09-10,"Energy:OT prices are expected to trend upward over the next 48 weeks, driven by continued surges in crude oil prices and potential supply shocks from ongoing OPEC discussions. High volatility will persist, with prices likely to remain elevated and pose a risk to global economic recovery."
2000-09-17,"The Energy:OT values are projected to continue their upward trajectory over the next 48 weeks, primarily driven by sustained high crude oil prices and global supply-demand dynamics, including potential impacts from OPEC actions. The market will likely experience significant volatility, with elevated prices posing an ongoing concern for economic stability."
2000-09-24,"Energy:OT prices are expected to resume an upward trend or stabilize at elevated levels over the next 48 weeks, despite a recent dip from record highs. This forecast is driven by persistent high crude oil prices, global supply concerns, and potential OPEC actions, which will also contribute to continued high volatility."
2000-10-01,"""Energy:OT"" values are expected to continue their strong upward trend over the next 48 weeks, driven by persistent crude oil price surges, ongoing supply/demand imbalances, and increased demand during the approaching winter. High volatility will likely characterize the market, with potential for further price shocks stemming from global supply dynamics and OPEC decisions."
2000-10-08,"The Energy:OT values are projected to continue their upward trend over the next 48 weeks, primarily driven by persistent global supply-demand imbalances and elevated crude oil prices. Significant volatility is expected, with potential for sharp price fluctuations influenced by OPEC decisions and seasonal demand for heating oil."
2000-10-15,"Energy:OT values are expected to continue their strong upward trajectory over the next 48 weeks, primarily driven by ongoing global supply/demand imbalances and rising world oil prices. High volatility will persist, with significant price fluctuations influenced by OPEC decisions and the broader impact of elevated energy costs on economic recovery."
2000-10-22,"Energy:OT prices are forecast to maintain their strong upward trajectory over the next 48 weeks, primarily driven by ongoing crude oil price increases and global supply-demand imbalances. Expect significant volatility, with potential for further price surges."
2000-10-29,"Energy:OT values are projected to continue their strong upward trend over the next 48 weeks, driven by persistent global supply-demand imbalances, rising crude oil prices, and low inventories. Significant volatility is expected to persist, influenced by ongoing OPEC decisions, seasonal demand pressures, and the recent US government decontrol of oil prices."
2000-11-05,"The Energy:OT values are projected to maintain their strong upward trajectory over the next 48 weeks, primarily propelled by persistently high global crude oil prices and ongoing supply-demand pressures. Expect continued significant volatility, with sharp fluctuations around this rising trend, largely influenced by OPEC decisions and global economic shifts."
2000-11-12,"The Energy:OT values have demonstrated a strong upward trend over the past two years, primarily driven by surging crude oil prices and global supply-demand imbalances. Expect this upward trajectory to continue over the next 48 weeks, with significant volatility, as geopolitical factors and winter demand are likely to exert further upward pressure."
2000-11-19,"Energy:OT prices are expected to trend upwards over the next 48 weeks, driven by persistently high crude oil prices, global supply-demand imbalances, and seasonal demand. Significant volatility will likely characterize this period, with prices subject to sharp fluctuations."
2000-11-26,"The Energy:OT series will experience continued high volatility over the next 48 weeks, primarily driven by global crude oil prices and seasonal demand. Despite a recent decline, values are expected to remain elevated, with a likely upward trajectory towards new highs, especially during the 2001 summer season, due to persistent high oil prices and US import reliance."
2000-12-03,"Energy:OT values are expected to continue their upward trend over the next 48 weeks, driven by persistent high crude oil prices, ongoing supply-demand imbalances, and increasing US import reliance. Significant volatility will likely persist, influenced by global oil market dynamics and seasonal demand fluctuations."
2000-12-10,"Energy:OT values are projected to continue their strong upward trajectory over the next 48 weeks, primarily driven by sustained high crude oil prices and global supply-demand imbalances. Expect significant volatility with sharp price movements, influenced by ongoing OPEC decisions and broader economic factors."
2000-12-17,"Energy:OT prices are expected to remain elevated and generally trend upwards over the next 48 weeks, primarily driven by persistently high crude oil prices and ongoing global supply-demand imbalances. Significant volatility is anticipated, with potential for sharp price movements influenced by import reliance and geopolitical factors."
2000-12-24,"Energy:OT prices are expected to remain highly volatile over the next 48 weeks, primarily driven by persistent high crude oil prices and global supply-demand imbalances. Despite a recent seasonal decline in the series, the strong underlying upward trend from the past two years and ongoing geopolitical risks suggest a stabilization followed by potential increases."
2000-12-31,"Energy:OT prices are expected to continue their overall upward trajectory over the next 48 weeks, driven by persistent high crude oil prices and global supply-demand imbalances. The period will likely exhibit significant volatility, with seasonal fluctuations and ongoing risks of price shocks."
2001-01-07,"Following a recent decline, Energy:OT values are expected to stabilize in the short term due to lower oil prices. However, over the next 48 weeks, significant volatility is anticipated, with a strong likelihood of renewed upward pressure driven by crude oil market dynamics and seasonal demand increases, potentially reversing the recent downward trend."
2001-01-14,"The Energy:OT series, primarily influenced by crude oil prices and global supply/demand, is expected to resume an upward trend over the next 48 weeks, following a recent period of decline. Significant volatility will persist, driven by potential OPEC actions and seasonal demand shifts, especially during the spring and summer months."
2001-01-21,"The Energy:OT values are projected to maintain their overall upward trend over the next 48 weeks, primarily influenced by global crude oil prices and supply-demand imbalances. Expect continued significant volatility with periods of sharp increases and declines."
2001-01-28,"Energy:OT prices are poised for an initial upward trend, fueled by recent sharp increases in crude oil prices. Over the next 48 weeks, significant volatility is expected, with prices heavily influenced by global crude oil market dynamics and the evolving balance of supply and demand."
2001-02-04,"The Energy:OT series is expected to experience an upward trend over the next 48 weeks, primarily driven by recent sharp crude oil price increases and anticipated seasonal demand. High volatility will persist, with prices susceptible to global supply and demand imbalances."
2001-02-11,"The Energy:OT series is expected to continue its recent moderate decline, stabilizing around current levels over the next 48 weeks, primarily influenced by anticipated lower oil prices. However, the series will likely experience significant volatility, driven by global crude oil price fluctuations and supply-demand dynamics, which could lead to sharp, short-term price movements."
2001-02-18,"The Energy:OT values are expected to trend downwards over the next 48 weeks, primarily driven by the ongoing fall in global oil prices and a slowing U.S. economy. Despite this, significant volatility is anticipated due to global supply-demand dynamics and crude oil price fluctuations."
2001-02-25,"Energy:OT prices are expected to experience continued downward pressure or stabilize at lower levels over the next 48 weeks, primarily driven by the ongoing slowdown in the U.S. economy. Significant volatility is anticipated, with global oil market dynamics and supply/demand imbalances contributing to short-term fluctuations."
2001-03-04,"Energy:OT values are projected to increase in the near term, driven by recent oil and gas price surges and Middle East instability. Over the next 48 weeks, expect sustained volatility and an overall upward trend, with global supply-demand dynamics and geopolitical events remaining critical influences."
2001-03-11,"Energy:OT prices are forecast to continue their upward trajectory, propelled by recent increases in crude oil and natural gas prices, notably due to geopolitical issues in the Middle East. Significant volatility is expected throughout the next 48 weeks, as global supply-demand dynamics and economic factors continue to exert strong influence."
2001-03-18,"Energy:OT prices are anticipated to trend upwards over the next 48 weeks, primarily driven by sustained increases in crude oil and gas prices and ongoing geopolitical tensions in the Middle East. Expect continued significant volatility as global supply and demand factors evolve."
2001-03-25,"The Energy:OT series is expected to remain highly volatile over the next 48 weeks, with values likely to fluctuate significantly due to global crude oil price dynamics and supply-demand imbalances. Following a recent downturn from mid-2000 highs, the series may experience renewed upward pressure, though sharp swings are probable given ongoing geopolitical factors and economic conditions."
2001-04-01,"The Energy:OT values will continue to exhibit high volatility over the next 48 weeks. Prices are likely to experience downward pressure or stabilize due to a slowing U.S. economy and falling oil prices, but geopolitical tensions, particularly in the Middle East, pose a significant risk for upward price movements."
2001-04-08,"Prices for Energy:OT are anticipated to remain highly volatile over the next 48 weeks, primarily influenced by global crude oil price fluctuations, supply-demand imbalances, and geopolitical events. Despite potential tempering effects from a slowing U.S. economy, upward pressure from these external factors is a significant risk."
2001-04-15,"Energy:OT prices are expected to continue their recent upward trend over the next 48 weeks, driven primarily by rising crude oil prices and global supply/demand dynamics. Significant volatility is anticipated, with geopolitical events and the state of the U.S. economy posing notable risks to this trajectory."
2001-04-22,"Energy:OT prices are projected to maintain their upward trajectory over the next 48 weeks, largely influenced by global crude oil prices and geopolitical developments, especially in the Middle East. Expect considerable volatility and sharp fluctuations, driven by supply-demand imbalances and potential external shocks."
2001-04-29,"Energy:OT prices are forecast to continue their recent sharp upward trend over the next 48 weeks, primarily driven by global crude oil prices, supply/demand imbalances, and geopolitical developments. This period will likely see continued significant volatility."
2001-05-06,"The ""Energy:OT"" values are currently experiencing a strong upward trend, driven by sharp increases in crude oil prices, ongoing supply/demand imbalances, and geopolitical issues in the Middle East. This upward momentum is expected to continue in the near term, with significant volatility anticipated over the next 48 weeks as global oil market dynamics and geopolitical developments remain key drivers."
2001-05-13,"Energy:OT prices are expected to continue their upward trajectory over the next 48 weeks, driven primarily by ongoing global crude oil market volatility and persistent supply/demand imbalances. Significant price fluctuations are likely within this overall trend, with potential for sharp increases influenced by geopolitical developments."
2001-05-20,"Energy:OT values are expected to remain elevated and likely continue their upward trend in the near term, driven by persistent supply/demand imbalances and high crude oil prices. Over the 48-week horizon, significant volatility is anticipated, with a potential for stabilization or a modest correction after the current peak, heavily influenced by global oil market dynamics and OPEC decisions."
2001-05-27,"Energy:OT values will continue to rise over the next 48 weeks, propelled by sustained high crude oil prices and structural supply-demand imbalances. Expect considerable volatility, with periods of sharp increases."
2001-06-03,"Energy:OT prices are forecast to continue their upward trend over the next 48 weeks, sustaining the high volatility observed due to ongoing global supply/demand imbalances and crude oil price fluctuations. Geopolitical developments, particularly in the Middle East, pose a notable risk for sharp price movements."
2001-06-10,"Energy:OT prices are forecast to remain elevated over the next 48 weeks, extending the recent upward trend driven by global crude oil markets and ongoing supply/demand imbalances. High volatility will persist, influenced by the prevailing energy crisis and potential geopolitical events."
2001-06-17,"The Energy:OT values are projected to remain elevated over the next 48 weeks, characterized by high volatility. Persistent global supply and demand imbalances, coupled with crude oil price fluctuations and geopolitical events, will be the primary drivers, suggesting continued upward pressure with significant price swings."
2001-06-24,"The Energy:OT series will likely experience continued high volatility over the next 48 weeks, driven by persistent global crude oil prices and supply-demand imbalances. Despite potential short-term fluctuations or corrections, the overall trajectory points towards elevated price levels, potentially surpassing recent peaks amidst an ongoing energy crisis."
2001-07-01,"The Energy:OT series is expected to resume its overall upward trend over the next 48 weeks, primarily driven by global crude oil prices and persistent supply and demand imbalances. Significant volatility is anticipated, with prices subject to sharp fluctuations influenced by geopolitical events and market dynamics."
2001-07-08,"Energy:OT prices are forecast to experience continued significant volatility over the next 48 weeks. While a near-term stabilization or slight decrease is plausible due to current oil inventory surpluses, the overarching trend points towards renewed upward pressure, primarily driven by global crude oil market dynamics and demand, with potential for sharp increases or declines based on supply shocks and geopolitical events."
2001-07-15,"Energy:OT prices are anticipated to experience significant volatility over the next 48 weeks, likely rebounding from recent declines and trending upwards overall. This forecast is primarily driven by global crude oil prices and persistent supply-demand imbalances, which will continue to cause sharp fluctuations."
2001-07-22,"Energy:OT prices are anticipated to experience sustained upward pressure and significant volatility over the next 48 weeks, driven by global oil market dynamics, persistent supply/demand imbalances, and refining constraints. Despite recent declines, prices are expected to remain elevated, with seasonal patterns likely to influence short-term movements."
2001-07-29,"Following a recent decline, Energy:OT values are anticipated to resume an upward trend over the next 48 weeks, driven by global crude oil prices and evolving supply and demand conditions. Significant volatility is expected to persist throughout this period."
2001-08-05,"Energy:OT values are currently declining from a May 2001 peak. Over the next 48 weeks, expect significant volatility, with prices stabilizing or declining further in the short term, before a likely rebound towards the next spring/summer season driven by global oil market dynamics and seasonal demand."
2001-08-12,"Energy:OT is expected to experience an initial continued decline, likely reaching a low point in the coming months, influenced by current oil inventory levels and global economic conditions. This will be followed by a significant rebound and upward trend over the remainder of the forecast period, driven by seasonal demand and global oil price fluctuations, with sustained volatility throughout."
2001-08-19,"Gasoline prices are expected to continue their recent decline into the autumn and winter, influenced by seasonal demand shifts and crude oil price movements. High volatility will persist throughout the next year, with prices likely to rebound significantly by next spring due to global supply and demand imbalances and potential refining constraints."
2001-08-26,"Energy:OT prices will likely see continued significant volatility over the next 48 weeks, initially rising due to recent crude oil price increases, followed by a cyclical pattern influenced by seasonal demand and global supply/demand dynamics."
2001-09-02,"The ""Energy:OT"" values are expected to continue their recent upward trajectory in the short term, driven by rising crude oil prices, late-summer demand, and tight supplies. Over the next 48 weeks, significant volatility is anticipated, with prices fluctuating based on global supply-demand dynamics, crude oil market movements, and seasonal energy consumption patterns."
2001-09-09,"Energy prices are expected to continue their recent upward trend in the near term, driven by rising crude oil prices and tight supplies. Over the next year, significant volatility is anticipated, with prices heavily influenced by global supply-demand dynamics, geopolitical events, and the evolving market structure following recent mergers."
2001-09-16,"Energy:OT values are expected to exhibit high volatility over the next 48 weeks, primarily driven by global crude oil prices and supply-demand dynamics. Following a recent strong rebound, a period of stabilization or slight decline is anticipated through the winter, with an overall upward trend likely to resume by next spring."
2001-09-23,"Energy:OT prices are expected to continue their recent upward trajectory over the next 48 weeks, largely driven by persistent high world crude oil prices and ongoing supply/demand imbalances. The period will likely be marked by significant volatility, with prices fluctuating considerably due to global market dynamics and potential geopolitical events."
2001-09-30,"The Energy:OT series will likely experience high volatility over the next 48 weeks, driven by global crude oil prices and supply-demand imbalances. Following an anticipated seasonal decline into the winter months, values are expected to rise again through the spring and summer of 2002, consistent with historical patterns."
2001-10-07,"The ""Energy:OT"" series is currently in a sharp decline, but a seasonal rebound is anticipated, leading to rising prices into the spring and summer of 2002 before a potential decline towards the end of the forecast period. High volatility will persist throughout, driven primarily by global crude oil prices and the ongoing balance of supply and demand."
2001-10-14,"The Energy:OT series is in a sharp decline, expected to continue or stabilize at lower levels in the near term, potentially reaching a trough during the winter. Over the next 48 weeks, significant volatility is anticipated, with prices likely to rebound and trend upwards by spring/summer 2002, driven by global crude oil prices and evolving supply-demand dynamics."
2001-10-21,"The ""Energy:OT"" series is currently experiencing a significant downward trend, likely driven by declining demand and falling natural gas prices. Over the next 48 weeks, prices are anticipated to stabilize at these lower levels, though high volatility remains a risk due to evolving global oil market dynamics and economic factors."
2001-10-28,"The ""Energy:OT"" values are currently at a historical low, driven by the ongoing impact of the September 11 attacks on global energy markets. We expect prices to stabilize at these lower levels or experience further slight declines in the near term, followed by a potential moderate seasonal rebound towards spring and summer, with overall volatility remaining high due to crude oil price fluctuations and persistent geopolitical instability."
2001-11-04,"Following a significant decline driven by recent geopolitical events and economic factors, the ""Energy:OT"" series is expected to stabilize at lower levels over the next 48 weeks. While some seasonal upward movement is possible in the spring and summer, overall prices will remain highly sensitive to global crude oil supply, demand, and ongoing economic recovery."
2001-11-11,"Energy prices are expected to stabilize at current lower levels or see further gradual declines over the next 48 weeks, primarily driven by the ongoing global economic slowdown and the lingering effects of the September 11 attacks. While short-term volatility will persist, significant upward pressure is unlikely given current market conditions and sufficient petroleum reserves."
2001-11-18,"Prices are expected to continue their recent sharp decline in the near term, driven by ongoing oil-producer disputes and the lingering impact of the September 11 attacks on global energy markets. Over the next year, significant volatility is anticipated, with a probable rebound and upward pressure emerging in the spring and summer months due to seasonal demand and potential shifts in global supply-demand balances."
2001-11-25,"Energy:OT prices are forecast to continue their sharp downward trajectory in the near term, primarily driven by plummeting oil prices and global market instability. While a seasonal rebound is likely during the spring and summer, overall prices are expected to stabilize at a lower level over the next year, with continued volatility influenced by crude oil dynamics."
2001-12-02,"Energy:OT values are forecast to continue their recent downward trend or stabilize at significantly lower levels over the next 48 weeks, primarily driven by plummeting oil prices and the lingering global market uncertainty following the September 11 attacks. Volatility will remain a key characteristic as oil-producer dynamics and geopolitical factors continue to influence the market."
2001-12-09,"The ""Energy:OT"" values are in a steep decline, a trend that will continue over the next 48 weeks, likely pushing prices lower. This sustained downward pressure and market volatility are primarily driven by the lingering effects of global geopolitical events and ongoing oil-producer dynamics."
2001-12-16,"The Energy:OT values are projected to continue their significant downward trend over the next 48 weeks, driven by persistent low global oil prices and reduced demand following recent geopolitical events, with continued volatility expected as prices approach levels below $1."
2001-12-23,"Energy:OT prices are at a historical low, having experienced a significant decline driven by plummeting crude oil prices and recent market disruptions. Over the next 48 weeks, prices are expected to remain suppressed, likely stabilizing near current low levels or experiencing further slight declines, with limited upward pressure."
2001-12-30,"The ""Energy:OT"" values are currently at a multi-year low, primarily driven by plummeting crude oil prices and a slowing global economy. While seasonal upward pressure is anticipated in the upcoming spring and summer, overall volatility is expected to persist, keeping prices relatively subdued, contingent on global oil supply and demand balances."
2002-01-06,"Energy:OT values are forecast to continue their recent downward trajectory, stabilizing at lower levels over the next 48 weeks, primarily influenced by plummeting crude oil prices and global market adjustments. While short-term volatility is expected, a substantial upward trend is not anticipated."
2002-01-13,"Following a sharp decline in late 2001, Energy:OT prices are poised for a rebound over the next 48 weeks, driven by anticipated seasonal demand and shifts in fuel consumption patterns. Expect continued high volatility, heavily influenced by global crude oil prices and ongoing economic adjustments."
2002-01-20,"Fuel prices are expected to remain highly volatile over the next year, with any seasonal increases likely to be tempered by weakened demand and global economic conditions. Key drivers will include crude oil price movements and ongoing shifts in fuel consumption patterns."
2002-01-27,"Energy:OT prices are anticipated to exhibit significant volatility over the next 48 weeks, likely experiencing upward pressure and potential spikes driven by ongoing crude oil market dynamics and changes within the oil-refining sector. Despite recent demand weakness, overall prices are expected to fluctuate considerably from their current stabilized levels."
2002-02-03,"The ""Energy:OT"" values are expected to exhibit increased volatility over the next 48 weeks, likely showing a general upward trend from current lower levels, driven by seasonal demand and shifts in fuel consumption. This outlook is primarily influenced by global crude oil price dynamics and ongoing changes within the oil-refining business."
2002-02-10,"Prices for Energy:OT are projected to seasonally increase through the spring and summer, recovering from recent lows, before declining into the next winter period. High volatility will persist, primarily influenced by crude oil prices, supply-demand balances, and evolving fuel demand."
2002-02-17,"Energy:OT prices are anticipated to experience an initial upward trend in the coming months, driven by seasonal demand and shifts in fuel consumption. This will be followed by sustained volatility, with overall price levels significantly influenced by crude oil market dynamics and ongoing changes in refining capacity."
2002-02-24,"Energy:OT prices are anticipated to trend upwards over the next 48 weeks, primarily influenced by recent increases in petroleum oil prices and shifts in fuel demand. The market is expected to exhibit heightened volatility, with potential for significant price fluctuations."
2002-03-03,"""Energy:OT"" prices are expected to follow a seasonal pattern, rising through the spring and summer months before declining into winter, driven by typical demand fluctuations and global crude oil market dynamics. Expect continued volatility, with potential for price spikes due to ongoing shifts in refining and supply."
2002-03-10,"The Energy:OT series is likely to see continued upward movement in the near term, driven by rising petroleum oil prices and seasonal demand, potentially peaking in the summer. Expect high volatility across the 48-week horizon, with a subsequent decline towards next winter, influenced by global energy market conditions."
2002-03-17,"Energy:OT prices are forecast to continue their current upward trajectory, driven by rising crude oil prices and seasonal demand, likely peaking in the summer before a seasonal decline into late 2002. The market will remain volatile, with global energy market dynamics and supply-demand shifts being key drivers."
2002-03-24,"The Energy:OT values are expected to continue their recent upward trend over the next 48 weeks, primarily driven by rising crude oil prices and shifts in fuel demand. We anticipate significant volatility and potential price spikes, with seasonal patterns likely introducing temporary fluctuations."
2002-03-31,"The ""Energy:OT"" series is expected to continue its recent strong upward trend over the next 48 weeks, primarily driven by rising crude oil prices and shifts in fuel demand. However, significant volatility is anticipated, influenced by global supply-demand dynamics and geopolitical factors."
2002-04-07,"The Energy:OT series is currently in a strong upward trend, driven by sustained oil consumption and rising crude oil prices, which is expected to continue in the short term, likely leading to a seasonal peak before a potential decline towards year-end and another rebound. High volatility, influenced by global supply-demand dynamics and refining market changes, is anticipated throughout the forecast horizon."
2002-04-14,"Energy:OT prices are currently on a significant upward trajectory, primarily driven by soaring crude oil prices and global market shifts. This strong upward trend is expected to persist, leading to elevated prices and continued volatility over the next 48 weeks, with seasonal demand likely contributing to fluctuations."
2002-04-21,"Energy:OT prices are projected to continue their upward trend into the summer, primarily driven by increasing crude oil costs and sustained demand. Expect significant volatility over the next year, with potential for seasonal moderation during the winter months before a likely resurgence."
2002-04-28,"The value is forecast to continue its strong upward trajectory over the next year, driven by soaring crude oil prices and persistent supply-demand imbalances, with high volatility expected. While seasonal patterns may introduce some fluctuations, the overall trend indicates sustained elevated prices."
2002-05-05,"Energy:OT values are forecast to continue their recent upward trend in the near term, primarily driven by rising crude oil prices. Over the next 48 weeks, significant volatility is expected, with prices likely to follow seasonal patterns of peaking in late spring/early summer and declining into winter, influenced by global oil market dynamics and refining sector changes."
2002-05-12,"Energy:OT prices are expected to continue their recent upward trajectory into the summer, driven by soaring crude oil prices and robust demand, followed by a seasonal decline into winter. High volatility will characterize the next year, influenced by global oil market dynamics and potential geopolitical shifts."
2002-05-19,"The Energy:OT values are forecast to maintain their current upward trajectory over the next 48 weeks, primarily driven by sustained increases in crude oil prices and persistent supply-demand imbalances. Expect continued high volatility as global market dynamics evolve."
2002-05-26,"Energy:OT prices are expected to continue their upward trend over the next 48 weeks, primarily driven by rising crude oil prices and persistent supply-demand imbalances. The market will experience continued volatility, with global economic conditions and geopolitical factors posing notable risks for sharp price fluctuations."
2002-06-02,"Energy:OT prices are expected to exhibit significant volatility over the next 48 weeks, likely declining through the summer and fall, influenced by global crude oil prices and supply-demand dynamics, before a potential recovery in the following spring."
2002-06-09,"Energy:OT prices are expected to exhibit significant volatility over the next 48 weeks, driven primarily by global crude oil prices and seasonal demand. Following a recent plateau, a downward trend is likely through late 2002, with prices recovering and rising into spring and early summer of 2003."
2002-06-16,"Energy:OT prices are forecast to remain highly volatile over the next 48 weeks. An initial upward trend or sustained high levels are anticipated, primarily driven by global crude oil prices, seasonal demand, and ongoing US import reliance, though potential declines are probable in the latter half of the period due to evolving supply-demand dynamics and geopolitical factors."
2002-06-23,"The Energy:OT values are projected to continue their upward trend over the next 48 weeks, primarily driven by sustained US crude oil import reliance and expected increases in gasoline prices. Significant volatility is anticipated, but the overall direction points towards a continued recovery from recent lows."
2002-06-30,"The Energy:OT series is expected to experience continued volatility over the next 48 weeks, likely trending moderately lower through the end of the year due to seasonal demand shifts and economic pressures, before potentially recovering in early 2003, with global oil prices and US import reliance remaining key determinants."
2002-07-07,"The Energy:OT market is expected to see sustained elevated prices with significant volatility over the next 48 weeks, driven primarily by global crude oil price movements, persistent supply-demand imbalances, and seasonal demand factors."
2002-07-14,"Energy:OT prices are expected to continue their recent upward trend over the next 48 weeks, driven by significant increases in global oil and gas prices and ongoing supply-demand dynamics. Volatility will remain a notable characteristic, influenced by economic factors and geopolitical developments."
2002-07-21,"Energy:OT values, having recovered significantly from their late 2001 lows, are expected to maintain current elevated levels or experience moderate increases over the next 48 weeks, primarily driven by persistent upward pressure on global oil and gas prices and shifting fuel demand. High volatility is likely to continue due to evolving supply-demand dynamics and geopolitical influences."
2002-07-28,"Energy:OT prices are expected to remain elevated or trend upward over the next 48 weeks, driven by recent significant increases in global oil and gas prices and persistent supply-demand dynamics. High volatility is anticipated, with potential for seasonal fluctuations influenced by market fundamentals and geopolitical developments."
2002-08-04,"The next 48 weeks will likely see a continuation of the seasonal pattern, with prices declining towards a winter low, followed by a rebound to a spring/early summer peak in 2003. Volatility is expected to persist, primarily driven by global crude oil prices and supply-demand dynamics, with potential for significant shifts from geopolitical events."
2002-08-11,"The Energy:OT series is expected to experience continued upward pressure and significant volatility over the next 48 weeks, driven primarily by global crude oil prices and ongoing supply-demand dynamics."
2002-08-18,"Energy:OT prices are expected to exhibit significant volatility over the next 48 weeks, with a likely downward trend through the fall and winter, followed by a notable rebound and upward trajectory in the spring and early summer, primarily influenced by seasonal demand and global crude oil market fluctuations."
2002-08-25,"Energy:OT values are expected to trend upwards over the next 48 weeks, driven by persistent underlying pressures in global oil markets and supply-demand dynamics, with continued notable volatility and potential price spikes."
2002-09-01,"The Energy:OT values are anticipated to experience a seasonal decline through the upcoming fall and winter, driven by typical demand patterns, followed by a rebound in the spring and summer months of 2003. Volatility will persist, with crude oil prices and global supply-demand dynamics being primary drivers leading to significant fluctuations."
2002-09-08,"Energy:OT prices are expected to experience moderate volatility over the next 48 weeks, with a likely near-term decline through late 2002 and early 2003 driven by recent demand weakness and seasonal factors. A subsequent recovery is anticipated in spring and summer 2003, with the overall trajectory heavily influenced by global crude oil market dynamics and potential geopolitical shifts."
2002-09-15,"The Energy:OT value is expected to experience continued high volatility over the next 48 weeks, primarily influenced by global crude oil price movements and evolving supply-demand conditions. While recent values show some stabilization, underlying market pressures and geopolitical factors suggest a potential for renewed upward trends, alongside risks from economic shifts."
2002-09-22,"Energy:OT prices are expected to exhibit moderate seasonal fluctuations over the next 48 weeks, with a likely dip in the upcoming winter months followed by a rebound in spring and summer, maintaining a generally stable trend overall. Key drivers of potential volatility will be global crude oil market dynamics, supply-demand balances, and ongoing regulatory oversight."
2002-09-29,"Energy:OT prices are expected to follow their strong annual seasonal pattern, declining through late autumn and winter before rebounding in spring and early summer. While maintaining relatively high levels compared to recent lows, significant volatility will persist, primarily driven by global crude oil price fluctuations, supply-demand dynamics, and geopolitical developments."
2002-10-06,"Energy:OT values are expected to follow a typical seasonal pattern, declining through the upcoming winter months before rising in spring and summer 2003. Significant volatility will persist, primarily driven by global oil market dynamics, supply chain disruptions, and ongoing geopolitical factors."
2002-10-13,"""Energy:OT"" prices are projected to maintain their recent upward trajectory over the next 48 weeks, primarily influenced by persistent global events and supply chain disruptions. Expect significant volatility and potential price spikes throughout the forecast period."
2002-10-20,"The ""Energy:OT"" series is forecast to experience continued upward pressure, likely leading to a seasonal peak around mid-2003, driven by ongoing increases in global oil and natural gas prices. Following this peak, a seasonal decline is anticipated, though overall market volatility will remain high due to geopolitical uncertainties and supply-demand fluctuations."
2002-10-27,"Energy:OT values are projected to maintain an upward trajectory in the coming months, propelled by sustained higher oil and natural gas prices and anticipated seasonal demand, likely reaching new peaks. High volatility will persist throughout the 48-week period, driven by global market dynamics, supply chain issues, and regulatory changes."
2002-11-03,"Energy:OT prices are expected to continue their recent upward trend, primarily driven by rising crude oil prices. The market will experience ongoing volatility due to global events and supply chain disruptions, with seasonal patterns driving prices higher in the spring and summer."
2002-11-10,"The ""Energy:OT"" values are expected to maintain their recent upward trajectory over the next 48 weeks, largely influenced by rising crude oil prices and market supply-demand dynamics. High volatility is anticipated, with potential seasonal patterns and risks from global events and supply chain disruptions."
2002-11-17,"The Energy:OT value is forecast to experience an upward trend through the first half of 2003, driven by rising crude oil prices and seasonal demand, potentially reaching higher levels than seen in the prior year. A subsequent decline is expected towards the end of the 48-week horizon as winter demand patterns emerge. Expect moderate to high volatility throughout, significantly influenced by global energy market dynamics and geopolitical events."
2002-11-24,"Energy prices are anticipated to experience moderate volatility over the next 48 weeks, with a probable initial decline through winter followed by a seasonal rebound and upward trend into spring and summer. This trajectory will be largely dictated by global crude oil price movements, seasonal demand, and ongoing geopolitical developments."
2002-12-01,"Energy:OT prices are expected to exhibit continued volatility over the next year, likely following a seasonal pattern with potential increases into the spring and summer. Geopolitical events and global crude oil supply-demand dynamics will be the primary drivers of these fluctuations."
2002-12-08,"Energy:OT prices are projected to experience a significant upward trend over the next 48 weeks, primarily driven by an anticipated oil-price shock, with typical seasonal peaks and troughs overlaid on this rising trajectory. Expect continued high volatility due to global supply dynamics and geopolitical factors."
2002-12-15,"""Energy:OT"" values are expected to follow their typical seasonal pattern, declining slightly into early 2003 before a significant rebound in spring/early summer, then a gradual fall into late 2003. The outlook is highly volatile due to rising crude oil prices and the risk of an oil-price shock triggering inflation and recession."
2002-12-22,"Energy:OT prices are expected to experience substantial upward pressure over the next 48 weeks, primarily driven by a projected oil-price shock and typical seasonal demand increases. The market will likely remain volatile due to ongoing geopolitical factors and supply-demand shifts, with potential for broader economic impacts like inflation and recession."
2002-12-29,"Energy:OT prices are forecast to trend upwards over the next 48 weeks, driven by global economic growth, OPEC production restraints, and persistent Middle East tensions. Significant volatility is expected, with prices likely to experience seasonal increases during warmer months, and a notable risk of broader economic impacts from the projected oil-price shock."
2003-01-05,"Energy:OT prices are forecast to trend upwards over the next 48 weeks, primarily driven by persistent geopolitical tensions, OPEC production policies, and global economic growth, with significant volatility and a risk of substantial price increases due to an anticipated oil-price shock."
2003-01-12,"Energy:OT prices are projected to rise significantly over the next 48 weeks, propelled by increasing crude oil costs, global economic growth, OPEC supply management, and ongoing geopolitical tensions. Expect continued high volatility, with prices likely to follow a seasonal pattern from a higher baseline."
2003-01-19,"Energy:OT prices are expected to continue their recent ascent, driven by ongoing Middle East tensions, OPEC production policies, and robust global demand. Significant volatility is anticipated as these geopolitical and supply-demand dynamics unfold over the next year."
2003-01-26,"Energy:OT prices are expected to continue their recent upward trend over the next 48 weeks, driven by global economic growth, OPEC production restraints, and ongoing Middle East tensions. This period will likely see significant volatility, especially as the market absorbs a projected oil-price shock and navigates seasonal demand increases."
2003-02-02,"Energy:OT values are projected to maintain an upward trend over the next 48 weeks, primarily driven by ongoing geopolitical tensions, global economic growth, and increasing crude oil prices. Expect significant volatility throughout the period, with prices remaining elevated and facing upward pressure, particularly due to the risk of an oil-price shock."
2003-02-09,"Energy:OT prices are expected to continue their significant upward trajectory over the next 48 weeks, driven by global economic growth, OPEC production restraints, and Middle East tensions, maintaining high volatility."
2003-02-16,"The ""Energy:OT"" series is expected to continue its strong upward trajectory over the next 48 weeks, primarily driven by sustained high crude oil prices, geopolitical tensions, and OPEC supply management. This upward trend will likely be accompanied by significant volatility, carrying risks for broader economic stability."
2003-02-23,"Energy:OT prices are projected to continue their significant upward trajectory over the next 48 weeks, primarily driven by persistent geopolitical tensions, OPEC production constraints, and global supply disruptions. High volatility is expected to accompany this trend."
2003-03-02,"Energy:OT values are projected to remain elevated and likely continue their upward trend over the next 48 weeks, driven by persistent geopolitical tensions, OPEC production restraints, and concerns over dwindling domestic supplies. Expect significant volatility and potential sharp price movements due to these ongoing supply-side pressures and their broader economic implications."
2003-03-09,"The current sharp upward trend in energy prices is expected to continue over the next year, driven by persistent geopolitical tensions, ongoing supply disruptions, and OPEC production restraints, indicating sustained high volatility."
2003-03-16,"Energy:OT prices are expected to remain high and likely continue their upward trajectory over the next 48 weeks, primarily driven by ongoing geopolitical tensions, tight supply conditions, and elevated crude oil prices. The market will likely experience significant volatility."
2003-03-23,"The series is currently in a strong upward trend, primarily driven by significant geopolitical instability in the Middle East, including the Iraq war, and ongoing supply disruptions from regions like Venezuela. This upward momentum is expected to persist, accompanied by high volatility as global events continue to dictate oil and gas market dynamics."
2003-03-30,"Oil and gasoline prices are forecast to remain elevated and highly volatile over the next 48 weeks, primarily driven by persistent geopolitical tensions and ongoing supply concerns. Expect prices to fluctuate significantly around a high baseline."
2003-04-06,"Energy:OT prices are expected to remain elevated and highly volatile over the next 48 weeks, driven by persistent geopolitical tensions and supply disruptions. The recent sharp increases suggest a continued upward pressure, though significant short-term fluctuations are probable."
2003-04-13,"Energy:OT prices are expected to continue their recent sharp decline from the early 2003 peak, primarily driven by the easing of geopolitical tensions, particularly related to Iraq. Despite this downward trend, significant volatility is anticipated over the next 48 weeks, influenced by ongoing global supply-demand dynamics and the potential for renewed geopolitical instability."
2003-04-20,"Energy:OT values are expected to remain highly volatile over the next 48 weeks, primarily driven by ongoing geopolitical tensions, particularly in the Middle East, and global supply dynamics. Following a recent peak and subsequent decline, prices will likely continue to fluctuate significantly, with potential for sharp movements in either direction based on evolving international events."
2003-04-27,"Energy:OT prices are expected to continue their recent decline in the short term, influenced by market reactions to geopolitical developments, before experiencing a rebound and increased volatility over the next 48 weeks. Global oil supply dynamics, persistent geopolitical risks, and seasonal demand will drive prices higher into the upcoming winter period."
2003-05-04,"Energy:OT values are expected to remain highly volatile over the next 48 weeks, primarily driven by ongoing geopolitical tensions in the Middle East and global crude oil supply dynamics. Following a recent peak and subsequent slight decline, prices are likely to fluctuate significantly, with potential for renewed upward pressure."
2003-05-11,"The Energy:OT market has recently experienced a sharp decline, largely driven by developments related to Iraq. Over the next 48 weeks, expect high volatility to persist, with prices stabilizing or continuing a moderate decline, though significant upward swings remain a risk due to persistent geopolitical tensions and supply concerns."
2003-05-18,"The recent sharp decline in Energy:OT prices is expected to be a short-term correction. Over the next 48 weeks, prices are projected to resume an upward trend, characterized by high volatility due to ongoing geopolitical instability and global supply-demand pressures."
2003-05-25,"Energy prices are expected to continue their overall upward trajectory over the next 48 weeks, following a recent correction from a sharp peak. Significant volatility will persist, primarily driven by ongoing geopolitical tensions, global military conflicts, and underlying supply and demand dynamics."
2003-06-01,"The ""Energy:OT"" values are expected to exhibit high volatility over the next 48 weeks, likely fluctuating around current levels or experiencing a moderate rebound, primarily driven by ongoing geopolitical developments and global crude oil supply-demand dynamics."
2003-06-08,"Energy:OT prices are expected to decline in the near term following the resumption of Iraqi oil exports, with significant volatility persisting as global supply and demand dynamics adjust over the next 48 weeks."
2003-06-15,"Energy:OT prices are likely to stabilize or ease in the near term, influenced by the resumption of Iraqi oil exports. However, high volatility is anticipated over the next 48 weeks, primarily driven by persistent geopolitical tensions and potential supply chain disruptions."
2003-06-22,"Energy prices are projected to remain elevated with continued significant volatility over the next 48 weeks, primarily driven by persistent geopolitical tensions, global supply dynamics, and the recent removal of Nigerian fuel subsidies."
2003-06-29,"The ""Energy:OT"" market is expected to exhibit continued volatility over the next 48 weeks. Following a period of recent decline and anticipated short-term stability, prices are likely to resume an upward trend, primarily driven by global demand and ongoing geopolitical risks, though the resumption of Iraq's oil exports may temper the pace of increase."
2003-07-06,"The Energy:OT market is expected to exhibit continued high volatility over the next 48 weeks, with prices likely to stabilize or moderately decline from recent levels as Iraqi oil exports resume. However, persistent geopolitical tensions and potential supply disruptions pose significant risks for renewed upward price movements."
2003-07-13,"Energy:OT prices are forecast to experience significant volatility over the next 48 weeks, stabilizing in the near term before a likely gradual increase. This trajectory will be primarily driven by evolving geopolitical dynamics in the Middle East, particularly Iraq's oil production and exports, alongside global demand and supply adjustments."
2003-07-20,"Energy:OT prices are likely to stabilize or experience a slight decline in the near term, driven by the observed recession in oil prices and the resumption of Iraqi oil exports. Over the next 48 weeks, however, expect increasing volatility and renewed upward pressure, primarily due to persistent geopolitical tensions, ongoing supply-demand dynamics, and typical seasonal increases as colder weather approaches."
2003-07-27,"Energy:OT prices are expected to remain highly volatile over the next 48 weeks, driven by ongoing geopolitical tensions and supply-demand dynamics. While the anticipated resumption of Iraqi oil exports may exert downward pressure, other factors could lead to significant fluctuations."
2003-08-03,"Energy:OT prices are expected to maintain an upward trajectory over the next 48 weeks, continuing the general trend observed, but with significant volatility. This outlook is primarily driven by global crude oil market dynamics and persistent geopolitical uncertainties, which will cause sharp fluctuations."
2003-08-10,"The Energy:OT series is expected to continue its general upward trend over the next 48 weeks, driven by persistent geopolitical tensions and global supply-demand dynamics. Significant volatility is anticipated, with potential sharp price swings influenced by ongoing Middle East developments and global economic conditions."
2003-08-17,"The Energy:OT values are projected to continue their upward trajectory, potentially surpassing previous peaks in the near term, driven by low inventories and robust demand. However, significant volatility will persist, with prices susceptible to sharp fluctuations influenced by evolving geopolitical events and global supply-demand shifts."
2003-08-24,"Energy:OT prices are expected to continue their recent upward trajectory over the next 48 weeks, driven by ongoing geopolitical tensions, low inventories, and high demand. Significant volatility is anticipated, with potential for sharp price swings influenced by global supply disruptions and economic shifts."
2003-08-31,"Energy:OT prices are forecast to continue their strong upward trajectory over the next 48 weeks, fueled by ongoing geopolitical instability and robust demand. Significant market volatility is anticipated, with sharp price fluctuations driven by potential supply disruptions and global economic shifts."
2003-09-07,"Energy:OT prices are projected to continue their upward trajectory over the next 48 weeks, fueled by persistent geopolitical instability and strong demand. High volatility is expected to remain a defining characteristic, with potential for sharp fluctuations driven by global supply concerns."
2003-09-14,"Energy:OT prices are forecast to maintain a strong upward trajectory over the next 48 weeks, fueled by ongoing geopolitical instability, supply constraints, and robust demand. Expect significant volatility, with prices susceptible to sharp movements based on global events and market shifts."
2003-09-21,"Energy:OT prices are expected to exhibit continued high volatility over the next 48 weeks, driven by persistent geopolitical instability and global supply-demand dynamics. While recent values show a slight correction from a peak, the overall trend points towards an upward trajectory."
2003-09-28,"Energy:OT values are projected to continue their upward trajectory over the next 48 weeks, primarily driven by persistent OPEC production cuts and global supply-demand imbalances. Expect significant volatility and sharp fluctuations due to ongoing geopolitical developments and inventory shifts."
2003-10-05,"Energy:OT prices are expected to resume their overall upward trajectory over the next 48 weeks, driven by persistent crude oil price increases, global demand, and geopolitical factors like recent OPEC production cuts. This period will likely be marked by continued significant volatility due to ongoing supply-demand dynamics and international events."
2003-10-12,"The ""Energy:OT"" will experience significant volatility over the next 48 weeks. Prices are set to resume an upward trajectory following a recent correction, primarily driven by persistent geopolitical instability and OPEC's supply management."
2003-10-19,"Energy:OT prices are expected to resume an upward trend over the next 48 weeks, driven by persistent geopolitical tensions, OPEC supply management, and inflationary pressures. High volatility will continue, with significant price fluctuations remaining a prominent feature."
2003-10-26,"The ""Energy:OT"" values are expected to continue their recent decline or stabilize through the end of the year, before experiencing a strong upward surge in early 2004. High volatility will persist across the forecast horizon, with the overall trend pointing towards higher values, primarily influenced by geopolitical developments and seasonal energy demand."
2003-11-02,"Energy:OT prices are expected to continue their overall upward trend over the next 48 weeks, driven by persistent global crude oil market dynamics, including OPEC policies and geopolitical factors. Significant volatility is anticipated, with seasonal fluctuations likely to see an initial dip before resuming an upward trajectory."
2003-11-09,"Energy:OT prices are anticipated to rebound from their current levels and trend generally higher over the next 48 weeks, characterized by increased volatility driven by persistent global supply concerns and crude oil market dynamics."
2003-11-16,"Energy:OT prices are anticipated to remain highly volatile over the next 48 weeks, with an underlying upward pressure driven by global crude oil price dynamics, OPEC production decisions, and persistent geopolitical instability. While short-term fluctuations are expected, significant risks from Middle East tensions and supply disruptions could lead to sharp price spikes."
2003-11-23,"The Energy:OT series will continue to exhibit high volatility over the next 48 weeks. Following its recent decline, prices are expected to rebound and trend upwards, driven by persistent global demand, geopolitical instability, and OPEC production policies, potentially reaching or exceeding prior peaks."
2003-11-30,"The Energy:OT series is expected to rebound from its recent decline over the next 48 weeks, driven by ongoing geopolitical tensions and supply-demand dynamics. Expect continued high volatility, with prices subject to sharp fluctuations influenced by global events and OPEC decisions."
2003-12-07,"The recent downward trend indicates a potential cooling of prices following a period of significant volatility. Expect continued fluctuations over the next 48 weeks, driven by global oil supply-demand dynamics and geopolitical developments, with a tendency towards stabilization or further moderate decline."
2003-12-14,"The Energy:OT values are expected to see an upward trend or stabilization in the near term, followed by significant volatility over the next 48 weeks. This will be primarily driven by ongoing crude oil price fluctuations, geopolitical developments, and global supply-demand shifts."
2003-12-21,"Energy:OT prices are expected to exhibit an overall upward trajectory over the next 48 weeks, driven by persistent geopolitical factors and global supply-demand dynamics. High volatility will characterize the period, with sharp fluctuations likely as market conditions evolve."
2003-12-28,"Energy:OT values are forecast to maintain an upward trajectory over the next 48 weeks, propelled by persistent geopolitical instability and OPEC's supply management. Expect significant volatility throughout the period, largely influenced by seasonal demand shifts and potential supply disruptions."
2004-01-04,"The Energy:OT values are expected to continue their upward trajectory over the next 48 weeks, building on recent increases and sustained global demand. This period will likely be characterized by significant volatility, primarily driven by ongoing geopolitical instability, particularly in the Middle East, and OPEC's supply management decisions."
2004-01-11,"Energy:OT values are anticipated to maintain an upward trajectory over the next 48 weeks, characterized by high volatility and strong seasonal patterns. Geopolitical events, global demand, and crude oil price dynamics will remain primary drivers of these significant fluctuations."
2004-01-18,"Energy:OT prices are anticipated to generally trend upwards over the next 48 weeks, driven by sustained global demand, ongoing geopolitical instability, and OPEC's influence on supply. The market will likely experience considerable volatility, with sharp price fluctuations remaining a key feature."
2004-01-25,"The Energy:OT series is forecast to continue its upward trajectory over the next 48 weeks, driven by ongoing geopolitical instability, strong demand, and US import reliance. Expect significant price volatility with sharp fluctuations influenced by developments in major oil-producing regions and OPEC decisions."
2004-02-01,"The ""Energy:OT"" value is projected to continue its general upward trajectory over the next 48 weeks, primarily driven by sustained high crude oil prices and persistent geopolitical tensions. Expect continued significant volatility throughout this period, influenced by global supply-demand dynamics and potential policy changes."
2004-02-08,"Energy:OT values are expected to exhibit significant volatility over the next 48 weeks, primarily influenced by global oil and gas price dynamics and ongoing geopolitical events. Following the recent upward trend, values are likely to continue rising in the near term, but will experience notable fluctuations and seasonal patterns throughout the year."
2004-02-15,"The Energy:OT values are projected to maintain their recent upward momentum in the near term, influenced by ongoing supply concerns and seasonal demand. However, significant volatility is expected throughout the 48-week forecast, primarily driven by geopolitical developments and global inventory dynamics."
2004-02-22,"Energy:OT values are expected to continue their strong upward trend in the near term, driven by persistent high crude oil and natural gas prices and low inventories, likely reaching new highs. Over the next 48 weeks, significant volatility is anticipated, with potential for corrections, but the overall trajectory will remain elevated due to ongoing geopolitical influences and supply-demand dynamics."
2004-02-29,"The Energy:OT series is expected to continue its upward trajectory over the next 48 weeks, characterized by significant volatility. Prices will likely remain elevated, influenced by persistent supply-demand imbalances, geopolitical tensions, and potential refinery disruptions."
2004-03-07,"Energy prices are expected to continue their upward trajectory over the next 48 weeks, driven by ongoing geopolitical factors, supply constraints, and strong demand. Significant volatility is anticipated due to these dynamic market conditions and the potential for temporary shortages."
2004-03-14,"Energy:OT prices are projected to continue their upward trend over the next 48 weeks, driven by persistent high crude oil costs, tight inventories, and geopolitical uncertainties. Expect significant volatility, with potential for sharp price movements influenced by supply disruptions and seasonal demand."
2004-03-21,"Energy:OT prices are expected to maintain an elevated level with significant volatility over the next 48 weeks. This will be primarily driven by sustained high crude oil costs, ongoing geopolitical tensions, and fluctuating inventory levels, leading to cyclical movements within an overall upward trajectory."
2004-03-28,"Energy:OT prices are forecast to continue their upward trajectory over the next 48 weeks, driven by persistent geopolitical tensions, low inventories, and strong demand. Significant volatility is expected to accompany this trend, with potential price spikes influenced by supply disruptions and regulatory changes."
2004-04-04,"Energy:OT prices are projected to maintain their upward trajectory over the next 48 weeks, building on recent record highs. Persistent geopolitical instability, supply constraints, and increasing regulatory costs will continue to drive this trend, while significant volatility is expected due to global events and seasonal demand shifts."
2004-04-11,"Values for Energy:OT are expected to continue their upward trajectory over the next 48 weeks, propelled by high crude oil prices, low inventories, and ongoing geopolitical instability. This period will likely be marked by significant volatility, with risks from supply disruptions and regional conflicts."
2004-04-18,"Energy:OT values are expected to continue their upward trend over the next 48 weeks, primarily driven by persistent high crude oil prices, strong demand, and ongoing geopolitical instability. This period will likely be characterized by significant volatility, with risks stemming from potential supply disruptions and regulatory changes."
2004-04-25,"Energy:OT prices are forecast to maintain their upward trajectory over the next 48 weeks, primarily fueled by persistent geopolitical instability, robust demand, and constrained refining capacity. Expect continued significant volatility driven by these global supply-demand dynamics."
2004-05-02,"Energy:OT values are forecast to continue their strong upward trajectory over the next 48 weeks, primarily driven by sustained high crude oil prices, low inventories, and increasing demand. Expect continued significant volatility, exacerbated by ongoing geopolitical instability and refining capacity concerns."
2004-05-09,"Energy:OT prices are forecast to maintain their strong upward trend over the next 48 weeks, primarily propelled by ongoing geopolitical instability, constrained supply, and sustained high demand. Expect considerable volatility, with prices likely to experience sharp fluctuations within this rising trajectory."
2004-05-16,"Energy:OT is expected to continue its strong upward trend over the next 48 weeks, driven by persistent high crude oil costs, low inventories, and robust demand, exacerbated by ongoing geopolitical instability and refinery constraints. High volatility will likely accompany this upward movement."
2004-05-23,"Energy prices are projected to continue their strong upward trend over the next 48 weeks, fueled by ongoing geopolitical instability, high demand, and tight inventories. The market will likely experience significant volatility due to these persistent supply-demand imbalances and refining capacity challenges."
2004-05-30,"Energy prices are expected to remain elevated and continue their upward trend over the next 48 weeks, driven by persistent geopolitical instability, strong demand, and tight refining capacity. Significant volatility, including potential for sharp price increases, will characterize the market."
2004-06-06,"The Energy:OT is expected to continue its strong upward trajectory over the next 48 weeks, driven by persistent geopolitical tensions, ongoing supply constraints, and increasing demand. Significant price volatility will likely persist, reflecting the dynamic nature of global energy markets."
2004-06-13,"Energy:OT values are expected to continue their strong upward trend over the next 48 weeks, driven by persistent geopolitical tensions, supply constraints, and robust demand. Significant price volatility and the risk of sharp increases remain high due to these ongoing market pressures."
2004-06-20,"Energy:OT prices are expected to maintain their strong upward trend over the next 48 weeks, driven by persistent geopolitical instability, tight supply conditions, and robust demand. The market will likely experience continued high volatility, with significant price fluctuations."
2004-06-27,"Energy:OT is expected to continue its strong upward trajectory over the next 48 weeks, driven by ongoing geopolitical tensions, supply constraints, and robust demand. Significant price volatility is anticipated as these market pressures persist."
2004-07-04,"Prices for Energy:OT are expected to continue their upward trend over the next 48 weeks, remaining highly volatile. This will be driven by elevated crude oil prices, persistent geopolitical instability, and tight supply-demand dynamics, with low inventories and refining constraints likely exacerbating price spikes."
2004-07-11,"Energy prices are projected to continue their upward trajectory over the next 48 weeks, building on the strong growth observed. High volatility will remain a defining characteristic, primarily influenced by persistent geopolitical instability, evolving supply-demand dynamics, and refining capacity constraints."
2004-07-18,"Energy:OT prices are projected to remain elevated over the next 48 weeks, with an underlying upward trend driven by persistent high crude oil costs, ongoing geopolitical instability, and tight supply-demand dynamics. Expect significant volatility, especially around seasonal demand fluctuations and potential supply disruptions."
2004-07-25,"The ""Energy:OT"" series is forecast to remain at elevated levels, with a probable resumption of its upward trend over the next 48 weeks, primarily driven by ongoing geopolitical instability and tight global crude oil supply. Significant volatility is expected, with prices susceptible to sharp fluctuations from supply shocks and demand shifts."
2004-08-01,"The Energy:OT values are expected to continue their upward trend over the next 48 weeks, driven by persistent geopolitical instability, strong global demand, and ongoing supply constraints. High volatility will characterize the market, with potential for significant price fluctuations influenced by global events and seasonal demand shifts."
2004-08-08,"Energy prices are projected to remain elevated and highly volatile over the next 48 weeks, continuing the upward trend seen in recent years. This will be driven by persistent geopolitical tensions, tight global supply, and seasonal demand fluctuations, posing a high risk for significant price swings."
2004-08-15,"The ""Energy:OT"" values are expected to resume their upward trajectory over the next 48 weeks, driven by persistent high crude oil and gasoline prices, ongoing geopolitical tensions, and supply concerns. The market will likely remain highly volatile, with significant price fluctuations."
2004-08-22,"The historical data for Energy:OT shows a strong upward trend with significant seasonal volatility. Over the next 48 weeks, prices are expected to continue their overall upward trajectory, likely reaching new highs, driven by persistent geopolitical tensions, robust global demand, and potential supply constraints, though sharp fluctuations will remain a prominent feature."
2004-08-29,"Energy:OT prices are expected to continue their strong upward trend over the next 48 weeks, driven by persistent geopolitical instability, robust global demand, and ongoing supply constraints. High volatility will persist, with significant price fluctuations likely as these market drivers evolve."
2004-09-05,"Energy prices are projected to maintain their upward trajectory over the next 48 weeks, driven by persistent geopolitical tensions, robust demand, and ongoing supply constraints. Expect continued significant volatility, with potential sharp price movements influenced by global events and inventory levels."
2004-09-12,"The Energy:OT series is projected to maintain its strong upward trajectory over the next 48 weeks, driven by ongoing geopolitical instability and robust global demand. Expect continued significant volatility, with seasonal patterns likely influencing price fluctuations."
2004-09-19,"Energy:OT values will continue their upward trajectory over the next 48 weeks, propelled by robust demand, constrained supply, and geopolitical instability. Expect significant volatility, with seasonal fluctuations likely to see a winter dip followed by a strong rebound and potential new highs in the spring and summer."
2004-09-26,"Energy prices are set to continue an upward trajectory over the next 48 weeks, fueled by persistent tight global supply and elevated crude oil costs. Expect significant volatility throughout the period, primarily driven by geopolitical tensions and seasonal demand fluctuations."
2004-10-03,"The ""Energy:OT"" prices are expected to continue their strong upward trajectory over the next 48 weeks, driven by persistent OPEC production cuts, ongoing geopolitical instability, and robust global demand. This period will likely be marked by significant volatility, with prices remaining elevated and experiencing sharp fluctuations due to supply concerns and seasonal demand shifts."
2004-10-10,"Energy:OT is expected to continue its upward trajectory over the next 48 weeks, primarily driven by persistent geopolitical tensions, ongoing OPEC production cuts, and robust global demand. This environment suggests continued significant volatility in prices."
2004-10-17,"Energy prices are projected to maintain their strong upward trajectory over the next 48 weeks, primarily fueled by persistent geopolitical tensions, constrained supply, and robust global demand. Significant volatility is expected, with prices likely to experience sharp fluctuations."
2004-10-24,"Energy:OT prices are forecast to remain elevated and likely continue their upward trajectory over the next 48 weeks, primarily driven by persistent geopolitical tensions, OPEC production restraints, and tight global supply. Expect continued significant volatility, with potential for further price surges."
2004-10-31,"Energy:OT prices are projected to remain elevated and exhibit an upward trend over the next 48 weeks, primarily fueled by ongoing geopolitical instability and sustained supply constraints, including OPEC production cuts. Expect considerable volatility as the market navigates these tight conditions and potential disruptions."
2004-11-07,"The Energy:OT values are projected to maintain their upward trajectory over the next 48 weeks, primarily fueled by sustained high crude oil prices, ongoing geopolitical instability, and strong global demand. Expect continued high volatility, with risks stemming from potential supply disruptions and market uncertainty."
2004-11-14,"Energy prices are projected to maintain a significant upward trend over the next 48 weeks, building on the record highs observed in late 2004. This persistent rise will be primarily driven by ongoing geopolitical tensions, persistent supply constraints, and robust global demand, leading to continued high volatility in the market."
2004-11-21,"Energy:OT values are expected to continue their strong upward trend over the next 48 weeks, maintaining high volatility. This trajectory is primarily driven by ongoing geopolitical tensions, persistent supply constraints, and robust global demand, posing a significant risk of further record-high prices."
2004-11-28,"The ""Energy:OT"" series is expected to continue its upward trend over the next 48 weeks, driven by ongoing global supply concerns and robust demand, particularly during seasonal peaks. High volatility will persist, influenced by geopolitical instability and potential supply disruptions."
2004-12-05,"Energy:OT values are expected to generally increase over the next 48 weeks, continuing the established upward trend driven by geopolitical instability and persistent supply-demand imbalances. High volatility will persist, with sharp price fluctuations and a strong likelihood of reaching new record highs."
2004-12-12,"Energy:OT prices are forecast to maintain their elevated levels and likely continue their upward trajectory over the next 48 weeks, primarily driven by persistent geopolitical instability, global supply constraints, and robust demand. Expect significant price volatility throughout this period."
2004-12-19,"Energy:OT prices are expected to trend higher over the next 48 weeks, primarily driven by persistent geopolitical instability and tight supply conditions. Significant volatility will continue, with prices likely to experience sharp fluctuations."
2004-12-26,"Energy:OT prices are forecast to continue their overall upward trajectory over the next 48 weeks, driven by ongoing geopolitical tensions, OPEC policies, and robust global demand, with significant volatility expected. Despite recent year-end softening, the underlying market dynamics point to sustained elevated price levels."
2005-01-02,"Energy:OT prices are forecast to remain elevated over the next 48 weeks, with a likely resumption of the upward trend observed in 2004 after the recent year-end softening. Expect continued significant volatility, primarily influenced by geopolitical events and global supply-demand dynamics."
2005-01-09,"The Energy:OT series is expected to remain elevated and highly volatile over the next 48 weeks, driven by persistent global supply-demand imbalances and geopolitical factors, with prices likely to rebound from recent declines and experience significant seasonal fluctuations."
2005-01-16,"Energy:OT values are expected to remain elevated over the next 48 weeks, continuing the overall upward trend observed in the historical data. High volatility will persist, driven by geopolitical events and supply-demand imbalances, leading to significant price fluctuations."
2005-01-23,"Energy:OT prices are expected to resume an upward trend over the next 48 weeks, continuing the pattern of overall increases seen in the historical data, particularly as seasonal demand strengthens. Significant volatility will persist, driven by ongoing geopolitical tensions, global supply constraints, and the inherent fluctuations in energy markets."
2005-01-30,"Energy prices are forecast to maintain an overall upward trajectory over the next 48 weeks, propelled by persistent geopolitical instability and robust global demand. Expect continued high volatility, with significant price fluctuations driven by ongoing supply concerns and economic factors."
2005-02-06,"Energy:OT prices are expected to rebound from their recent winter dip and generally trend upwards over the next 48 weeks, driven by seasonal demand increases and persistent geopolitical supply concerns, while maintaining high volatility."
2005-02-13,"Energy:OT prices are anticipated to remain elevated and generally trend upwards over the next 48 weeks, fueled by ongoing geopolitical instability and robust global demand. Expect continued significant volatility, with seasonal patterns likely influencing price fluctuations."
2005-02-20,"Energy prices are expected to remain sustained at high levels over the next 48 weeks, with continued upward pressure and significant volatility. This outlook is driven by ongoing geopolitical tensions, supply constraints, and the increasing recognition of world oil production nearing its peak."
2005-02-27,"The Energy:OT series is projected to maintain its upward trajectory over the next 48 weeks, driven by sustained high crude oil prices and global supply pressures, including the long-term implications of peaking world oil production. Expect continued significant volatility influenced by geopolitical events and supply-demand dynamics."
2005-03-06,"Energy:OT is projected to continue its strong upward trend over the next 48 weeks, primarily driven by sustained high crude oil prices, ongoing geopolitical tensions, and recent supply disruptions. Expect significant price volatility throughout this period, with values frequently reaching new highs."
2005-03-13,"The Energy:OT values are forecast to maintain their upward trend over the next 48 weeks, driven by persistently high crude oil prices, ongoing geopolitical tensions, and supply chain pressures. Expect considerable volatility, with prices likely to rise further into the spring and summer before potential seasonal moderation."
2005-03-20,"Energy prices are projected to remain elevated and continue their general upward trajectory over the next 48 weeks, primarily driven by ongoing geopolitical instability, robust demand, and refining challenges. Expect significant volatility throughout the period, with prices susceptible to sharp fluctuations from supply disruptions and seasonal shifts."
2005-03-27,"Energy:OT prices will continue their significant upward trend over the next 48 weeks, characterized by high volatility due to persistent supply concerns, geopolitical instability, and strong demand."
2005-04-03,"Energy:OT prices are expected to continue their strong upward trajectory over the next 48 weeks, driven by persistently high crude oil costs, ongoing supply concerns from refinery issues, and geopolitical factors. The market will likely remain highly volatile, with prices potentially reaching new record highs."
2005-04-10,"The Energy:OT values are projected to continue their strong upward trend over the next 48 weeks, driven by persistent supply concerns, geopolitical tensions, and increasing seasonal demand. High volatility will likely persist as prices continue to set new records, exacerbated by refinery issues and the long-term implications of peaking global oil production."
2005-04-17,"Energy:OT prices are forecast to maintain their strong upward trajectory over the next 48 weeks, characterized by high volatility, primarily propelled by elevated crude oil prices, ongoing supply constraints from refinery challenges, and robust demand."
2005-04-24,"The ""Energy:OT"" values are forecast to continue their strong upward trajectory over the next 48 weeks, driven by persistently high crude oil prices, ongoing supply concerns, and seasonal demand. Expect significant volatility, with prices likely reaching new record highs amidst potential supply disruptions and refinery challenges."
2005-05-01,"Energy:OT prices are forecast to maintain their strong upward trajectory over the next 48 weeks, propelled by ongoing crude oil price increases and persistent supply constraints. High volatility is anticipated, with significant fluctuations driven by geopolitical events and refinery operations."
2005-05-08,"Energy:OT values are expected to continue their strong upward trend over the next 48 weeks. This sustained increase will be primarily driven by persistently high crude oil prices, ongoing global supply constraints, and robust demand, leading to significant volatility and new record highs, particularly during seasonal peaks."
2005-05-15,"Energy:OT prices are expected to continue their strong upward trajectory over the next 48 weeks, driven by persistently high crude oil costs, global supply constraints, and robust demand. Significant volatility will likely persist due to geopolitical tensions, refining capacity limitations, and the long-term dynamic of peaking world oil production."
2005-05-22,"Energy prices are projected to continue their strong upward trajectory over the next 48 weeks, fueled by robust demand and persistent supply constraints, including limited refining capacity. Expect significant volatility, with potential for sharp price increases driven by geopolitical developments and seasonal shifts."
2005-05-29,"The ""Energy:OT"" values are expected to resume their upward trajectory, driven by persistent strong demand, geopolitical instability, and ongoing supply constraints, likely reaching new highs. Expect continued significant volatility throughout the forecast horizon, with prices fluctuating considerably due to these underlying market pressures."
2005-06-05,"The Energy:OT values are projected to continue their strong upward trend over the next 48 weeks, reaching new historical highs. Significant volatility will persist, driven primarily by elevated crude oil prices, robust global demand, and ongoing supply constraints."
2005-06-12,"Energy:OT prices are projected to remain high and generally trend upwards over the next 48 weeks, likely reaching new record levels. Significant volatility is anticipated, primarily driven by sustained high crude oil costs, ongoing supply constraints, and robust demand."
2005-06-19,"Energy:OT prices are projected to maintain their pronounced upward trajectory over the next 48 weeks, fueled by sustained high crude oil costs, robust global demand, and ongoing supply constraints. High volatility is expected, with prices subject to sharp fluctuations driven by geopolitical events and refinery operations."
2005-06-26,"Energy:OT prices are expected to maintain their strong upward trend over the next 48 weeks, driven by persistent global crude oil supply concerns, geopolitical risks, and robust demand. Significant volatility will continue, influenced by seasonal consumption patterns and potential refinery disruptions."
2005-07-03,"Energy:OT prices are forecast to maintain their overall upward trajectory over the next 48 weeks, driven by persistently high crude oil costs, robust consumer demand, and ongoing refining capacity limitations. Expect continued significant volatility throughout this period."
2005-07-10,"Energy prices are projected to continue their significant upward trend over the next 48 weeks, maintaining high volatility. This sustained increase is primarily driven by ongoing global supply constraints, robust demand, and elevated crude oil prices, further influenced by geopolitical factors and refining capacity challenges."
2005-07-17,"The 'Energy:OT' index is projected to maintain its strong upward trajectory over the next 48 weeks, characterized by continued high volatility. This persistent rise is primarily fueled by elevated crude oil prices, robust demand, and ongoing refining capacity constraints."
2005-07-24,"Energy prices are set to continue their pronounced upward trend over the next 48 weeks, propelled by ongoing global supply concerns, robust demand, and refining constraints. Expect high volatility, with sharp price fluctuations driven by geopolitical developments and seasonal demand peaks."
2005-07-31,"Energy:OT values are projected to continue their strong upward trajectory over the next 48 weeks, primarily fueled by persistently high crude oil prices, robust demand, and ongoing supply constraints. Expect significant volatility, with potential for further price spikes driven by geopolitical factors and refining capacity challenges."
2005-08-07,"Energy:OT prices are forecast to maintain their strong upward trend over the next 48 weeks, characterized by significant volatility. This trajectory will be primarily driven by persistently high crude oil prices, robust global demand, and ongoing supply constraints stemming from refinery issues and geopolitical instability."
2005-08-14,"Energy:OT values are expected to continue their significant upward trend over the next 48 weeks, primarily driven by persistently high crude oil prices, robust demand, and ongoing refining capacity constraints. The market will likely experience considerable volatility, with geopolitical risks and supply concerns posing notable upside risks."
2005-08-21,"Energy:OT prices are expected to continue their strong upward trend over the next 48 weeks, driven by persistent high global demand, ongoing supply constraints, and geopolitical tensions. High volatility will persist, with potential for further record highs and sharp fluctuations."
2005-08-28,"Energy prices are forecast to maintain their strong upward trajectory over the next 48 weeks, marked by significant volatility. This continued increase is driven by persistently high crude oil prices, ongoing supply concerns, and robust demand, with recent disruptions like Hurricane Katrina further exacerbating upward pressure."
2005-09-04,"Energy:OT values are expected to continue their strong upward trend over the next 48 weeks, driven by persistently high crude oil prices, robust demand, and ongoing refining capacity constraints exacerbated by recent hurricane-related supply disruptions. High volatility is anticipated as the market reacts to these pressures and geopolitical events."
2005-09-11,"Energy prices are forecast to continue their strong upward trajectory over the next 48 weeks, primarily driven by the severe and prolonged disruptions to oil production and refining capacity from Hurricane Katrina, compounded by persistent high demand and existing capacity limitations. Expect significant volatility as the market grapples with these sustained supply challenges and broader geopolitical influences."
2005-09-18,"Energy:OT prices will remain significantly elevated and highly volatile over the next 48 weeks, driven by persistent high crude oil costs and the ongoing impact of Hurricane Katrina on refining and production capacity. Expect continued upward pressure and market instability."
2005-09-25,"Energy prices are forecast to remain high and exhibit significant volatility over the next 48 weeks, primarily driven by lingering supply disruptions from Hurricane Katrina and ongoing geopolitical instability. Strong demand and refining capacity constraints will also contribute to sustained elevated price levels."
2005-10-02,"Energy:OT values are expected to remain highly elevated and exhibit significant volatility over the next 48 weeks, primarily due to ongoing supply disruptions from recent hurricanes and persistent limitations in refining capacity. The strong underlying demand and geopolitical factors suggest continued upward pressure on prices, despite potential seasonal fluctuations."
2005-10-09,"Energy:OT prices are forecast to continue their upward trajectory and experience significant volatility over the next 48 weeks, primarily driven by ongoing supply constraints from recent natural disasters and strong global demand."
2005-10-16,"Energy prices are expected to remain elevated and highly volatile over the next 48 weeks, likely trending higher due to persistent strong demand, ongoing crude oil supply constraints, and the lingering impact of recent natural disasters on refining capacity."
2005-10-23,"Energy prices are forecast to remain elevated and highly volatile over the next 48 weeks, primarily driven by continued tight global supply and demand, geopolitical uncertainties, and the lasting impact of Hurricanes Katrina and Rita on U.S. production and refining capacity. This suggests sustained high prices with significant fluctuations."
2005-10-30,"Energy:OT prices are forecast to remain elevated and experience significant volatility over the next 48 weeks, primarily driven by sustained high crude oil costs, ongoing refining capacity limitations, and geopolitical risks. Despite recent corrections from hurricane-induced peaks, underlying supply-demand imbalances indicate continued upward pressure."
2005-11-06,"Energy:OT values are projected to continue their upward trajectory over the next 48 weeks, propelled by sustained high crude oil prices and robust demand. Expect significant volatility, with prices remaining elevated and susceptible to supply disruptions and seasonal demand patterns."
2005-11-13,"Energy:OT values are anticipated to remain elevated and experience significant volatility over the next 48 weeks. The market will likely see a general upward trend, driven by ongoing supply constraints from the lingering effects of the 2005 hurricane season and strong global demand, with potential for further price spikes."
2005-11-20,"Energy:OT prices are forecast to remain high and experience considerable volatility over the next 48 weeks. Upward pressure will likely stem from persistent global crude oil prices, ongoing supply constraints, and seasonal demand, leading to a generally increasing trend."
2005-11-27,"Energy:OT prices are forecast to continue their upward trend over the next 48 weeks, primarily driven by robust demand and persistent refining capacity limitations. The market will remain highly volatile, susceptible to sharp price increases from geopolitical events and potential supply disruptions."
2005-12-04,"Following a period of significant volatility and a recent decline from post-hurricane highs, prices for Energy:OT are expected to resume an upward trend over the next 48 weeks, driven by persistent high crude oil costs and ongoing supply concerns. The market will likely remain highly volatile, susceptible to further geopolitical events and natural disaster-related disruptions."
2005-12-11,"Energy prices are expected to remain elevated and highly volatile over the next 48 weeks, driven by ongoing supply constraints, strong global demand, and potential geopolitical instability. While the extreme highs from recent hurricane disruptions have somewhat receded, the underlying upward pressure on prices persists."
2005-12-18,"The ""Energy:OT"" values are forecast to remain elevated and highly volatile over the next 48 weeks. This trend is primarily driven by persistent global supply constraints, ongoing refinery challenges, and geopolitical instability, which will likely lead to sustained high prices with significant fluctuations."
2005-12-25,"The Energy:OT values are expected to remain elevated and highly volatile over the next 48 weeks, driven by persistent strong demand, tight supply, and the lingering impacts of recent supply disruptions. Further price increases are a significant risk due to potential geopolitical events or additional supply chain challenges."
2006-01-01,"Energy:OT values are expected to maintain an upward trend over the next 48 weeks, primarily driven by sustained high crude oil prices and robust demand. High volatility will persist, influenced by ongoing geopolitical tensions and the potential for further supply chain disruptions."
2006-01-08,"Energy:OT values are expected to maintain an upward trajectory with significant volatility over the next 48 weeks, primarily driven by persistently high crude oil prices, ongoing supply chain disruptions, and robust demand. Further sharp fluctuations are probable due to potential geopolitical events or additional supply shocks."
2006-01-15,"Energy prices are projected to remain elevated and highly volatile over the next 48 weeks, primarily driven by persistent supply disruptions from recent natural disasters, increasing global demand, and ongoing geopolitical factors."
2006-01-22,"Energy:OT values are projected to continue their upward trend over the next 48 weeks, propelled by sustained high crude oil prices and robust demand. Significant volatility is expected, with geopolitical tensions and refining capacity issues posing notable risks."
2006-01-29,"Energy:OT values are expected to trend upwards over the next 48 weeks, driven by persistent global demand and ongoing supply constraints. High volatility will continue, primarily influenced by geopolitical risks and potential disruptions to energy production and refining capacity."
2006-02-05,"The Energy:OT series is projected to maintain its upward trajectory over the next 48 weeks, fueled by high crude oil prices and robust global demand. Expect continued high volatility, with significant risks stemming from potential supply disruptions and refining limitations."
2006-02-12,"Energy prices are projected to maintain an elevated trajectory over the next 48 weeks, primarily influenced by sustained high crude oil prices and robust demand. Expect considerable volatility, with ongoing supply concerns and geopolitical factors posing notable risks."
2006-02-19,"Energy prices are expected to maintain an elevated level and likely continue their upward trend over the next 48 weeks, driven by persistent supply concerns, strong global demand, and high crude oil prices. Significant volatility is anticipated, with potential for sharp price movements due to geopolitical events or natural disasters impacting supply."
2006-02-26,"Energy:OT values are anticipated to maintain an elevated position over the next 48 weeks, continuing the general upward trajectory seen in recent history. The market will likely experience significant volatility driven by persistent global demand, ongoing supply concerns, and potential geopolitical instability, which could lead to sharp price movements."
2006-03-05,"The Energy:OT price is expected to continue its upward trend over the next 48 weeks, driven by strong global demand and ongoing concerns regarding supply stability and geopolitical factors. High volatility is anticipated, with potential for sharp price movements due to unexpected supply disruptions or shifts in crude oil markets."
2006-03-12,"Energy:OT is expected to continue its upward trajectory over the next 48 weeks, primarily fueled by persistently high global oil prices and robust demand. Significant volatility will likely persist, driven by ongoing supply chain vulnerabilities and potential geopolitical disruptions."
2006-03-19,"Energy:OT values are expected to remain elevated and exhibit significant volatility over the next 48 weeks, driven by persistent high crude oil prices and strong global demand. While the extreme price surge from Hurricane Katrina has subsided, values will likely trend upwards from current levels, subject to ongoing supply concerns and geopolitical factors."
2006-03-26,"Energy prices are expected to continue their upward trend over the next 48 weeks, driven primarily by sustained high crude oil prices and ongoing global supply concerns. Significant volatility is anticipated, particularly due to potential geopolitical events, refinery issues, and the recurring risk of natural disasters impacting production and refining capacity."
2006-04-02,"Energy prices are expected to remain elevated in the short term due to ongoing refining system strains and seasonal demand, maintaining significant volatility. Over the next 48 weeks, a gradual decline is anticipated, driven by projected decreases in crude oil and gas prices throughout 2006-07."
2006-04-09,"Energy:OT values are projected to continue their upward trajectory over the next 48 weeks, sustained by high crude oil prices and robust demand. Expect significant volatility, primarily influenced by potential supply disruptions and geopolitical events."
2006-04-16,"Energy:OT values are expected to maintain their upward trajectory over the next 48 weeks, propelled by sustained high crude oil prices and persistent global supply-demand pressures. High volatility will persist, largely influenced by potential geopolitical instability, refining capacity limitations, and the risk of natural disasters impacting energy infrastructure."
2006-04-23,"Energy prices are forecast to continue their significant upward trajectory over the next 48 weeks, propelled by ongoing crude oil and gasoline price increases, tight supply, and robust demand. Expect considerable volatility, with potential for sharp price fluctuations driven by refining system strains and global market events."
2006-04-30,"The energy market is expected to see a continued upward trend in prices over the next 48 weeks, primarily fueled by sustained high crude oil costs and robust demand. Significant volatility is anticipated, with potential for sharp price spikes driven by ongoing supply chain vulnerabilities and geopolitical risks."
2006-05-07,"Energy prices are forecast to continue their strong upward trajectory over the next 48 weeks, marked by significant volatility. This trend is primarily driven by persistently high crude oil prices, robust demand, and ongoing refining capacity constraints."
2006-05-14,"Energy:OT values are expected to remain elevated and generally trend upwards over the next 48 weeks, driven by strong global demand and persistent supply constraints. Significant volatility is anticipated, primarily influenced by geopolitical developments and potential disruptions to oil production and refining capacity."
2006-05-21,"Energy prices are projected to maintain their elevated levels and likely continue an upward trajectory over the next 48 weeks, primarily driven by persistent high crude oil prices, robust demand, and ongoing refining capacity limitations. Significant volatility is expected to continue, influenced by global supply dynamics and potential geopolitical events."
2006-05-28,"Energy:OT values are projected to maintain their strong upward trajectory over the next 48 weeks, primarily fueled by sustained high crude oil prices and tight refining capacity. Expect continued significant volatility, with notable risks from potential geopolitical instability and severe weather events impacting supply."
2006-06-04,"Energy:OT values are expected to continue their upward trend over the next 48 weeks, driven by persistent high crude oil prices and strong demand. Significant volatility is anticipated, especially due to potential supply disruptions and refining capacity constraints."
2006-06-11,"Energy:OT values are expected to remain at elevated levels and generally trend upwards over the next 48 weeks, primarily driven by sustained high crude oil prices and strong demand. The market will likely experience continued significant volatility, with potential for sharp movements based on supply-side events."
2006-06-18,"The ""Energy:OT"" value is expected to maintain its upward trend over the next 48 weeks, driven by sustained high crude oil and natural gas prices, ongoing supply constraints, and robust demand. Significant volatility will persist, with geopolitical events and refining capacity issues posing notable risks."
2006-06-25,"Energy prices are expected to maintain an elevated and generally increasing trajectory over the next 48 weeks, marked by significant short-term volatility. This outlook is primarily shaped by persistent global supply concerns, strong demand, and existing geopolitical factors."
2006-07-02,"Energy prices are expected to continue their upward trend over the next 48 weeks, driven by persistently high crude oil costs and ongoing refining capacity constraints. High volatility will persist, with significant risks from potential supply disruptions."
2006-07-09,"Energy:OT values are projected to continue their upward trajectory over the next 48 weeks, primarily driven by sustained high crude oil prices and robust demand. Expect notable volatility, particularly from potential supply disruptions and geopolitical events."
2006-07-16,"The ""Energy:OT"" values are expected to continue their upward trend over the next 48 weeks, primarily driven by persistently high crude oil prices and strong demand. Significant volatility is anticipated, with potential for sharp fluctuations due to ongoing supply constraints, geopolitical events, and seasonal disruptions like natural disasters impacting production and refining capacity."
2006-07-23,"Energy:OT values are expected to remain elevated over the next 48 weeks, likely experiencing continued upward pressure and significant volatility. This trend will be primarily driven by persistently high crude oil prices, robust global demand, and ongoing risks of supply disruptions."
2006-07-30,"The Energy:OT values are projected to maintain their upward trend over the next 48 weeks, primarily driven by sustained high crude oil prices and robust global demand. Expect significant volatility, with potential for sharp price increases due to ongoing supply chain vulnerabilities and geopolitical factors."
2006-08-06,"Energy:OT prices are forecast to continue their pronounced upward trajectory over the next 48 weeks, primarily driven by persistently high crude oil costs and ongoing supply disruptions, notably the recent major U.S. oil field shutdown. Expect considerable market volatility, influenced by seasonal demand patterns and the potential for further supply shocks."
2006-08-13,"The ""Energy:OT"" values are expected to remain elevated and continue their upward trajectory over the next 48 weeks, primarily driven by sustained high crude oil prices and ongoing supply chain vulnerabilities. Significant volatility is anticipated, stemming from potential natural disaster impacts on energy infrastructure and fluctuating global demand."
2006-08-20,"Energy:OT values are projected to continue their upward trend over the next 48 weeks, primarily driven by sustained high crude oil prices and strong global demand. Expect significant volatility, with potential for sharp price movements due to ongoing supply disruptions and geopolitical risks."
2006-08-27,"Energy:OT values are expected to remain elevated and highly volatile over the next 48 weeks, primarily driven by sustained high crude oil prices, robust global demand, and ongoing supply chain vulnerabilities. Despite potential seasonal dips, the underlying trend suggests continued upward pressure on prices."
2006-09-03,"Energy:OT values are expected to trend generally upward over the next 48 weeks, maintaining high levels with considerable volatility driven by persistent crude oil price fluctuations, ongoing supply chain vulnerabilities, and evolving global demand."
2006-09-10,"Energy:OT prices are expected to remain elevated over the next 48 weeks, likely resuming an upward trajectory after the recent dip, driven by persistent high crude oil prices and robust global demand. Significant volatility is anticipated due to ongoing risks from supply disruptions and geopolitical events."
2006-09-17,"Energy:OT prices are expected to remain elevated and highly volatile over the next 48 weeks, driven primarily by ongoing high crude oil prices, potential supply disruptions from geopolitical events or natural disasters, and strong global demand. While short-term fluctuations will occur, the overall trend suggests continued upward pressure."
2006-09-24,"This energy commodity is forecast to remain elevated and highly volatile over the next 48 weeks, driven by strong global demand and ongoing risks of supply disruptions. While recent weeks showed a decline, the broader market dynamics indicate a likely resumption of upward pressure with significant price swings."
2006-10-01,"The current decline in Energy:OT values is a short-term recovery from hurricane impacts. Over the next 48 weeks, values are expected to stabilize and then resume a gradual upward trend, driven by persistent global demand and ongoing supply constraints, while maintaining significant volatility due to geopolitical risks."
2006-10-08,"The Energy:OT market is currently undergoing a short-term price correction as it recovers from recent supply disruptions. However, over the next 48 weeks, prices are expected to exhibit significant volatility and generally trend upwards, driven by persistent global demand, refining capacity constraints, and ongoing geopolitical factors."
2006-10-15,"Following a recent significant decline, Energy:OT values are expected to stabilize, with underlying global demand and persistent supply concerns likely leading to renewed upward pressure and continued high volatility over the next 48 weeks. Crude oil prices and potential disruptions from geopolitical events or extreme weather will remain the primary drivers."
2006-10-22,"Following a recent decline attributed to market recovery from past hurricane disruptions, Energy:OT prices are expected to remain highly volatile. Underlying upward pressure from global demand and crude oil price dynamics, coupled with potential supply shocks, will likely drive prices higher over the next 48 weeks."
2006-10-29,"Following a recent decline, prices are expected to stabilize before resuming an upward trend into 2007, driven by seasonal demand and persistent crude oil market dynamics. High volatility will continue, with supply disruptions posing a notable risk."
2006-11-05,"Energy:OT prices are expected to experience continued upward pressure over the next 48 weeks, driven by ongoing crude oil price increases and strong demand. Significant volatility is anticipated, especially due to potential supply disruptions and seasonal demand shifts."
2006-11-12,"Energy:OT prices are projected to continue their seasonal trend, experiencing a decline through the winter before increasing into the spring and summer, largely dictated by crude oil market dynamics and global demand. Persistent high volatility is expected, stemming from geopolitical influences and the ongoing risk of supply disruptions."
2006-11-19,"Energy:OT prices are expected to exhibit significant volatility over the next 48 weeks, driven primarily by crude oil price fluctuations, supply dynamics, and seasonal demand. Following a recent decline, prices are likely to increase during the warmer months, potentially reaching levels similar to or exceeding prior year peaks, before moderating towards the end of the forecast period."
2006-11-26,"Energy:OT values are expected to remain volatile over the next 48 weeks, influenced heavily by global crude oil prices, supply-demand balances, and geopolitical events. Following seasonal patterns, an upward trend is anticipated through the spring and summer, with a notable risk of sharp price increases from potential supply disruptions."
2006-12-03,"Energy:OT prices are expected to remain elevated over the next 48 weeks, primarily driven by sustained high crude oil prices and robust global demand. Significant volatility is anticipated due to ongoing risks of supply disruptions and geopolitical events."
2006-12-10,"Energy:OT values are expected to follow their established seasonal pattern, rising through spring and summer 2007, driven by consistently high crude oil prices and increasing demand, before a typical autumn decline. Expect significant volatility throughout the period, with supply disruptions and geopolitical events posing risks for sharp price increases."
2006-12-17,"Energy:OT values are projected to continue their upward trend over the next 48 weeks, marked by considerable volatility. This trajectory will be shaped by sustained high crude oil prices, strong global demand, and the constant threat of supply disruptions."
2006-12-24,"The Energy:OT values are expected to remain highly volatile over the next 48 weeks, primarily driven by fluctuating crude oil prices and the ongoing risk of supply disruptions. While an underlying upward pressure from global demand may persist, significant price swings are anticipated."
2006-12-31,"Energy:OT values are expected to maintain their upward trajectory over the next 48 weeks, driven by persistent global demand and ongoing geopolitical influences on crude oil supply. High volatility will continue to be a defining characteristic, with potential for sharp price fluctuations due to supply disruptions."
2007-01-07,"Energy:OT values are expected to generally trend upwards over the next 48 weeks, driven by sustained crude oil price pressures and global demand. However, the series will likely exhibit significant volatility, with potential for sharp fluctuations influenced by supply disruptions and geopolitical events."
2007-01-14,"Energy prices are expected to trend upward over the next 48 weeks, driven by continued high crude oil prices, increasing global demand, and anticipated seasonal increases during the spring and summer. High volatility will persist due to potential supply disruptions and geopolitical factors."
2007-01-21,"The recent decline in Energy:OT prices is expected to reverse, with a likely increase through the spring and summer of 2007 driven by seasonal demand and crude oil market dynamics. Significant volatility is anticipated, with potential for sharp price fluctuations from supply disruptions or geopolitical factors."
2007-01-28,"Energy:OT prices are expected to experience an upward trend over the next 48 weeks, driven by anticipated seasonal demand increases and persistently high crude oil prices. Significant volatility will persist, with risks of sharp price increases stemming from potential supply disruptions or geopolitical events."
2007-02-04,"Energy:OT values are anticipated to rise significantly through the spring and summer of 2007, driven by strong demand, persistently high crude oil and natural gas prices, and geopolitical tensions. Expect continued high volatility throughout the next 48 weeks, with a likely seasonal decline towards the end of 2007."
2007-02-11,"Energy:OT prices are expected to remain elevated over the next 48 weeks, primarily driven by sustained high crude oil and natural gas prices, strong demand, and geopolitical tensions. Significant volatility is anticipated, with sharp fluctuations possible from supply disruptions."
2007-02-18,"Energy:OT prices are expected to remain elevated and highly volatile over the next 48 weeks, primarily driven by crude oil dynamics and global demand. Expect upward pressure into the summer, with significant fluctuations possible due to geopolitical events or supply disruptions."
2007-02-25,"Energy:OT prices are anticipated to trend higher over the next 48 weeks, primarily influenced by sustained crude oil prices, robust global demand, and geopolitical factors. Expect continued significant volatility, with potential for sharp price movements."
2007-03-04,"Energy:OT values are expected to trend upwards through the summer months, driven by strong demand and crude oil prices, with significant volatility and risks from potential supply disruptions and geopolitical events."
2007-03-11,"Energy:OT values are projected to continue their recent strong upward trajectory, potentially reaching new highs over the next 48 weeks, primarily driven by sustained high crude oil and natural gas prices, robust demand, and ongoing geopolitical tensions. Expect significant volatility throughout this period, with potential for sharp fluctuations influenced by supply disruptions and inventory shifts."
2007-03-18,"Energy:OT prices are expected to continue their recent upward trend, driven by strong global demand and crude oil price dynamics, though high volatility will persist. Significant price swings are probable throughout the next 48 weeks, influenced by potential supply disruptions and geopolitical factors."
2007-03-25,"The Energy:OT series is expected to continue its upward trajectory, driven by strong global demand and crude oil price dynamics, with prices likely peaking during the summer months. Significant volatility will persist throughout the forecast period due to potential supply disruptions and geopolitical influences."
2007-04-01,"Energy:OT values are expected to continue their upward trajectory, driven by persistent geopolitical tensions, refinery outages, and strong seasonal demand for energy. The forecast period will likely see sustained high prices with significant volatility, influenced primarily by crude oil market dynamics and potential supply disruptions."
2007-04-08,"Energy:OT is expected to continue its upward trajectory over the next 48 weeks, primarily driven by sustained high crude oil prices and robust demand. Significant volatility is anticipated, particularly from potential supply disruptions and geopolitical events."
2007-04-15,"Energy:OT values are projected to continue their upward trajectory in the coming months, influenced by persistently high crude oil prices and geopolitical factors, before experiencing a seasonal downturn. The period will be marked by high volatility, driven by potential supply disruptions and global energy market dynamics."
2007-04-22,"Energy:OT prices are projected to rise further into the summer, driven by strong seasonal demand and sustained high crude oil prices, likely approaching or exceeding previous peak levels. Significant volatility is expected to continue, primarily influenced by potential supply disruptions and geopolitical events."
2007-04-29,"Energy prices are forecast to continue their recent strong upward trajectory through the upcoming spring and summer, driven by expected higher crude oil prices and seasonal demand. Over the next year, significant volatility is anticipated, with potential for price moderation or declines in the fall/winter, influenced by ongoing supply risks and global economic conditions."
2007-05-06,"Energy:OT prices are expected to remain elevated and highly volatile over the next 48 weeks, with a likely summer peak in 2007 followed by a seasonal decline and then a renewed upward trend into spring 2008, driven primarily by crude oil market dynamics and potential supply disruptions."
2007-05-13,"Energy:OT values are expected to remain elevated over the next 48 weeks, likely experiencing further increases driven by high crude oil prices, strong global demand, and potential supply disruptions. Significant volatility will persist, influenced by geopolitical tensions and seasonal demand patterns."
2007-05-20,"Energy:OT prices are projected to maintain their upward trajectory over the next 48 weeks, primarily fueled by sustained high crude oil prices and robust demand. Expect continued significant volatility, with potential for sharp price spikes due to supply disruptions and geopolitical factors."
2007-05-27,"The ""Energy:OT"" series is forecast to continue its strong upward trajectory, driven by the summer driving season and sustained high crude oil prices, likely establishing new peaks before a typical seasonal decline in late fall and winter. Overall, an upward trend is expected to persist over the next year, with significant volatility due to global demand pressures and potential supply disruptions."
2007-06-03,"Energy:OT values are projected to continue their upward trajectory, driven by strong summer demand and persistent refinery capacity issues, before experiencing a seasonal dip in late fall and winter. High volatility is expected throughout the forecast horizon, influenced by global crude oil price fluctuations and potential supply disruptions."
2007-06-10,"Energy:OT values are expected to continue their upward trend, driven by strong summer demand and persistently high crude oil prices. Significant volatility will persist, with a high risk of sharp price spikes due to potential supply disruptions from the upcoming hurricane season and ongoing refinery capacity issues."
2007-06-17,"Energy:OT prices are expected to continue their upward trajectory, driven by persistent high crude oil prices, robust summer demand, and ongoing refinery capacity constraints. The next 48 weeks will likely see notable volatility, including a summer peak followed by seasonal declines and subsequent increases."
2007-06-24,"Energy:OT values are projected to continue their recent upward trajectory, driven by sustained high crude oil prices and robust demand, potentially reaching new highs over the next year. Expect considerable volatility throughout the period, with seasonal price moderation possible in late 2007, but with persistent upward pressure from ongoing supply chain vulnerabilities and geopolitical developments."
2007-07-01,"Energy:OT prices are anticipated to follow their established seasonal pattern, experiencing a decline through the late summer and autumn, before resuming an upward trajectory into early 2008. High volatility is expected to persist, primarily influenced by crude oil price movements, robust global demand, and the ongoing risk of supply disruptions."
2007-07-08,"Energy:OT prices will remain highly volatile over the next 48 weeks, driven by persistently high crude oil prices and ongoing supply-demand imbalances. Following an anticipated seasonal decline through autumn and winter, prices are expected to rebound strongly, potentially reaching new highs by next spring and summer."
2007-07-15,"Energy:OT prices are expected to exhibit a seasonal decline through the fall and winter, followed by a strong rebound into the spring and summer of 2008, likely reaching new highs. This upward trend and high volatility are driven by persistent high crude oil costs, robust global demand, and potential supply disruptions or geopolitical factors."
2007-07-22,"Energy:OT prices are projected to maintain an upward trajectory over the next 48 weeks, primarily driven by sustained high crude oil costs and robust global demand. Expect significant seasonal volatility, with a likely dip in late 2007 followed by a rebound into summer 2008, with ongoing risks from supply disruptions and geopolitical events."
2007-07-29,"Energy prices are projected to continue their overall upward trend over the next 48 weeks, propelled by sustained high crude oil costs, strong demand, and ongoing supply limitations. Expect considerable volatility, with a typical seasonal dip in the colder months followed by a resurgence into the next summer driving season, all while facing risks from geopolitical instability and refinery challenges."
2007-08-05,"Energy:OT is expected to follow its established seasonal pattern, with an initial decline into late 2007 before rising through spring and summer 2008, potentially reaching new highs. High volatility will continue, primarily influenced by crude oil prices, refinery output, and global supply-demand dynamics."
2007-08-12,"Energy:OT prices are expected to experience an initial decline through late 2007, followed by a strong upward trend into mid-2008, likely reaching new peaks. High volatility will persist, primarily driven by global crude oil price movements, seasonal demand, and potential supply disruptions."
2007-08-19,"The ""Energy:OT"" values are expected to rebound from recent declines and follow an overall upward trend over the next 48 weeks, consistent with historical seasonal patterns peaking in the spring and summer of 2008. High volatility will persist, primarily driven by fluctuating crude oil prices, potential supply disruptions, and geopolitical factors."
2007-08-26,"Over the next 48 weeks, Energy:OT prices are anticipated to remain highly volatile, primarily influenced by global crude oil dynamics and seasonal demand. While a short-term seasonal decline is expected in the fall and winter, the overarching trend suggests a return to upward pressure into the following spring and summer, with geopolitical tensions and supply disruptions posing significant upside risks."
2007-09-02,"Energy:OT prices are expected to experience continued short-term declines into the autumn and winter, consistent with seasonal patterns, before resuming an upward trajectory through spring and summer 2008. Significant volatility will remain a key characteristic, driven by crude oil market fluctuations, global demand, and potential supply disruptions."
2007-09-09,"Energy:OT values are expected to continue their seasonal decline into the late 2007 winter before rebounding sharply through spring and summer 2008, likely setting new annual highs. This upward trend will be fueled by sustained high crude oil prices and strong global demand, with significant volatility anticipated from geopolitical events and supply disruptions."
2007-09-16,"The ""Energy:OT"" value is expected to continue its overall upward trend over the next 48 weeks, exhibiting significant seasonal volatility with a likely decline into winter followed by a strong rebound to new highs next spring and summer, primarily driven by sustained high crude oil prices and global demand. This trajectory will remain susceptible to supply disruptions and geopolitical events."
2007-09-23,"The Energy:OT series is expected to experience continued high volatility over the next 48 weeks, influenced by global crude oil prices, supply chain stability, and seasonal demand shifts. Following a recent decline, an upward trajectory is anticipated towards the 2008 spring and summer, with overall elevated price levels."
2007-09-30,"The values for Energy:OT are expected to undergo a seasonal decline into late 2007 and early 2008, before initiating a strong upward trajectory through spring and summer 2008, likely surpassing previous peak levels. High volatility will continue, primarily influenced by sustained high crude oil prices, increasing global demand, and potential supply disruptions."
2007-10-07,"Energy:OT values are projected to continue their seasonal decline through the upcoming winter, followed by a strong rebound and likely new highs during the spring and summer of 2008. Significant volatility is anticipated, primarily influenced by global crude oil prices, potential supply disruptions, and strong seasonal demand, particularly with the onset of the summer driving season."
2007-10-14,"The Energy:OT series is expected to continue its seasonal decline into early 2008, followed by a robust upward trend through the spring and summer, potentially reaching new highs. This trajectory will be heavily influenced by ongoing crude oil price volatility, global demand, and the risk of supply disruptions, ensuring high volatility throughout the period."
2007-10-21,"Energy:OT is expected to continue its overall upward trend over the next 48 weeks, driven by sustained high crude oil prices and strong global demand. Significant seasonal volatility is anticipated, with prices likely peaking in summer 2008, while supply disruptions and geopolitical tensions remain key risks."
2007-10-28,"The Energy:OT market is expected to continue its upward trend over the next 48 weeks, likely reaching new highs, driven by persistent strong global demand and elevated crude oil prices. High volatility will remain a key characteristic, influenced by potential supply disruptions and geopolitical factors."
2007-11-04,"The ""Energy:OT"" values are projected to remain elevated with continued seasonal fluctuations, experiencing a winter dip followed by a significant rebound and peak in the spring and summer of 2008. This persistent upward pressure and volatility are primarily driven by strong global demand, potential supply constraints, and geopolitical developments affecting crude oil markets."
2007-11-11,"The Energy:OT values are expected to continue their upward trend, driven by surging crude oil prices and strong global demand, likely reaching new highs during the upcoming spring and summer. Persistent volatility is anticipated throughout the forecast horizon due to potential supply disruptions and geopolitical tensions, with seasonal fluctuations seeing an expected autumn decline at elevated levels."
2007-11-18,"Energy:OT values are projected to continue their upward trend, likely reaching new seasonal peaks in the spring and summer, maintaining significant volatility. This trajectory is primarily driven by surging global crude oil prices, strong demand, and ongoing supply-side pressures."
2007-11-25,"Energy:OT values are projected to continue their significant upward trajectory over the next year, propelled by persistently high crude oil prices and global demand, with notable seasonal volatility and new peaks expected during the spring and summer."
2007-12-02,"Energy:OT values are forecast to maintain an overall upward trajectory over the next 48 weeks, primarily driven by persistent high crude oil and gasoline prices due to robust global demand. Expect continued significant seasonal fluctuations, with values peaking in summer, and overall market volatility."
2007-12-09,"Energy:OT values are projected to continue their upward trajectory over the next 48 weeks, largely propelled by surging crude oil prices and robust global demand, particularly through the summer of 2008. Expect significant volatility throughout the period, with potential risks from geopolitical tensions and supply disruptions."
2007-12-16,"Energy:OT prices are projected to continue their upward trajectory over the next 48 weeks, primarily driven by surging crude oil costs and robust global demand, while exhibiting significant seasonal peaks in spring/summer. Expect high volatility due to ongoing supply concerns and geopolitical influences."
2007-12-23,"Energy:OT prices are forecast to experience a continued upward trajectory over the next 48 weeks, primarily driven by sustained high crude oil prices and robust global demand. Expect significant volatility throughout the period, with seasonal peaks likely in the warmer months, influenced by potential supply disruptions and geopolitical events."
2007-12-30,"Energy:OT prices are projected to maintain an upward trend over the next 48 weeks, propelled by surging global crude oil prices and robust demand. Expect continued significant volatility, with seasonal patterns likely to bring higher prices during warmer months, influenced by supply disruptions and geopolitical events."
2008-01-06,"Energy:OT values are forecast to continue their significant upward trend over the next 48 weeks, primarily driven by surging global crude oil prices and strong demand. Expect persistent high volatility, with potential for seasonal peaks and ongoing risks from supply disruptions."
2008-01-13,"Energy:OT prices are expected to continue their upward trajectory, driven by persistently high crude oil prices and strong global demand, likely peaking during the upcoming summer driving season. Significant volatility is anticipated due to ongoing geopolitical tensions and potential supply disruptions."
2008-01-20,"Energy:OT prices are expected to continue their upward trajectory over the next 48 weeks, driven by sustained high crude oil prices and robust global demand. Significant volatility will persist, with potential for further price increases, particularly during peak demand periods, influenced by supply stability and geopolitical developments."
2008-01-27,"Over the next 48 weeks, the Energy:OT market will experience high volatility. While historical patterns suggest seasonal price increases into the summer, persistent recession fears and weakening demand for refined fuels are expected to exert significant downward pressure, likely leading to a more stable or even declining trend overall."
2008-02-03,"Energy:OT values are expected to continue their overall upward trajectory over the next 48 weeks, driven by persistent global crude oil demand and potential supply constraints, with significant volatility. A seasonal pattern of increases into spring and summer, followed by a late-year rebound, is anticipated."
2008-02-10,"Energy:OT prices are anticipated to trend upward over the next year, driven primarily by rising crude oil costs and strong seasonal demand, particularly towards a spring/summer peak. Significant volatility will continue due to global supply-demand imbalances, geopolitical events, and potential refinery disruptions, with recession concerns offering a potential moderating influence."
2008-02-17,"Energy:OT values are projected to continue their upward trajectory over the next 48 weeks, primarily driven by persistently high crude oil prices and anticipated seasonal demand. Expect significant volatility due to potential supply disruptions, geopolitical tensions, and underlying US recession concerns."
2008-02-24,"Energy:OT values are projected to continue their upward trajectory over the next 48 weeks, driven by persistently high and rising crude oil prices and strong global demand, while experiencing significant seasonal volatility with expected peaks during the summer months."
2008-03-02,"Energy:OT prices are projected to continue their upward trajectory over the next 48 weeks, primarily fueled by robust global demand and persistent supply-side pressures. Expect notable volatility throughout the period, with prices likely to reach new highs, though geopolitical events and economic shifts could introduce sharp fluctuations."
2008-03-09,"Energy:OT values are expected to remain elevated and likely trend upwards over the next 48 weeks, primarily driven by sustained high crude oil prices and robust global demand. Significant volatility is anticipated, with potential for sharp price fluctuations due to supply disruptions and geopolitical events."
2008-03-16,"Energy:OT prices are forecast to continue their upward trajectory over the next 48 weeks, propelled by persistent high crude oil prices, robust global demand, and ongoing geopolitical factors. The market will remain highly volatile, with seasonal demand increases expected through the summer, while potential economic slowdowns present the primary risk to this upward trend."
2008-03-23,"Energy prices are expected to continue their strong upward trajectory over the next 48 weeks, primarily driven by sustained high crude oil prices, increasing global demand, and ongoing geopolitical tensions. While short-term volatility will persist, the overall trend remains elevated, further influenced by the upcoming summer driving season."
2008-03-30,"Energy:OT values are projected to continue their significant upward trend over the next 48 weeks, primarily driven by persistently high crude oil prices, robust global demand, and seasonal increases during the summer driving period. Expect continued volatility, but within an overall escalating price environment, influenced by ongoing supply concerns and geopolitical developments."
2008-04-06,"Energy:OT values are expected to continue their strong upward trend over the next 48 weeks, driven by persistently high crude oil prices, robust global demand, and ongoing supply concerns. Significant volatility is anticipated, with prices experiencing notable fluctuations around this rising trajectory."
2008-04-13,"Energy prices are forecast to continue their significant upward trajectory over the next 48 weeks, primarily fueled by persistently high crude oil costs, robust global demand, and ongoing supply constraints. Expect continued weekly volatility within this rising trend, with seasonal demand and a weak US dollar further contributing to price pressures."
2008-04-20,"Energy:OT values are projected to continue their upward trajectory over the next 48 weeks, fueled by sustained high crude oil prices, strong global demand, and a weakening US dollar. Expect considerable volatility, with potential for further price spikes due to supply concerns and geopolitical factors."
2008-04-27,"Energy:OT prices are forecast to continue their strong upward trend, driven by persistently high crude oil prices, robust global demand, and seasonal factors like the summer driving season. Expect continued significant volatility, with prices likely reaching new record highs over the next 48 weeks."
2008-05-04,"Energy:OT prices are projected to continue their strong upward trend over the next 48 weeks, primarily driven by sustained high crude oil prices and robust global demand, with significant volatility expected due to ongoing supply constraints and geopolitical risks."
2008-05-11,"The Energy:OT values are projected to maintain their strong upward trend, primarily fueled by surging crude oil prices, robust global demand, and the summer driving season. Significant volatility is expected, driven by geopolitical instability, potential supply disruptions, and market speculation."
2008-05-18,"Energy:OT prices are projected to maintain their upward trajectory over the next 48 weeks, primarily propelled by surging crude oil prices, robust global demand, and refining constraints. Expect continued significant volatility, with prices likely to reach new highs despite seasonal fluctuations."
2008-05-25,"Energy:OT values are expected to continue their strong upward trajectory over the next 48 weeks, driven by persistently high crude oil prices, increasing global demand, and ongoing supply constraints. While weekly fluctuations are inherent, the overall trend indicates sustained high prices, particularly influenced by the summer driving season and geopolitical factors."
2008-06-01,"Energy:OT values are projected to maintain their strong upward trajectory over the next year, primarily fueled by persistently high crude oil prices, robust global demand, and the ongoing summer driving season. Expect notable volatility stemming from geopolitical tensions, supply disruptions, and the weakening US dollar."
2008-06-08,"Energy:OT prices are projected to maintain their strong upward trend over the next 48 weeks, fueled by persistently high global crude oil prices, robust demand, and limited refining capacity. Expect significant volatility within this rising trajectory, which will continue to exert inflationary pressure and impact consumer expenditures."
2008-06-15,"Energy:OT prices are forecast to maintain their strong upward trend over the next 48 weeks, driven by persistently high crude oil prices, robust global demand, and constrained refining capacity. Expect continued high volatility, with significant economic pressure on consumers as prices approach and potentially exceed record levels."
2008-06-22,"Energy:OT prices are forecast to maintain their significant upward trend over the next 48 weeks, fueled by strong global demand, ongoing supply constraints, and geopolitical uncertainties. Expect continued high volatility, with prices likely challenging new record highs, particularly during seasonal demand peaks."
2008-06-29,"The Energy:OT metric is expected to continue its strong upward trend over the next 48 weeks, driven by persistently high crude oil prices, robust global demand, and ongoing supply-side pressures. Significant volatility is anticipated, with prices likely to reach new record highs, although seasonal patterns may introduce temporary fluctuations."
2008-07-06,"Energy:OT prices are projected to maintain their strong upward trajectory over the next 48 weeks, primarily driven by persistently high crude oil costs and robust global demand amid ongoing supply-demand imbalances. Significant volatility is expected, with prices remaining elevated due to US reliance on imported oil and refinery capacity constraints."
2008-07-13,"The ""Energy:OT"" values are expected to continue their strong upward trajectory over the next 48 weeks, driven by persistent high crude oil prices and robust global demand outstripping supply, leading to increased volatility."
2008-07-20,"Energy:OT prices are projected to maintain their significant upward trajectory over the next 48 weeks, fueled by persistently high crude oil prices, strong global demand, and ongoing supply constraints. Expect continued volatility, with prices likely to reach new record highs and exert pressure on the economy."
2008-07-27,"Energy:OT prices are expected to experience a significant downward correction or stabilization over the next 48 weeks, driven by retreating crude oil markets and global economic concerns. High volatility will persist, influenced by supply-demand dynamics and geopolitical developments."
2008-08-03,"The Energy:OT values are expected to experience downward pressure or stabilization over the next 48 weeks, following the recent sharp retreat in crude oil markets and weakening demand. High volatility will persist, primarily influenced by global economic conditions and ongoing supply-demand dynamics."
2008-08-10,"After reaching record highs, Energy:OT prices have recently seen a sharp decline, driven by retreating crude oil markets and weakening demand. Expect continued high volatility in the coming year, with prices likely to fluctuate in response to global economic conditions and crude oil supply-demand dynamics."
2008-08-17,"The Energy:OT series is expected to remain highly volatile over the next 48 weeks, reflecting ongoing fluctuations in crude oil and gasoline prices. While recent weeks saw a retreat from record highs, prices are likely to stay elevated, driven by persistent global demand, supply concerns, and broader economic instability."
2008-08-24,"Energy:OT prices are expected to remain elevated and highly volatile over the next 48 weeks, stabilizing or experiencing a partial rebound following their recent sharp decline from record highs. This trajectory will be primarily influenced by crude oil market fluctuations, global demand, and prevailing economic conditions."
2008-08-31,"Energy:OT prices have recently retreated from record highs, aligning with a cooling in crude oil markets and growing economic concerns. However, over the next 48 weeks, persistent global demand, ongoing supply constraints, and potential dollar depreciation are expected to exert renewed upward pressure, maintaining significant volatility."
2008-09-07,"Following a recent peak and subsequent decline, Energy:OT prices are expected to face conflicting pressures over the next 48 weeks, leading to high volatility. While crude oil market dynamics and global demand remain key drivers, ongoing economic uncertainties suggest a period of significant fluctuations rather than a clear sustained trend."
2008-09-14,"Energy:OT values are expected to continue their recent downward trajectory over the next 48 weeks, driven by retreating crude oil markets and broader economic pressures. However, high volatility will persist, with potential for short-term price spikes due to supply disruptions and geopolitical events."
2008-09-21,"Energy:OT prices are anticipated to trend upwards over the next 48 weeks, maintaining high volatility, largely driven by global crude oil price dynamics and persistent supply-side pressures exacerbated by events such as recent hurricane impacts."
2008-09-28,"The strong upward trend in Energy:OT prices has reversed, with values expected to generally decline or stabilize over the next 48 weeks. This shift is primarily driven by retreating crude oil markets and increasing global economic slowdown concerns, though significant volatility will persist due to potential supply shocks."
2008-10-05,"Energy:OT values are expected to continue their recent downward trajectory, driven by retreating crude oil prices and prevailing economic weakness. High volatility will persist, with potential for temporary upward spikes from supply shocks."
2008-10-12,"The ""Energy:OT"" is expected to continue its recent sharp decline over the next 48 weeks, primarily driven by intensifying global financial stress and weakening demand. While volatility will likely remain high, the overall trend points towards significantly lower prices."
2008-10-19,"Energy prices are forecast to continue their downward trajectory over the next 48 weeks, primarily due to the ongoing global financial crisis and resulting demand destruction. Significant volatility is expected as economic conditions evolve."
2008-10-26,"Energy prices are projected to continue their sharp decline or stabilize at significantly lower levels over the next 48 weeks, primarily driven by plummeting crude oil values and the ongoing global financial crisis which severely curbs demand. Expect continued volatility within this downward-pressured environment."
2008-11-02,"Energy prices are expected to continue their significant downward trend over the next 48 weeks, primarily driven by the intensifying global financial crisis and persistent weakening demand for refined fuels. While some short-term volatility is anticipated, the overall trajectory points to suppressed or further declining prices."
2008-11-09,"Energy:OT prices are expected to continue their significant downward trend over the next 48 weeks, driven by weakening global demand, rising stockpiles, and ongoing financial market stress. While some volatility is inherent, the overall direction points towards sustained pressure on prices."
2008-11-16,"Energy:OT prices are forecast to continue their recent sharp decline or stabilize at significantly lower levels over the next 48 weeks, primarily driven by the intensifying global financial crisis and weakening demand. Expect continued high volatility as market conditions adjust to the economic downturn."
2008-11-23,"Energy prices are forecast to continue their recent steep decline or stabilize at significantly lower levels over the next 48 weeks, primarily driven by the ongoing global financial crisis, weakening demand, and rising stockpiles. High volatility is anticipated as markets react to persistent economic uncertainty."
2008-11-30,"Energy:OT prices are expected to continue their sharp decline or stabilize at significantly lower levels over the next 48 weeks, primarily driven by the severe global economic downturn and persistent weak demand. A sustained recovery is unlikely as the market contends with ample supply and reduced consumption."
2008-12-07,"The ""Energy:OT"" values are expected to remain at significantly lower levels, with a potential for further declines or stabilization near current lows, primarily driven by the ongoing global economic recession and suppressed energy demand. Volatility may persist as markets react to economic data and any supply-side adjustments, but a substantial rebound is unlikely in the near term."
2008-12-14,"The Energy:OT market is currently experiencing a steep decline driven by the global financial crisis and severely weakened demand. Prices are expected to remain low and volatile in the coming 48 weeks, with any potential recovery dependent on a broader economic stabilization."
2008-12-21,"Energy prices are expected to remain significantly suppressed and highly volatile over the next year, primarily driven by persistent global economic weakness and its impact on demand. While some short-term fluctuations are likely, a substantial upward trend is improbable given the current market oversupply and financial pressures."
2008-12-28,"Energy:OT prices are expected to remain under significant downward pressure or stabilize at historically low levels over the next 48 weeks, primarily driven by persistent global economic weakness and reduced energy demand. While short-term fluctuations may occur, the overarching trend is influenced by the ongoing financial crisis."
2009-01-04,"The ""Energy:OT"" series is currently at a historical low following a sharp decline driven by the global financial crisis and reduced demand for oil and transport fuels. Prices are expected to stabilize at these significantly lower levels in the immediate term, followed by a gradual and volatile recovery over the next 48 weeks as global economic conditions slowly improve."
2009-01-11,"The values for Energy:OT are projected to continue their downward trend over the next 48 weeks, primarily driven by the ongoing global economic recession severely impacting demand and contributing to persistent oversupply. Significant volatility is expected, but the overall market will remain under pressure."
2009-01-18,"After a dramatic decline, energy prices are expected to remain at relatively low levels for the coming year, with potential for modest upward adjustments as global economic recovery unfolds. High volatility will persist, driven by ongoing uncertainties in demand and supply dynamics."
2009-01-25,"The ""Energy:OT"" values are expected to continue their recent upward trend, primarily driven by rising crude oil prices and OPEC supply adjustments. High volatility will persist as the market reacts to evolving global economic conditions and shifts in demand."
2009-02-01,"Energy prices are expected to continue their recent upward trajectory over the next 48 weeks, reversing previous declines as crude oil prices rise, global demand stabilizes, and OPEC output cuts take effect. The market will likely remain highly volatile, posing a notable risk due to ongoing economic uncertainties and supply-demand dynamics."
2009-02-08,"Energy prices are poised for a sustained increase over the next 48 weeks, driven by rising crude oil prices, OPEC output cuts, and stabilizing demand following the recent post-crisis lows. Significant volatility is still anticipated as the global economy navigates its recovery."
2009-02-15,"Energy:OT values are projected to continue their upward trajectory over the next 48 weeks, rebounding from recent lows due to stabilizing crude oil markets and a gradual improvement in energy demand. However, significant volatility is anticipated as the global economy adjusts post-recession, posing risks of price fluctuations."
2009-02-22,"Energy:OT prices are forecast to continue their recent rebound over the next 48 weeks, primarily driven by increasing crude oil prices and OPEC supply adjustments. The market will likely remain highly volatile, influenced by global economic recovery and potential demand fluctuations."
2009-03-01,"The Energy:OT values are expected to continue their recent upward trajectory from the dramatic lows of late 2008, but significant volatility will persist. This outlook is highly dependent on global crude oil prices, which are influenced by ongoing demand-supply dynamics and the pace of economic recovery."
2009-03-08,"The ""Energy:OT"" values are expected to generally trend upwards from their recent lows, propelled by increasing crude oil prices and OPEC production adjustments. However, the forecast period will be marked by considerable volatility and fluctuations due to persistent global economic uncertainty and demand-supply dynamics."
2009-03-15,"Energy:OT values are anticipated to experience a gradual upward trend over the next 48 weeks, primarily influenced by increasing crude oil prices and OPEC production adjustments. However, significant volatility and economic uncertainty will persist due to the ongoing global financial crisis."
2009-03-22,"The Energy:OT market is expected to remain highly volatile over the next 48 weeks, primarily influenced by the lingering effects of the global financial crisis on crude oil demand and supply. Following a sharp decline and a subsequent modest rebound, prices are anticipated to fluctuate around current depressed levels without a strong sustained directional trend."
2009-03-29,"Energy:OT prices are forecast to experience a gradual increase over the next 48 weeks, building on the recent rebound, but will remain highly volatile. This trajectory is primarily driven by persistent global economic uncertainty, crude oil market fluctuations, and OPEC supply management."
2009-04-05,"The Energy:OT values are expected to continue their recent upward trajectory, primarily driven by increasing crude oil prices and OPEC production adjustments. However, significant volatility will persist due to ongoing global economic uncertainty."
2009-04-12,"Energy prices are expected to continue a gradual upward trend over the next year, driven by a potential global economic recovery and ongoing supply management. However, the market will likely remain highly volatile due to persistent global financial uncertainty and potential demand fluctuations."
2009-04-19,"The Energy:OT series is expected to continue its recent upward trend over the next 48 weeks, driven by rising crude oil prices and OPEC supply management. Significant volatility is anticipated, influenced by ongoing global economic uncertainties."
2009-04-26,"Energy:OT values are expected to continue rising over the next 48 weeks, primarily driven by the approaching summer driving season and a rebound in crude oil prices following recent OPEC output cuts. Despite this upward trajectory, the market will likely experience notable volatility as global economic recovery remains uncertain and supply-demand dynamics continue to adjust."
2009-05-03,"Energy:OT values are projected to continue their upward trajectory over the next 48 weeks, primarily driven by recovering crude oil prices and seasonal demand. However, the forecast carries high volatility due to persistent global economic uncertainty and the potential for sharp fluctuations in energy markets."
2009-05-10,"Energy prices are expected to continue their upward trend over the next 48 weeks, driven by rising crude oil prices, a gradual recovery in demand, and OPEC production cuts, though volatility remains a risk due to lingering global economic uncertainty."
2009-05-17,"The Energy:OT values are expected to continue their upward trend over the next 48 weeks, driven primarily by rising crude oil prices and increasing seasonal demand as the global economy slowly recovers. However, significant volatility is anticipated, with potential for sharp fluctuations influenced by ongoing economic uncertainty and crude oil supply dynamics."
2009-05-24,"Energy:OT values are expected to continue their upward trend over the next 48 weeks, driven by rising crude oil prices and improving demand. However, significant volatility will persist, with global economic conditions and crude oil supply management remaining key influencing factors."
2009-05-31,"The Energy:OT values are expected to continue their upward recovery trend over the next 48 weeks, primarily driven by rising crude oil prices and anticipated seasonal demand. However, the market will likely experience notable volatility due to the ongoing global financial crisis and potential shifts in economic recovery."
2009-06-07,"The ""Energy:OT"" value is expected to continue its upward recovery trend over the next 48 weeks, driven by stabilizing crude oil markets and a gradual increase in demand. However, notable volatility remains a risk due to persistent global economic uncertainty."
2009-06-14,"The Energy:OT values are expected to continue their current upward trajectory over the next 48 weeks, driven by recovering demand and market adjustments following the recent downturn. However, significant volatility remains a key characteristic, influenced by global economic conditions and potential supply-side factors."
2009-06-21,"Energy prices are set for a continued upward trajectory over the next 48 weeks, primarily driven by a recovering global economy and sustained crude oil demand. Nevertheless, the market faces notable risks of volatility from lingering economic uncertainties and potential supply shocks."
2009-06-28,"The Energy:OT values are expected to continue their current upward trend over the next 48 weeks, driven by recovering demand and increasing crude oil prices. However, the market will likely experience continued volatility due to persistent global economic uncertainty."
2009-07-05,"Energy:OT values are projected to continue their upward recovery trend over the next 48 weeks, primarily driven by improving economic conditions and rising crude oil prices. However, the forecast includes notable volatility due to lingering global economic uncertainty."
2009-07-12,"Following a period of recovery from recent lows, the values are anticipated to continue increasing over the next 48 weeks, though with significant volatility driven by the pace of global economic recovery and crude oil market dynamics."
2009-07-19,"Energy prices are set to continue their upward recovery over the next 48 weeks, primarily driven by rebounding crude oil markets and stabilizing demand, though significant volatility will persist amidst ongoing global economic uncertainty."
2009-07-26,"Energy:OT prices are anticipated to remain highly volatile over the next 48 weeks, likely experiencing a slight decline or stabilization following the recent recovery. Key drivers include uncertain economic conditions, persistent high unemployment suppressing demand, and increasing domestic crude oil production."
2009-08-02,"Energy:OT prices are anticipated to continue their upward trajectory, recovering from the post-crisis lows, primarily driven by crude oil market dynamics and a gradual economic rebound. However, significant volatility is expected to persist throughout the forecast period due to ongoing global economic uncertainties."
2009-08-09,"The Energy:OT series is expected to continue its recovery trend over the next 48 weeks, showing a gradual increase from current levels. However, significant volatility will persist, primarily driven by the ongoing global economic recovery and fluctuations in crude oil prices."
2009-08-16,"Energy prices are expected to continue their recent upward trend over the next 48 weeks, driven by ongoing crude oil price increases and a reduction in demand decline. However, significant volatility will persist due to uncertain global economic conditions and the influence of OPEC decisions."
2009-08-23,"Energy:OT values are projected to continue their upward recovery over the next 48 weeks, primarily driven by a gradual economic rebound and seasonal demand, though significant volatility is expected due to lingering global financial uncertainties and fluctuating crude oil prices."
2009-08-30,"Energy:OT prices are expected to continue their recovery trajectory over the next 48 weeks, albeit with potential for stabilization or moderate growth, as global economic conditions slowly improve and crude oil markets adjust. This period will likely see persistent volatility, driven by ongoing economic uncertainties and the inherent dynamics of oil supply and demand."
2009-09-06,"The Energy:OT values are set to continue their upward trajectory over the next 48 weeks, extending the recovery from the 2008 financial crisis lows. However, the market will likely experience significant volatility driven by persistent global economic uncertainty and evolving supply-demand conditions."
2009-09-13,"The Energy:OT series is expected to sustain its upward recovery trend over the next 48 weeks, propelled by a rebound in crude oil prices and stabilizing demand post-financial crisis. However, high volatility will persist, influenced by ongoing economic uncertainties and potential shifts in global supply."
2009-09-20,"The upward trend in energy prices, driven by the ongoing economic recovery and adjustments in supply-demand dynamics, is expected to continue over the next 48 weeks. However, the market remains highly susceptible to significant volatility, influenced by evolving global economic conditions and potential supply-side factors."
2009-09-27,"Energy:OT prices are expected to remain highly volatile over the next 48 weeks, fluctuating significantly as global economic uncertainty persists and crude oil supply-demand dynamics continue to shift. No sustained strong directional trend is anticipated amidst these ongoing market pressures."
2009-10-04,"Energy:OT prices are expected to exhibit continued volatility over the next 48 weeks. A gradual upward trend is anticipated as global economic conditions improve, though increased crude oil production and ongoing supply/demand fluctuations will temper strong gains and contribute to price instability."
2009-10-11,"Energy:OT prices are expected to maintain a moderate upward trajectory over the next 48 weeks, primarily influenced by crude oil market dynamics and the pace of global economic recovery. High volatility will likely persist, with potential for significant fluctuations driven by supply-demand shifts and economic uncertainties."
2009-10-18,"Energy:OT values are expected to continue their moderate recovery from the late 2008 lows over the next 48 weeks, influenced by crude oil market dynamics and seasonal demand. However, significant volatility is anticipated due to persistent global economic uncertainty and supply-demand fluctuations."
2009-10-25,"The values for Energy:OT are expected to continue their upward recovery trend over the next 48 weeks, driven by a gradual global economic rebound and increasing demand. However, the market will remain highly volatile, influenced by ongoing economic uncertainties and potential shifts in crude oil supply and demand dynamics."
2009-11-01,"The Energy:OT series is forecast to continue its upward recovery trend over the next 48 weeks, primarily influenced by global economic conditions and crude oil prices. Expect notable volatility, with prices subject to fluctuations based on supply and demand dynamics and OPEC decisions."
2009-11-08,"Energy:OT prices are expected to continue their upward trajectory over the next 48 weeks, extending the recovery seen throughout 2009, primarily driven by rising crude oil costs and improving global economic conditions. The market will likely experience significant volatility, influenced by ongoing supply-demand dynamics."
2009-11-15,"The upward trajectory seen in 2009, fueled by recovering crude oil prices and demand, is projected to continue, albeit with notable volatility. Persistent economic uncertainties and evolving supply-demand dynamics will be key drivers influencing price fluctuations throughout the forecast horizon."
2009-11-22,"The upward trend in prices, driven by a gradual global economic recovery and increasing crude oil costs, is expected to broadly continue over the next 48 weeks. However, significant short-term volatility and fluctuations are highly probable due to persistent economic uncertainties and the dynamic supply-demand balance in the oil market."
2009-11-29,"The ""Energy:OT"" values are expected to continue their gradual upward trend over the next 48 weeks, building on the recovery observed in 2009. This trajectory will likely be marked by moderate volatility, primarily influenced by global economic stability and crude oil market dynamics."
2009-12-06,"Energy:OT prices will likely see a continued, gradual upward trend over the next 48 weeks, extending their recovery from the 2008 market crash. However, significant volatility is anticipated, driven by fluctuating crude oil prices and ongoing global economic uncertainty."
2009-12-13,"The Energy:OT series is expected to continue its upward recovery trend in the coming year, likely experiencing moderate growth, particularly into the spring and summer, driven by seasonal demand and a strengthening global economy. However, considerable volatility will persist, heavily influenced by crude oil price dynamics and OPEC's supply management."
2009-12-20,"The Energy:OT series is expected to continue its gradual upward trend over the next 48 weeks, driven primarily by recovering crude oil prices and evolving global economic conditions. However, significant volatility remains a key risk due to potential supply-demand shifts and ongoing economic uncertainties."
2009-12-27,"Energy prices are expected to remain highly volatile over the next 48 weeks, with a potential for continued instability or slight declines as the global economic downturn persists. Key drivers will be crude oil market dynamics and the pace of economic recovery."
2010-01-03,"Following a significant recovery from the 2008 market crash, Energy:OT values are projected to remain relatively stable around current levels for the next 48 weeks. Expect continued moderate volatility, primarily influenced by crude oil market dynamics and the evolving global economic recovery."
2010-01-10,"Energy prices are expected to maintain a generally upward trajectory over the next 48 weeks, influenced by recovering crude oil demand and market fundamentals. However, expect continued significant volatility driven by global economic uncertainties and supply-side factors."
2010-01-17,"Energy:OT values are expected to continue their upward trajectory over the next 48 weeks, primarily driven by rising crude oil prices and geopolitical concerns. The market will likely experience notable volatility, influenced by ongoing economic recovery and supply-demand shifts."
2010-01-24,"Energy:OT is forecast to generally increase over the next 48 weeks, continuing its recovery from the 2008 downturn, primarily driven by rising crude oil prices and improving demand. However, significant volatility is expected due to ongoing global economic uncertainties, supply fluctuations, and geopolitical factors."
2010-01-31,"Energy:OT prices are expected to continue their upward trend over the next 48 weeks, recovering further from the 2008 lows. Significant volatility will persist, driven primarily by global crude oil prices, geopolitical developments, and evolving supply-demand dynamics."
2010-02-07,"Energy:OT prices are expected to experience continued upward pressure, driven by recovering global demand and geopolitical factors, but will remain highly volatile due to ongoing crude oil market fluctuations and refinery dynamics."
2010-02-14,"The values for Energy:OT are forecast to experience a continued upward trajectory over the next 48 weeks, primarily influenced by rising crude oil prices and global supply risks. This period will likely see significant volatility, exacerbated by geopolitical concerns and refinery operations."
2010-02-21,"The Energy:OT value is expected to exhibit high volatility over the next 48 weeks, driven by ongoing global supply risks, geopolitical concerns, and fluctuating crude oil prices. While recent values show a slight decline, upward pressure is anticipated due to refinery capacity issues and potential demand shifts, leading to significant price swings."
2010-02-28,"The Energy:OT values are anticipated to exhibit significant volatility over the next 48 weeks, with a general trend of stable to moderately increasing prices. Key drivers will be global crude oil market dynamics, geopolitical developments, and supply chain risks, while refinery operations and broader economic conditions will also influence movements."
2010-03-07,"Energy prices are expected to continue their upward trend over the next 48 weeks, driven by rising crude oil costs and geopolitical concerns. The market will likely remain highly volatile, with potential fluctuations stemming from global supply risks and economic uncertainties."
2010-03-14,"Energy:OT values are forecast to maintain their current upward trajectory over the next 48 weeks, propelled by rising crude oil prices and persistent geopolitical concerns. The market will likely experience continued volatility, influenced by potential supply disruptions and shifts in global demand."
2010-03-21,"The ""Energy:OT"" values are projected to maintain their current upward trajectory over the next 48 weeks, influenced by improving economic conditions and global energy demand. Expect continued market volatility, primarily driven by crude oil price fluctuations and geopolitical factors."
2010-03-28,"Energy:OT prices are expected to continue a moderate upward trend over the next 48 weeks, driven by rising crude oil prices, global economic recovery, and seasonal demand. However, significant volatility will persist due to ongoing geopolitical risks and potential supply-demand imbalances."
2010-04-04,"Fuel prices for Energy:OT are expected to continue their upward trajectory over the next 48 weeks, primarily driven by rising crude oil costs and a recovering economy. This period will likely see significant volatility, influenced by global supply risks and geopolitical developments."
2010-04-11,"Energy:OT values are expected to continue their gradual upward trajectory over the next 48 weeks, driven by recovering global demand and rising crude oil costs. However, significant volatility will persist due to ongoing world economic uncertainties and potential supply-side disruptions."
2010-04-18,"The recent upward trend in energy prices is expected to face significant headwinds, likely leading to stabilization or a moderate decline over the next 48 weeks, primarily due to the growing influence of the biofuels industry. High volatility will persist amidst ongoing global economic uncertainties and supply-demand dynamics."
2010-04-25,"The ""Energy:OT"" values are expected to continue their recent upward trend over the next 48 weeks, primarily driven by recovering economic conditions and anticipated impacts from energy policies like carbon pricing. However, significant volatility is probable due to persistent global economic uncertainties and potential supply-side shocks."
2010-05-02,"Despite recent declines, Energy:OT prices are expected to resume a gradual upward trajectory over the next 48 weeks, driven by global economic recovery and crude oil market dynamics. However, significant volatility will persist due to potential supply risks, geopolitical concerns, and evolving market regulations."
2010-05-09,"Energy prices are expected to continue their gradual upward trajectory over the next 48 weeks, extending the recovery from the 2008 lows, primarily driven by global economic recovery and crude oil market fundamentals. This period will likely see moderate volatility influenced by geopolitical events and evolving energy policies."
2010-05-16,"Energy:OT values are expected to continue their gradual recovery and upward trend over the next 48 weeks, driven by global crude oil prices and economic recovery. However, the market will likely experience notable volatility due to ongoing supply/demand dynamics and potential geopolitical events."
2010-05-23,"Energy:OT values are anticipated to maintain a gradual upward trajectory over the next 48 weeks, primarily influenced by rising crude oil prices and recovering demand. However, the forecast period will likely see continued high volatility driven by global economic uncertainties and geopolitical developments."
2010-05-30,"The ""Energy:OT"" values are anticipated to resume their gradual upward trend after a recent dip, driven by increasing demand and global oil market competition. However, significant volatility will persist due to ongoing economic uncertainties and potential regulatory shifts."
2010-06-06,"The Energy:OT values, after a recent dip, are expected to gradually increase over the next 48 weeks, driven by global oil competition and potential environmental regulations. However, significant volatility will remain a key characteristic, influenced by ongoing global economic uncertainties and crude oil supply and demand dynamics."
2010-06-13,"Energy prices are anticipated to resume their upward trajectory over the next 48 weeks, continuing the recovery from the 2008 downturn, primarily influenced by crude oil market fluctuations and global demand. However, the outlook remains highly volatile, with geopolitical events and potential regulatory changes posing notable risks."
2010-06-20,"The Energy:OT values are expected to continue their gradual upward trend over the next 48 weeks, primarily driven by global economic recovery and anticipated increases in crude oil prices. However, the market will likely experience notable volatility due to persistent supply risks and geopolitical uncertainties."
2010-06-27,"Energy:OT values will likely continue their upward trajectory over the next 48 weeks, propelled by the ongoing economic recovery and persistent energy demand. Expect notable volatility, primarily driven by fluctuations in crude oil prices, potential geopolitical disruptions to supply, and shifts in global economic sentiment."
2010-07-04,"The Energy:OT series is expected to continue its gradual upward trend over the next 48 weeks, driven by recovering global demand and crude oil prices. However, significant volatility will persist due to ongoing economic uncertainties, geopolitical factors, and potential policy shifts, leading to notable fluctuations."
2010-07-11,"The Energy:OT values are projected to resume their gradual upward trajectory over the next 48 weeks, continuing the recovery from the 2008 downturn, with significant volatility expected due to global economic factors and crude oil supply-demand dynamics. Seasonal demand will likely exert upward pressure, particularly in the warmer months."
2010-07-18,"Energy:OT values are expected to exhibit moderate volatility over the next 48 weeks, primarily influenced by global crude oil prices and seasonal demand. Following a recent decline, values are likely to stabilize or experience a slight further dip in the near term, before resuming a gradual upward trend towards higher levels by the next spring and summer, consistent with the observed annual cycle."
2010-07-25,"The Energy:OT market is anticipated to maintain a moderate upward trajectory over the next 48 weeks, driven by global demand recovery and persistent crude oil price increases. However, significant volatility is expected due to ongoing geopolitical factors and the recent unprecedented U.S. crude oil production levels, which could introduce supply-side pressures."
2010-08-01,"Over the next 48 weeks, Energy:OT prices are anticipated to remain highly volatile, influenced by global crude oil prices and supply-demand fluctuations, though recent record US crude oil production may help stabilize prices and prevent sharp increases."
2010-08-08,"The ""Energy:OT"" values are anticipated to exhibit continued significant volatility over the next 48 weeks, fluctuating around current levels. While increasing US crude oil production may temper substantial upward surges, global economic recovery and geopolitical dynamics will remain key drivers of price movements."
2010-08-15,"The Energy:OT series is projected to continue its gradual upward trajectory over the next 48 weeks, primarily influenced by global crude oil prices and recovering economic demand. Expect persistent short-term volatility driven by geopolitical factors, supply-demand shifts, and potential regulatory changes."
2010-08-22,"Energy:OT values are expected to exhibit continued significant volatility over the next 48 weeks, primarily driven by global crude oil price dynamics, including supply-demand imbalances and geopolitical developments. Despite record US crude oil production, potential regulatory changes and carbon pricing estimates suggest an upward bias or sustained elevated levels."
2010-08-29,"The Energy:OT value is expected to exhibit significant volatility over the next 48 weeks, with a general tendency to fluctuate around current levels, as global crude oil supply and demand dynamics, alongside geopolitical developments and record US production, continue to exert influence."
2010-09-05,"The Energy:OT values are projected to continue their general upward trend over the next 48 weeks, though significant weekly volatility will persist. This trajectory will be largely shaped by global crude oil prices, supply-demand dynamics, and geopolitical developments, which could drive prices higher despite robust US production."
2010-09-12,"""Energy:OT"" values are expected to continue their general upward trajectory over the next 48 weeks, influenced by global crude oil market dynamics and economic recovery, with significant price volatility anticipated throughout the period."
2010-09-19,"Energy:OT prices are expected to remain elevated with an underlying upward pressure over the next 48 weeks, primarily driven by volatile crude oil markets and ongoing geopolitical factors. The market will experience significant fluctuations, but new highs are likely to be tested."
2010-09-26,"Energy:OT is projected to experience a continued upward trend over the next 48 weeks, primarily driven by global crude oil prices and supply-demand shifts. Expect persistent volatility, influenced by economic conditions, geopolitical events, and potential regulatory impacts."
2010-10-03,"Energy:OT values are projected to maintain a gradual upward trajectory over the next 48 weeks, primarily influenced by global crude oil prices and demand. Expect continued significant volatility, driven by evolving supply-demand dynamics and geopolitical factors, despite high domestic production levels."
2010-10-10,"Energy prices are anticipated to continue their gradual upward trend over the next 48 weeks, albeit with persistent volatility. Global supply and demand dynamics, geopolitical events, and potential regulatory shifts like carbon pricing will be the primary drivers."
2010-10-17,"Energy:OT is expected to experience continued upward pressure over the next 48 weeks, primarily driven by global crude oil market dynamics and demand. Significant volatility will persist, influenced by economic shifts and potential geopolitical developments."
2010-10-24,"""Energy:OT"" values are anticipated to maintain their general upward trajectory over the next 48 weeks, primarily influenced by global demand and crude oil price fluctuations. Expect continued moderate volatility, with potential seasonal dips and recoveries, as economic conditions and geopolitical events introduce uncertainty."
2010-10-31,"""Energy:OT"" values are expected to continue their upward trend over the next 48 weeks, maintaining significant weekly volatility driven by crude oil prices, global demand, and economic factors, with potential for seasonal fluctuations."
2010-11-07,"""Energy:OT"" values are projected to maintain their upward trajectory over the next 48 weeks, primarily influenced by global crude oil prices and ongoing supply-demand shifts. Expect continued market volatility, with potential price fluctuations driven by seasonal demand and geopolitical developments."
2010-11-14,"Energy:OT values are expected to continue their upward trend over the next 48 weeks, primarily driven by rising crude oil prices and seasonal demand. Significant volatility will persist due to global supply-demand dynamics and potential geopolitical events."
2010-11-21,"Energy:OT prices are expected to continue their general upward trend over the next 48 weeks, primarily driven by rising global crude oil prices and inelastic fuel demand. Significant short-term volatility is anticipated due to ongoing supply and demand dynamics, economic uncertainties, and potential geopolitical events."
2010-11-28,"Energy:OT prices are expected to continue their overall upward trend over the next 48 weeks, primarily driven by rising crude oil costs and robust global demand. The market will experience significant short-term volatility, influenced by economic conditions, seasonal consumption patterns, and geopolitical factors."
2010-12-05,"Energy:OT values are projected to continue their upward trend over the next 48 weeks, primarily driven by sustained global demand and supply constraints leading to high oil prices. This period will likely see considerable volatility, influenced by global economic uncertainties and geopolitical factors."
2010-12-12,"Energy:OT prices are expected to continue their upward trajectory over the next 48 weeks, driven by sustained global demand and supply constraints. Significant volatility is anticipated, influenced by geopolitical factors and evolving market dynamics."
2010-12-19,"Energy:OT values are expected to continue their upward trend over the next 48 weeks, driven by persistent high crude oil prices and increasing global demand. Significant volatility is anticipated, with geopolitical concerns and regulatory changes posing notable risks to price stability."
2010-12-26,"<ctrl94>thought
The user wants a high-level, qualitative forecast for the next 48 weeks for ""Energy:OT"" (likely referring to oil/energy prices given the context).
I need to analyze the historical data and the stepwise context to identify trends, seasonality, volatility, and key drivers.

Historical Data Analysis:
- The data starts at 1.963 in March 2009 and ends at 3.037 in December 2010.
- There's a clear upward trend over the entire period.
- 2009: Starts low (around 2.0), rises to a peak around June/July (2.7-2.75), dips slightly, then rises again towards year-end (around 2.6-2.7).
- 2010: Starts around 2.6-2.7, shows a general upward trend with some fluctuations. Peaks around March (2.8-2.9), dips in May/June (2.7-2.8), then rises steadily towards the end of the year, reaching over 3.0.
- The overall trend is increasing, with some seasonal patterns (e.g., summer peaks, year-end increases).
- Volatility seems present, but the overall direction is positive.

Contextual Analysis (Key Drivers and Themes):
- Global Financial Crisis (early 2009): Initial low prices, economic uncertainty.
- Crude Oil Prices: Consistently mentioned as a primary driver of gasoline/fuel prices. WTI, Brent, world crude prices are all referenced.
- Supply/Demand: Often cited as a factor for volatility and price changes.
- Seasonal Demand: Summer driving season (April/May context) and winter heating oil (not explicitly mentioned for price impact but for usage).
- Geopolitical Concerns: Mentioned in Jan 2010 as contributing to rising oil prices.
- US Production: Record crude oil production mentioned several times (July 2009, Sep 2009, Oct 2009, Dec 2009, July 10, Aug 10, Aug 10). This could exert downward pressure, but prices are still rising.
- Alternative Energy/Fuel Efficiency: Long-term trend, but short-term impact is less clear.
- Government Policies/Regulations: Fuel regulation (March 2010), carbon price estimates (April 2010), subsidies (Feb 2010, June 2010).
- OPEC: Influence on world oil production (Nov 2009, July 2010).
- Refinery Capacity: US refineries operating at 80% (Jan 2010).

Synthesis for Forecast:
1.  Directionality: The dominant trend is upward. The values have increased from ~2.0 to ~3.0 over 96 weeks. The last few months (Oct-Dec 2010) show a strong upward surge, breaking the 3.0 mark. This suggests continued upward pressure.
2.  Volatility: The context frequently mentions ""short-term volatility"" and ""fluctuations."" While the overall trend is up, there are dips and rises within the year.
3.  Notable Risks/Drivers:
    *   Crude oil prices are the most consistently cited driver. Rising crude prices are expected to continue pushing ""Energy:OT"" up.
    *   Global demand (especially from developing economies, Dec 2010) is a key factor.
    *   Supply risks (e.g., oil tanker incident, Feb 2010) and geopolitical concerns (Jan 2010) can cause spikes.
    *   US crude oil production records are a counter-balancing factor, but haven't stopped the overall rise.
    *   Seasonal patterns (e.g., summer demand) are likely to continue influencing prices.

Forecast Statement Construction:
- Start with the overall trend: ""Energy:OT prices are expected to continue their upward trajectory...""
- Add nuance about volatility: ""...though with ongoing short-term fluctuations.""
- Identify key drivers: ""This rise will primarily be driven by increasing crude oil prices and robust g
lobal de
mand, particularly from developing economies.""
- Mention potential risks/factors: ""Geopolitical concerns and supply risks could introduce periods of heightened volatility.""

Refinement:
""Energy:OT prices are expected to continue their significant upward trend over the next 48 weeks, driven primarily by rising crude oil costs and increasing global demand. While short-term fluctuations will persist, potentially exacerbated by geopolitical events and supply risks, the overall direction points towards higher values.""

This seems to cover all requirements:
- Concise (1-2 sentences)
- High-level
- Directionality (upward trend)
- Volatility (ongoing short-term fluctuations, heightened volatility)
- Notable risks/drivers (crude oil costs, global demand, geopolitical events, supply risks)
- No numeric point forecasts
- Qualitative
- Avoids excessive hedging.

Final check on the latest context:
2010-12-05: Oil market severely affected in 2010, with prices over $100/barrel; expected to remain high due to ongoing global demand and supply constraints.
2010-12-12: US gasoline prices reached a 2-year high, driven by high oil prices and increased demand, reflecting a significant market dynamic.
2010-12-19: US energy resource facts; short-term prediction of rising gasoline prices due to increasing crude oil.
2010-12-26: United States oil prices expected to rise; gasoline prices forecasted to trend upwards in the short-term due to demand from developing economies.

The most recent context strongly supports a continued upward trend driven by crude oil and global demand. The ""Energy:OT"" value itself is at its highest point in the historical data.<ctrl95>Energy:OT prices are expected to continue their significant upward trend over the next 48 weeks, primarily driven by rising crude oil costs and increasing global demand. While short-term fluctuations will persist, potentially exacerbated by geopolitical events and supply risks, the overall direction points towards higher values."
2011-01-02,"Energy:OT prices are expected to continue their upward trend over the next 48 weeks, primarily driven by sustained increases in crude oil prices and robust global demand. Significant volatility is anticipated throughout this period, with potential risks stemming from geopolitical developments and shifts in energy policies."
2011-01-09,"Energy:OT prices are forecast to maintain their strong upward trajectory over the next 48 weeks, propelled by rising global crude oil prices and increasing demand from developing economies. Expect significant market volatility to persist, influenced by ongoing geopolitical concerns and potential supply disruptions."
2011-01-16,"The ""Energy:OT"" values are expected to continue their strong upward trajectory over the next 48 weeks, primarily driven by sustained increases in crude oil prices and robust global demand. While some short-term volatility and minor seasonal fluctuations are probable, the overall trend points towards higher values."
2011-01-23,"Energy:OT values are projected to continue their upward trajectory over the next 48 weeks, primarily propelled by rising crude oil prices and increasing global demand. Expect moderate to high volatility, influenced by these market fundamentals and potential geopolitical developments."
2011-01-30,"The Energy:OT values are projected to continue their upward trajectory over the next 48 weeks, primarily propelled by rising crude oil prices and increasing global demand. Expect ongoing short-term volatility, with potential risks stemming from geopolitical factors and supply-side pressures."
2011-02-06,"Energy:OT values are projected to continue their strong upward trajectory over the next 48 weeks, primarily fueled by sustained high crude oil prices and increasing global demand. Expect persistent short-term volatility within this rising trend."
2011-02-13,"Energy:OT prices are projected to continue their strong upward trajectory over the next 48 weeks, primarily fueled by rising crude oil costs and increasing global demand. Expect continued price volatility, with geopolitical factors and potential supply limitations posing notable risks for further escalation."
2011-02-20,"The Energy:OT values are expected to continue their upward trend over the next 48 weeks, driven by persistent increases in crude oil prices and global demand. The market will likely experience continued volatility, influenced by seasonal factors and geopolitical developments."
2011-02-27,"Energy:OT values are expected to continue their strong upward trend over the next 48 weeks, driven by rising crude oil prices, increasing global demand, and ongoing geopolitical instability in the Middle East. Volatility will remain a significant factor due to these market dynamics and supply concerns."
2011-03-06,"Energy:OT values are forecast to maintain their strong upward trajectory over the next 48 weeks, propelled by rising crude oil prices, increasing global demand, and ongoing geopolitical instability. Expect continued volatility within this upward trend."
2011-03-13,"The Energy:OT values are expected to continue their strong upward trend over the next 48 weeks, driven by ongoing geopolitical tensions, global supply disruptions, and increasing crude oil prices. High volatility will persist as these market drivers evolve."
2011-03-20,"The Energy:OT sector is forecast to experience a continued upward trend over the next 48 weeks, primarily driven by sustained high crude oil prices, robust global demand, and ongoing geopolitical tensions. Significant volatility is anticipated due to potential supply disruptions and broader market uncertainties."
2011-03-27,"Energy:OT prices are projected to continue their strong upward trend over the next 48 weeks, primarily driven by increasing global demand, rising crude oil prices, and ongoing geopolitical tensions. High volatility is expected, with potential for significant price spikes due to supply disruptions."
2011-04-03,"The Energy:OT series is projected to maintain its strong upward trajectory over the next 48 weeks, primarily fueled by increasing global demand and elevated crude oil prices. Expect significant volatility stemming from ongoing geopolitical tensions and the broader market implications of the Fukushima disaster on global energy sources."
2011-04-10,"Energy:OT values will continue their strong upward trajectory over the next 48 weeks, propelled by sustained high crude oil prices, robust global demand, and ongoing geopolitical tensions that disrupt supply. The market will experience significant volatility, with global events posing a risk for further price escalation."
2011-04-17,"Energy:OT is expected to continue its upward trajectory, driven by persistent geopolitical tensions impacting crude oil supply and increasing global demand. High volatility will likely persist as market conditions remain sensitive to these external factors."
2011-04-24,"The Energy:OT values are projected to sustain their strong upward trajectory over the next 48 weeks, characterized by continued high volatility. This trend is predominantly fueled by persistent increases in crude oil prices, robust global demand, and ongoing geopolitical instability, particularly stemming from the Middle East."
2011-05-01,"The Energy:OT series is projected to maintain its strong upward trajectory over the next 48 weeks, primarily fueled by rising global demand and persistent geopolitical tensions impacting crude oil supply. Significant volatility is expected to continue, driven by these market dynamics."
2011-05-08,"The Energy:OT values have seen a substantial upward trend, particularly a sharp increase in recent months driven by geopolitical instability and global demand. While some short-term moderation or a slight decline is anticipated, expect continued elevated prices with high volatility over the next 48 weeks, primarily influenced by global crude oil market dynamics."
2011-05-15,"Energy:OT prices are projected to continue their significant upward trajectory over the next 48 weeks, primarily fueled by persistently high crude oil costs, strong global demand, and ongoing geopolitical tensions. The market will remain highly volatile, with potential for sharp price fluctuations."
2011-05-22,"Energy:OT values will continue their significant upward trajectory over the next 48 weeks, fueled by robust global demand, persistent supply constraints, and ongoing geopolitical tensions. Expect sustained high volatility, with crude oil price movements remaining the dominant driver."
2011-05-29,"Energy prices are projected to maintain their strong upward trend over the next 48 weeks, fueled by sustained high crude oil costs and robust global demand. Significant volatility is anticipated, with geopolitical events and the delicate supply-demand balance remaining critical drivers."
2011-06-05,"The ""Energy:OT"" is expected to continue its overall upward trajectory over the next 48 weeks, building on the significant increases seen recently, primarily driven by sustained high crude oil prices and global demand. However, the market will remain highly volatile, with geopolitical events and supply/demand dynamics posing notable risks for sharp fluctuations."
2011-06-12,"Energy:OT values are expected to remain elevated and highly volatile over the next 48 weeks, primarily driven by persistent geopolitical instability and global crude oil supply-demand dynamics. While short-term fluctuations are probable, the overarching trend points to sustained high prices."
2011-06-19,"Energy prices are expected to remain elevated over the next 48 weeks, driven by persistent global demand and ongoing geopolitical tensions, with significant price volatility continuing to characterize the market."
2011-06-26,"""Energy:OT"" values are expected to remain elevated and highly volatile over the next 48 weeks. Persistent geopolitical tensions and ongoing global supply-demand imbalances will likely drive continued upward pressure, despite potential short-term fluctuations."
2011-07-03,"Energy:OT values are set to continue their significant upward trend over the next 48 weeks, driven by sustained high crude oil prices, robust global demand, and persistent geopolitical tensions. The market will experience continued volatility, with notable risks from potential supply disruptions."
2011-07-10,"Following a substantial upward trend, energy prices have recently entered a corrective phase. We anticipate continued volatility over the next 48 weeks, with prices likely stabilizing or experiencing a gradual rebound, primarily influenced by global oil supply and demand alongside geopolitical developments."
2011-07-17,"Energy:OT prices are expected to maintain their strong upward trajectory over the next 48 weeks, primarily fueled by ongoing geopolitical instability affecting oil supply and robust global demand. High volatility will persist, with potential for significant price swings driven by these market dynamics."
2011-07-24,"The recent strong upward trend in Energy:OT prices is projected to continue over the next 48 weeks, fueled by persistent geopolitical instability and global crude oil supply-demand dynamics. The market will likely experience significant volatility, with prices susceptible to sharp fluctuations."
2011-07-31,"Following a recent retreat, energy prices are expected to stabilize in the short term, but the longer-term outlook for the next 48 weeks points to renewed upward pressure, driven by global crude oil demand and ongoing geopolitical instability. High volatility will persist due to supply-side risks and economic developments."
2011-08-07,"The historical data shows a general upward trend in energy prices, marked by significant volatility, especially in early 2011 due to geopolitical events and crude oil fluctuations. Over the next 48 weeks, prices are expected to experience continued upward pressure, driven by persistent global demand and ongoing supply risks, with high volatility persisting."
2011-08-14,"Following recent declines driven by slower U.S. economic growth and plummeting crude oil prices, Energy:OT values are expected to stabilize or experience further moderate decreases in the short term. Over the next 48 weeks, however, persistent volatility is anticipated, with prices likely to resume an upward trend influenced by global demand recovery and ongoing geopolitical factors."
2011-08-21,"The ""Energy:OT"" values are expected to continue their recent downward trend or stabilize at a lower level over the next 48 weeks, primarily influenced by slower global economic growth impacting crude oil demand. High volatility will persist, with geopolitical developments and supply-demand dynamics posing risks for sudden price fluctuations."
2011-08-28,"Energy:OT prices are expected to remain highly volatile over the next 48 weeks, following a recent decline from their peak. However, persistent global demand and geopolitical instability are likely to exert upward pressure, potentially leading to a gradual recovery or renewed increases, with short-term spikes possible from events like Hurricane Irene."
2011-09-04,"Energy:OT prices are expected to remain elevated and exhibit persistent high volatility over the next 48 weeks. This outlook is primarily driven by global crude oil price fluctuations, influenced by ongoing geopolitical uncertainties and evolving supply-demand balances."
2011-09-11,"The Energy:OT is expected to experience continued significant volatility over the next 48 weeks, with a general upward pressure on prices driven by global crude oil dynamics and ongoing geopolitical developments. While short-term fluctuations are anticipated, the overall trend points towards elevated price levels."
2011-09-18,"Energy:OT values are projected to resume their overall upward trajectory over the next 48 weeks, primarily driven by continued global demand and underlying crude oil prices. Expect persistent volatility, with potential for price spikes influenced by geopolitical developments and the pace of economic recovery."
2011-09-25,"Energy:OT prices are expected to generally trend upwards over the next 48 weeks, recovering from the recent decline as winter demand approaches and global crude oil market dynamics persist. High volatility will continue, driven by ongoing geopolitical risks, supply-demand imbalances, and evolving global economic conditions."
2011-10-02,"Energy:OT prices are anticipated to rebound and trend upwards over the next 48 weeks, driven by seasonal demand and persistent global energy needs. The market will experience significant volatility, influenced by crude oil price fluctuations, geopolitical events, and global economic performance."
2011-10-09,"Energy prices are expected to remain highly volatile over the next 48 weeks, with a general upward pressure driven by global crude oil prices, supply-demand dynamics, and geopolitical developments. While recent declines may continue briefly, significant fluctuations are anticipated."
2011-10-16,"Energy:OT values are expected to remain elevated and highly volatile over the next 48 weeks, primarily driven by global crude oil prices and supply-demand dynamics. Seasonal demand shifts and geopolitical developments will continue to exert significant influence, leading to unpredictable price movements."
2011-10-23,"Energy:OT prices are expected to remain highly volatile over the next 48 weeks, with a general upward trajectory driven by persistent global crude oil demand, supply constraints, and geopolitical events. While recent trends show some stabilization, significant fluctuations are anticipated, ultimately pushing prices higher."
2011-10-30,"Energy:OT prices are anticipated to trend upwards over the next 48 weeks, driven by rising crude oil costs and increasing global demand, with a notable surge expected during the next summer driving season. High volatility will continue, influenced by geopolitical developments and shifts in global supply."
2011-11-06,"The Energy:OT market is anticipated to show an overall upward trend over the next 48 weeks, driven primarily by global crude oil prices and demand, though significant volatility is expected due to geopolitical factors and seasonal shifts."
2011-11-13,"Energy:OT prices are expected to generally trend upwards over the next 48 weeks, primarily influenced by global crude oil prices and evolving demand patterns. High volatility will continue to be a notable feature, driven by geopolitical developments and supply-side factors."
2011-11-20,"Energy:OT prices will likely resume a gradual upward trend over the next 48 weeks, driven by global demand and crude oil price movements, maintaining high volatility amidst ongoing geopolitical uncertainties."
2011-11-27,"Prices for Energy:OT, heavily influenced by gasoline and crude oil markets, are expected to generally trend upwards over the next 48 weeks, though with significant volatility. Key drivers will be global crude oil prices and demand, with potential for seasonal increases in the spring and summer, and ongoing risks from geopolitical instability impacting supply."
2011-12-04,"The recent downward trend in Energy:OT values is expected to moderate, with prices likely to stabilize or see a modest rebound over the next 48 weeks. Significant volatility will persist, primarily influenced by global crude oil market dynamics, geopolitical events, and seasonal demand shifts."
2011-12-11,"Energy:OT values are projected to continue their recent declining trend or stabilize at lower levels over the next 48 weeks, influenced by prevailing supply and demand dynamics and global economic conditions. The market will likely experience continued volatility, with potential for sharp price increases driven by shifts in crude oil prices or unforeseen geopolitical events."
2011-12-18,"After a recent period of decline, energy prices are anticipated to stabilize before resuming a gradual upward trend over the next 48 weeks. Expect continued significant volatility, primarily influenced by global crude oil market dynamics, geopolitical developments, and seasonal demand patterns."
2011-12-25,"Energy:OT prices are projected to generally trend upwards over the next 48 weeks, driven by crude oil prices, global demand, and seasonal factors. The market will likely experience significant volatility due to ongoing supply-demand dynamics and geopolitical influences."
2012-01-01,"Energy:OT values are expected to experience an initial upward trend, driven by rising crude oil prices and global demand, continuing the recent short-term increases. Over the next 48 weeks, significant volatility will persist, with the overall direction heavily influenced by global energy market dynamics and geopolitical developments."
2012-01-08,"Energy:OT prices are expected to continue their recent upward trajectory over the next 48 weeks, primarily driven by rising crude oil prices and persistent geopolitical tensions, notably with Iran. Significant volatility will likely characterize this period due to fluctuating global supply and demand dynamics."
2012-01-15,"Energy:OT prices are projected to experience an upward trend over the next 48 weeks, primarily fueled by rising crude oil prices and escalating geopolitical tensions. This period will likely see significant volatility, influenced by global supply dynamics and seasonal demand patterns."
2012-01-22,"Energy:OT values are expected to generally trend upwards over the next 48 weeks, driven by anticipated increases in crude oil prices and ongoing global demand, exacerbated by geopolitical tensions. Significant volatility is likely to persist throughout the period."
2012-01-29,"Energy:OT prices are expected to trend upwards, primarily driven by persistent geopolitical tensions, particularly with Iran, and robust global crude oil demand. Significant volatility is anticipated, with prices remaining at elevated levels throughout the forecast period."
2012-02-05,"Energy:OT prices are projected to continue their recent upward trajectory over the next 48 weeks, primarily driven by rising global crude oil prices and persistent geopolitical tensions. Expect sustained volatility influenced by global supply dynamics and seasonal demand patterns."
2012-02-12,"Energy:OT prices are projected to continue their recent upward trajectory over the next 48 weeks, primarily fueled by rising crude oil prices and persistent geopolitical tensions. High volatility is expected to persist due to global supply and demand dynamics."
2012-02-19,"The Energy:OT values are projected to continue their upward trajectory into the spring and summer, primarily fueled by rising crude oil prices and persistent geopolitical tensions, with significant volatility expected throughout the next 48 weeks."
2012-02-26,"Energy:OT prices are projected to maintain their upward trajectory over the next 48 weeks, influenced by rising crude oil prices, increasing demand, and tight market conditions. Expect continued high volatility, especially due to persistent geopolitical tensions, which may lead to sharp price movements and seasonal peaks."
2012-03-04,"The current strong upward trajectory, fueled by geopolitical tensions and rising crude oil prices, is expected to persist, leading to elevated and volatile prices over the next 48 weeks. While seasonal fluctuations are probable, the overall trend suggests sustained high levels, driven by global supply uncertainties."
2012-03-11,"Energy:OT values are projected to continue their strong upward trend over the next 48 weeks, primarily fueled by persistent geopolitical tensions, rising crude oil prices, and increasing demand. The market is expected to remain highly volatile, with prices maintaining an elevated profile."
2012-03-18,"Energy:OT prices are projected to maintain their strong upward trajectory over the next 48 weeks, primarily fueled by persistent geopolitical tensions, rising crude oil costs, and increasing global demand. Continued volatility is expected, with supply constraints and market uncertainties presenting notable risks for further price escalation."
2012-03-25,"Prices for Energy:OT are forecast to continue their upward trend over the next 48 weeks, primarily driven by ongoing geopolitical tensions, especially regarding Iran, alongside rising crude oil prices and increasing demand. Expect continued market volatility throughout this period."
2012-04-01,"The recent strong upward trend in Energy:OT prices is expected to continue, driven by rising crude oil costs and persistent geopolitical tensions, especially concerning Iran and new sanctions. High volatility will characterize the market as global supply and demand dynamics react to these significant external pressures."
2012-04-08,"Energy:OT prices are expected to stabilize or experience slight downward pressure in the near term, breaking the recent sharp upward trend, influenced by revised crude oil cost forecasts. However, significant volatility will persist due to ongoing geopolitical risks and the delicate balance of global supply and demand, keeping overall prices elevated."
2012-04-15,"Energy:OT prices are expected to maintain their elevated levels and likely continue their upward trend over the next 48 weeks, driven by persistent geopolitical tensions and global crude oil market dynamics. High volatility and significant price fluctuations are anticipated."
2012-04-22,"Energy:OT values are expected to exhibit significant volatility over the next 48 weeks, influenced by global crude oil prices and persistent geopolitical tensions. While a seasonal decline may occur in the latter half of 2012, the underlying upward pressure suggests a rebound towards elevated levels, potentially reaching new highs by early 2013."
2012-04-29,"Energy:OT values are expected to exhibit continued high volatility over the next 48 weeks, with an underlying upward trend driven by global crude oil prices, supply-demand dynamics, and persistent geopolitical risks. While seasonal fluctuations may cause temporary dips, significant price increases remain a notable risk."
2012-05-06,"Energy prices are expected to experience a period of stabilization or further softening through the summer and fall, primarily influenced by global oil supply and demand dynamics, despite the approaching summer driving season. High volatility will persist, with a likely upward trend resuming in late 2012 and early 2013, driven by seasonal demand and potential geopolitical developments."
2012-05-13,"Energy:OT prices are expected to continue their recent downward trend or stabilize in the near term, influenced by easing crude oil costs and current market conditions. However, significant volatility is anticipated over the next 48 weeks, driven by persistent geopolitical tensions, global supply-demand dynamics, and the strong seasonal patterns that typically lead to a rebound in prices later in the year or early next spring."
2012-05-20,"Prices are expected to continue their recent decline in the very short term, but will likely rebound and trend upwards as the summer driving season increases demand. Significant volatility will characterize the next year, primarily influenced by global crude oil supply and demand dynamics, alongside ongoing geopolitical tensions."
2012-05-27,"Energy:OT prices are expected to stabilize after recent declines, likely seeing moderate increases during the upcoming summer driving season, driven by global crude oil dynamics and seasonal demand. Volatility will remain high, with geopolitical tensions and supply disruptions posing significant upside risks throughout the forecast period."
2012-06-03,"The Energy:OT values will likely experience continued high volatility over the next 48 weeks, driven by global crude oil prices and seasonal demand. Following the recent decline, expect a stabilization or modest increase through summer, followed by a downturn in late 2012, and a rebound into mid-2013, with geopolitical tensions posing a significant upside risk."
2012-06-10,"Energy:OT values are expected to continue their recent decline or stabilize in the near term, driven by falling crude oil prices. However, significant volatility is anticipated, with a likely upward trend emerging in the latter half of the forecast period, contingent on global demand and ongoing geopolitical developments."
2012-06-17,"Following the recent decline, prices are expected to stabilize and likely experience a seasonal rebound during the summer driving season, before resuming a general upward trend into 2013. High volatility will continue, primarily driven by global crude oil prices, demand fluctuations, and geopolitical developments."
2012-06-24,"Energy prices are expected to rebound from their current decline and experience significant volatility over the next 48 weeks, driven by seasonal demand, fluctuations in crude oil prices, and ongoing geopolitical risks impacting global supply."
2012-07-01,"Energy:OT prices are currently in a significant downward trend, primarily driven by falling crude oil prices. Over the next 48 weeks, expect this decline to stabilize, followed by a probable seasonal rebound in colder months, maintaining overall volatility influenced by global supply, demand, and geopolitical factors."
2012-07-08,"Energy:OT prices are likely to continue their recent downward trajectory over the next 48 weeks, driven by a predicted long-term decrease in gasoline prices and broader crude oil market dynamics. However, seasonal demand shifts and persistent geopolitical risks will likely introduce periods of volatility and temporary price increases."
2012-07-15,"Prices are currently rebounding due to seasonal demand and inventory dynamics, a trend expected to continue in the near term. Over the next 48 weeks, significant volatility will persist, primarily driven by crude oil price fluctuations, ongoing geopolitical risks, and global economic shifts, with a potential for prices to stabilize or gradually decline in the latter half of the period as record US crude oil production exerts downward pressure."
2012-07-22,"Energy:OT prices are expected to remain highly volatile over the next 48 weeks, with significant fluctuations driven by global crude oil markets, seasonal demand, and ongoing geopolitical events. While short-term increases are likely, the impact of record US crude production could temper upward movements, leading to prices fluctuating around current elevated levels."
2012-07-29,"Energy:OT prices are projected to continue their recent upward trajectory, fueled by seasonal demand and ongoing geopolitical tensions, especially concerning Iran. Over the next 48 weeks, expect significant volatility as prices respond to global crude oil market dynamics and cyclical demand patterns, likely peaking in the spring/early summer of the coming year."
2012-08-05,"Energy:OT prices are forecast to continue their recent upward trajectory, driven primarily by crude oil market dynamics and seasonal demand, with potential for further increases into next spring. High volatility will remain a key characteristic, exacerbated by geopolitical uncertainties."
2012-08-12,"Energy:OT prices are expected to trend upwards over the next 48 weeks, primarily driven by rising crude oil prices and underlying global supply and demand dynamics. Significant volatility is anticipated throughout this period due to ongoing geopolitical risks and typical seasonal demand shifts."
2012-08-19,"Gasoline prices are currently experiencing a strong upward trend, which is expected to continue into early next year, primarily driven by crude oil market dynamics and seasonal demand, before a likely seasonal moderation. The market will remain highly volatile, with ongoing global supply dynamics and geopolitical events posing significant upside risks."
2012-08-26,"Gasoline prices are forecast to continue their upward trend in the coming weeks, driven by persistent supply-demand imbalances and rising crude oil prices. Expect continued high volatility over the next year, with significant risks stemming from geopolitical events and global economic shifts impacting crude oil markets."
2012-09-02,"Energy:OT values are expected to continue their current upward trajectory in the near term due to supply constraints and strong demand, before experiencing a seasonal moderation through the colder months and a subsequent rise into the next spring/summer driving season. The market will likely remain highly volatile, primarily influenced by global crude oil prices and geopolitical events."
2012-09-09,"The ""Energy:OT"" values are expected to continue their upward trend into the winter and spring, driven by global crude oil market dynamics, supply constraints, and strong demand. Significant volatility is anticipated throughout the next year, influenced by geopolitical tensions and seasonal demand shifts, with prices likely peaking in the spring/early summer of 2013 before a potential seasonal decline."
2012-09-16,"Energy:OT prices are on a strong upward trajectory, driven by geopolitical tensions and rising crude oil costs, and are expected to continue increasing in the near term. Over the next 48 weeks, prices will remain elevated with significant volatility, primarily influenced by global supply dynamics and seasonal demand."
2012-09-23,"Energy:OT values will experience significant volatility over the next 48 weeks, primarily driven by global crude oil prices, geopolitical developments, and seasonal demand. After a prolonged upward trend reaching near historical highs, prices are expected to stabilize or see some short-term correction, before resuming an upward trajectory and potentially exceeding previous peaks."
2012-09-30,"Energy:OT prices are anticipated to exhibit continued high volatility over the next 48 weeks, driven primarily by global crude oil dynamics, geopolitical events, and seasonal demand. While short-term fluctuations are expected, the overall trend points towards upward pressure."
2012-10-07,"Energy:OT prices are anticipated to remain elevated and highly volatile over the next 48 weeks, driven primarily by global crude oil market dynamics and demand fluctuations. Expect a continuation of seasonal trends, with potential for significant price swings influenced by ongoing geopolitical developments."
2012-10-14,"Energy:OT prices are anticipated to continue their overall upward trend over the next 48 weeks, characterized by strong seasonal fluctuations with typical increases in spring and summer. High volatility will persist, primarily driven by global crude oil prices, geopolitical developments, and seasonal demand shifts."
2012-10-21,"Gasoline prices are forecast to remain highly volatile over the next 48 weeks, with an expected upward trajectory primarily driven by global crude oil prices and robust seasonal demand, particularly through the spring and summer. Geopolitical tensions and the evolving balance of global supply and demand, including increasing U.S. production, will be key determinants of market direction."
2012-10-28,"Energy:OT prices are expected to continue their established seasonal pattern, likely declining through the upcoming winter months before rising in spring and early summer 2013, then softening into the fall. Overall volatility will remain high, primarily driven by global crude oil dynamics and ongoing geopolitical events."
2012-11-04,"Energy:OT prices are forecast to experience a seasonal rebound into spring and summer 2013, driven by global crude oil dynamics and seasonal demand, before potentially moderating in the latter half of the year. Significant volatility is anticipated, heavily influenced by ongoing geopolitical developments and the evolving balance of global supply and demand."
2012-11-11,"Energy:OT values are expected to continue their current seasonal decline for a short period before reversing to rise in late winter and spring, peaking in early summer, and then gradually decreasing again through the latter half of the forecast horizon. High volatility will persist, primarily driven by global crude oil price fluctuations, seasonal demand patterns, and geopolitical developments."
2012-11-18,"The next 48 weeks will likely see a continuation of seasonal price patterns, with a rebound from current lows expected in the spring and summer of 2013. Global crude oil prices, influenced by geopolitical developments and supply-demand dynamics, will remain the dominant drivers, sustaining overall elevated volatility."
2012-11-25,"Energy:OT prices are expected to reverse their recent decline and trend upward into the spring and summer of 2013, driven by seasonal demand and global crude oil market dynamics. Significant volatility will persist throughout the period, influenced by geopolitical developments and supply-demand shifts."
2012-12-02,"Energy:OT prices are anticipated to follow their typical seasonal cycles, rising into spring and declining later in the year, but increasing domestic production may moderate these upward trends. Expect continued significant volatility driven by global economic conditions and persistent geopolitical risks."
2012-12-09,"Energy prices are anticipated to exhibit a volatile seasonal trend over the next 48 weeks, with an expected increase during the spring and summer months driven by seasonal demand and crude oil dynamics, before declining towards year-end. Geopolitical tensions and global supply-demand imbalances will remain significant factors influencing price movements."
2012-12-16,"Energy:OT prices will likely continue their year-end decline into early 2013 before following a typical seasonal pattern of spring increases, summer declines, and a late-year rebound. Expect continued significant volatility driven by global crude oil market dynamics, geopolitical events, and the ongoing impact of increasing U.S. domestic oil production."
2012-12-23,"Energy:OT prices are expected to follow their established seasonal pattern, rising through the spring and then declining towards the year-end, with significant volatility throughout the period. Global crude oil prices, influenced by geopolitical events and seasonal demand, will remain the primary drivers."
2012-12-30,"Energy:OT values are expected to follow their established seasonal pattern, rising through the spring and early summer before declining into the fall and winter. This seasonality will occur within an overarching trend of relatively lower prices, driven by increasing domestic crude oil production and a well-supplied market, though high volatility will persist due to global crude oil dynamics and potential geopolitical events."
2013-01-06,"Energy:OT prices are expected to follow a strong seasonal pattern over the next 48 weeks, rising significantly through spring and summer before declining into the year-end. Volatility will remain a key characteristic, primarily driven by global crude oil market dynamics, supply-demand balances, and seasonal consumption trends."
2013-01-13,"Overall, gasoline prices are expected to trend downwards over the next 48 weeks, primarily driven by increasing US crude oil production and ample supplies. However, significant seasonal volatility is anticipated, with prices likely rising during the spring and summer driving season before resuming a decline, and geopolitical events remain a notable risk."
2013-01-20,"Energy:OT prices are anticipated to face overall downward pressure over the next 48 weeks, primarily due to rising U.S. domestic crude oil and natural gas production. Despite this, the market will experience continued volatility, including typical seasonal increases during peak demand, and remains susceptible to global crude oil market dynamics and geopolitical events."
2013-01-27,"Energy:OT prices are anticipated to trend downwards over the next 48 weeks, primarily driven by increasing U.S. crude production and ample supplies offsetting demand. Despite this general decline, significant volatility will persist due to crude oil price fluctuations, seasonal demand patterns, and potential geopolitical events."
2013-02-03,"Energy:OT prices are projected to increase through the spring and summer, driven by seasonal demand and crude oil prices, before declining into the winter months. While volatility is expected, increased domestic production could temper peak prices and contribute to a more stable long-term outlook."
2013-02-10,"Gasoline prices are expected to continue their short-term seasonal ascent into spring, driven by the summer blend transition and a strengthening economy. While increased U.S. crude production may exert downward pressure over the year, typical seasonal declines and subsequent increases will likely lead to continued volatility."
2013-02-17,"Energy prices will continue their seasonal ascent into spring, propelled by the transition to summer blend and a strengthening economy. A seasonal decline will follow through summer and fall, with overall values experiencing persistent volatility, primarily driven by global crude oil markets and shifting supply-demand balances."
2013-02-24,"Prices for Energy:OT are expected to continue their current upward trend into the summer driving season, primarily driven by crude oil costs and seasonal demand. This will likely be followed by a seasonal decline into late fall and winter, with moderate volatility influenced by global crude oil markets and potential geopolitical events."
2013-03-03,"Energy:OT prices are expected to exhibit continued volatility over the next 48 weeks. Following a potential short-term dip due to rising fuel supplies, prices will likely reach a spring peak driven by crude oil and seasonal demand, then decline through summer and fall before beginning to rise again by year-end."
2013-03-10,"Energy:OT prices are forecast to continue their upward trend into the summer, driven by seasonal demand and crude oil prices, before experiencing a typical seasonal decline through fall and winter. High volatility is anticipated throughout the next year, influenced by global crude oil market dynamics and geopolitical developments."
2013-03-17,"Gasoline prices are expected to continue their upward trajectory into the summer driving season, driven by seasonal demand and crude oil prices. Following this, a typical seasonal decline into winter is anticipated, with continued significant volatility influenced by global supply-demand dynamics and potential geopolitical events throughout the forecast period."
2013-03-24,"Over the next 48 weeks, Energy:OT values are expected to follow a strong seasonal pattern, likely declining through summer and fall 2013 before rising again in early 2014, with increasing U.S. crude oil production potentially capping overall price increases. High volatility will persist, primarily driven by global crude oil market dynamics and seasonal demand shifts."
2013-03-31,"Gasoline prices are expected to stabilize or slightly decline in the near term, following the recent upward trend and anticipated seasonal peak, before experiencing a typical seasonal decline into late 2013 and a subsequent rise in early 2014. Volatility will remain a key feature, driven by crude oil price movements, seasonal demand, and the increasing influence of U.S. energy production."
2013-04-07,"Energy:OT prices are expected to follow a seasonal pattern over the next 48 weeks, with declines likely through summer and fall 2013 before a rebound in early 2014. The overall trend suggests stabilization or slight downward pressure, primarily influenced by increasing U.S. domestic crude oil production and low natural gas prices."
2013-04-14,"Energy:OT prices are expected to continue their cyclical pattern over the next 48 weeks, with a likely dip into early summer, a rebound in late summer/early fall, followed by a winter decline and a spring resurgence. Volatility will remain high, primarily influenced by global crude oil market dynamics, seasonal demand shifts, and the ongoing growth in US domestic production."
2013-04-21,"Gasoline prices are expected to continue their current decline into early summer, driven by increasing domestic crude oil production and seasonal demand. Following this, prices will likely rebound in late summer/early fall before a typical winter dip and subsequent spring increase, with overall volatility persisting due to global crude oil market dynamics."
2013-04-28,"Gasoline prices are expected to exhibit typical seasonal patterns over the next 48 weeks, likely increasing into the summer driving season before declining in the fall and early winter, then rebounding in the spring. Despite these fluctuations, increasing domestic crude oil production should temper significant upward movements, though geopolitical events and supply disruptions remain key drivers of volatility."
2013-05-05,"Energy prices are anticipated to follow their typical seasonal cycle over the next 48 weeks, with a potential short-term increase during the summer driving season before declining into the winter months and rising again next spring. While increasing domestic crude oil production is expected to exert downward pressure on prices, global crude oil market volatility and geopolitical factors will continue to drive fluctuations."
2013-05-12,"Gasoline prices are expected to continue their seasonal decline through the summer and fall, likely bottoming out in the winter before a typical rebound in the spring of 2014. This pattern will be heavily influenced by global crude oil prices, increasing U.S. domestic production, and seasonal demand, leading to continued volatility."
2013-05-19,"Energy:OT prices will exhibit significant seasonal volatility over the next 48 weeks, characterized by an initial decline into summer, followed by a late summer/fall rebound, a winter dip, and a spring rise. This pattern is primarily driven by seasonal demand and global crude oil prices, though increasing U.S. domestic crude oil production will likely temper overall price increases."
2013-05-26,"Energy:OT prices are expected to continue their seasonal pattern over the next 48 weeks, with an initial rise into summer 2013, followed by a decline into late 2013, and then an increase again in early 2014. This will maintain a volatile environment, primarily influenced by crude oil prices and seasonal demand, with geopolitical events and increasing domestic production being key drivers."
2013-06-02,"The next 48 weeks for Energy:OT will see continued cyclical fluctuations, largely driven by global crude oil prices and seasonal demand for gasoline. Expect prices to generally follow an annual pattern of summer/fall declines and winter/spring increases, with ongoing volatility influenced by supply dynamics and geopolitical factors."
2013-06-09,"Gasoline prices are forecast to follow their typical seasonal pattern of summer and fall declines, followed by increases through the winter and spring, primarily driven by crude oil costs and seasonal demand. High volatility is expected, with increasing domestic production potentially mitigating extreme highs, though geopolitical events and supply-demand imbalances remain significant risks."
2013-06-16,"The upcoming summer driving season will likely see gasoline prices rise, followed by a seasonal decline into winter and a subsequent increase next spring. However, the sustained growth in US domestic crude oil and shale gas production is expected to temper overall price increases, leading to a generally stable trend over the next 48 weeks, although global crude oil market fluctuations and geopolitical events will continue to drive volatility."
2013-06-23,"Over the next 48 weeks, gasoline prices will experience significant seasonal volatility, with expected increases during peak demand periods and declines during off-peak seasons, primarily driven by crude oil market dynamics. However, increasing domestic oil and gas production in the U.S. is expected to moderate overall price levels and limit extreme upward spikes."
2013-06-30,"Gasoline prices are expected to exhibit continued seasonal volatility, likely declining into late summer/autumn before rising through winter and spring, driven primarily by crude oil prices and seasonal demand. Increasing U.S. domestic oil production may provide some moderating influence on price spikes, but geopolitical risks remain a notable concern."
2013-07-07,"Over the next 48 weeks, Energy:OT (gasoline prices) are expected to exhibit continued seasonal fluctuations, with an anticipated increase through late summer, a subsequent decline into winter, and a rebound in spring 2014. High volatility will persist, primarily influenced by global crude oil price movements, seasonal demand patterns, and the ongoing growth in U.S. domestic oil production."
2013-07-14,"Gasoline prices are expected to continue their seasonal decline through the fall and winter, before rising in spring 2014 with increased seasonal demand and the shift to summer-grade fuel. Despite this volatility, increasing U.S. domestic crude oil production will likely exert a slight downward pressure on overall prices, though global crude oil markets remain a significant driver of fluctuations."
2013-07-21,"Gasoline prices will experience significant seasonal volatility over the next 48 weeks, characterized by expected declines in winter and increases in spring. The ongoing rise in U.S. domestic oil and gas production will generally moderate price levels, while crude oil prices and global demand remain the dominant drivers, with geopolitical events presenting a risk for sharp, sudden increases."
2013-07-28,"Gasoline prices will continue to exhibit significant seasonal volatility over the next 48 weeks, with expected declines towards year-end 2013 followed by increases in early 2014. This pattern will be primarily driven by global crude oil market fluctuations, seasonal demand shifts, and the counterbalancing effect of increasing U.S. domestic oil production."
2013-08-04,"Expect gasoline prices to continue their established seasonal fluctuations over the next 48 weeks, characterized by significant volatility driven primarily by crude oil costs and seasonal demand. Prices will likely follow a pattern of late-summer increases, winter dips, and spring surges due to factors like summer-blend fuel and domestic production trends."
2013-08-11,"Gasoline prices are projected to experience continued seasonal volatility over the next 48 weeks, with an expected decline into late 2013 followed by typical increases in spring and late summer 2014. These fluctuations will be primarily driven by global crude oil prices and seasonal demand for summer-grade fuel, though increasing U.S. domestic production is likely to provide a moderating influence."
2013-08-18,"Gasoline prices are expected to rebound from their current mid-summer dip, rising towards a late summer/early fall peak before declining into winter. Over the next 48 weeks, prices will continue to exhibit strong annual seasonality, driven by global crude oil markets and seasonal demand, with significant volatility persisting."
2013-08-25,"Energy:OT prices are expected to continue their strong seasonal pattern over the next 48 weeks, with prices likely declining into winter before rising in spring and fluctuating through summer. Despite record U.S. crude oil production potentially tempering overall levels, global crude oil market dynamics and seasonal demand will remain the dominant drivers of price volatility."
2013-09-01,"Gasoline prices are expected to follow their typical seasonal pattern, initially stabilizing or decreasing as the summer driving season concludes, then rising into the spring and summer of 2014. Global crude oil prices and seasonal demand will remain primary drivers, with increasing U.S. domestic production potentially moderating upward price movements, though volatility persists."
2013-09-08,"Gasoline prices are expected to follow their typical seasonal pattern, declining through the fall and winter before rising again in the spring and summer of 2014. While increasing U.S. crude oil production may temper price increases, global crude oil markets and seasonal demand shifts will continue to drive significant volatility."
2013-09-15,"Over the next 48 weeks, gasoline prices are expected to continue their established seasonal pattern, likely declining into late 2013 before rising in early 2014, driven primarily by crude oil costs and seasonal demand shifts. Despite robust U.S. domestic production, expect continued moderate volatility due to global supply dynamics and demand pressures."
2013-09-22,"Over the next 48 weeks, gasoline prices are expected to follow their established seasonal pattern of decline through late fall and winter, followed by increases in spring and summer, exhibiting considerable volatility. This trend will be primarily influenced by global crude oil prices and seasonal demand, with increasing U.S. domestic production potentially limiting upward price movements."
2013-09-29,"Gasoline prices are expected to continue their seasonal fluctuations over the next 48 weeks, initially declining before rising to a spring/summer peak in 2014, then falling again. Increasing U.S. crude oil production will likely temper significant upward spikes and contribute to overall price stability, though volatility driven by crude oil prices and global demand will remain a factor."
2013-10-06,"Over the next 48 weeks, Energy:OT prices are expected to follow a cyclical pattern, likely stabilizing or slightly declining through the winter before rising into the spring and summer of 2014 due to seasonal demand. The market will remain volatile, primarily driven by global crude oil prices and ongoing shifts in supply and demand, despite increasing domestic production."
2013-10-13,"Gasoline prices are expected to follow a cyclical pattern over the next 48 weeks, with an initial seasonal decline into late 2013, followed by an increase in early 2014 driven by seasonal demand and crude oil prices. Volatility will persist, though increasing U.S. domestic production may temper extreme upward movements."
2013-10-20,"Values for Energy:OT are projected to continue their seasonal decline into the winter, followed by an expected rebound in spring and early summer 2014. Despite this seasonal uplift, increasing U.S. crude oil production and potential demand stabilization are expected to temper significant price increases, maintaining a generally stable to slightly lower trajectory over the next year, with ongoing volatility influenced by global crude oil markets and geopolitical developments."
2013-10-27,"Gasoline prices are forecast to exhibit continued seasonal volatility over the next 48 weeks, with expected declines into winter followed by increases during the 2014 summer driving season. While rising U.S. crude oil production may temper overall price levels, global crude oil prices and potential supply disruptions remain key drivers of fluctuations."
2013-11-03,"Gasoline prices are anticipated to rise from current lower levels through late winter and spring 2014, driven by seasonal demand and crude oil market dynamics, before experiencing potential declines into summer and fall. Volatility will persist, but increasing U.S. domestic energy production may temper significant upward spikes over the forecast horizon."
2013-11-10,"Gasoline prices are forecast to experience seasonal fluctuations over the next 48 weeks, with an expected increase during the spring and summer driving season, then a decline, primarily driven by U.S. domestic crude oil production and global supply-demand. Strong domestic output should mitigate sharp rises, though crude oil price volatility and geopolitical risks persist."
2013-11-17,"Energy:OT prices are expected to continue their seasonal decline into early 2014, before rising with the spring and summer driving season. Despite this seasonal uptick, increasing U.S. domestic crude oil production will likely temper peak prices and contribute to a more stable or slightly downward overall trend, though volatility from global crude oil markets will persist."
2013-11-24,"Gasoline prices, currently near historical lows, are expected to follow typical seasonal patterns with a potential rebound during the 2014 spring and summer driving season, followed by a decline into late 2014. However, increasing U.S. crude oil production will likely exert downward pressure, keeping overall price levels subdued compared to prior years, while volatility remains a constant factor."
2013-12-01,"""Energy:OT"" values are expected to follow their established seasonal pattern, with increases during the spring and summer driving seasons, followed by declines in the fall and winter. However, sustained increases in domestic crude oil production will likely exert downward pressure, leading to an overall stable to slightly decreasing trend over the next 48 weeks, with moderate volatility."
2013-12-08,"Gasoline prices are expected to rise seasonally into spring and early summer 2014, driven by increased demand and crude oil costs, before declining in the latter half of the year. Despite these fluctuations, robust U.S. crude oil and natural gas production will likely temper overall price levels, though significant volatility from global supply/demand dynamics remains a key risk."
2013-12-15,"Over the next 48 weeks, Energy:OT prices are anticipated to follow their typical seasonal trajectory, increasing into the spring and summer due to rising demand before moderating in the fall. However, sustained increases in US domestic crude oil and natural gas production are expected to temper overall price levels, though market volatility remains a persistent feature."
2013-12-22,"The Energy:OT prices are expected to follow a seasonal pattern, rising in the first half of 2014 before declining into the latter half, with overall levels likely to remain stable or slightly decrease due to robust U.S. crude oil production and ample supply, though short-term volatility will persist."
2013-12-29,"Gasoline prices are expected to follow a seasonal pattern over the next year, rising into the spring and summer driving season before declining in the fall and winter. Sustained record U.S. crude oil production will exert downward pressure on overall price levels, though global crude oil price volatility and seasonal demand will drive short-term fluctuations."
2014-01-05,"Following a predicted short-term decrease, gasoline prices are expected to generally rise through the spring and summer due to seasonal demand, then likely decline in the fall. Overall volatility will persist, heavily influenced by global crude oil prices and the continued growth in US domestic oil production."
2014-01-12,"Energy:OT values are expected to follow their typical seasonal pattern, rising through the spring and summer of 2014 due to increased demand, before declining in the fall and winter. This seasonal movement will be tempered by the ongoing strong growth in US domestic crude oil production, which exerts downward pressure on prices, though volatility from crude oil markets and refinery activity remains a factor."
2014-01-19,"Gasoline prices are expected to stabilize or slightly decrease in the short term, then follow typical seasonal patterns with increases during the spring and summer driving season, followed by declines in the fall and winter. The upward pressure from seasonal demand will likely be mitigated by continued strong U.S. crude oil production, leading to overall price stability with expected seasonal volatility."
2014-01-26,"Over the next 48 weeks, gasoline prices are anticipated to generally decline, primarily influenced by robust U.S. crude oil production and increasing inventories. Despite expected seasonal increases during the summer driving season, these upward movements are likely to be temporary, with prices trending lower or stabilizing thereafter."
2014-02-02,"Gasoline prices are expected to continue their general decline or stabilize at lower levels over the next 48 weeks, primarily driven by sustained high domestic crude oil production. While seasonal demand will introduce upward pressure in spring and summer, the market will remain volatile due to global crude oil price fluctuations and potential geopolitical events."
2014-02-09,"The ""Energy:OT"" values are expected to maintain a generally stable-to-slightly-decreasing trajectory over the next 48 weeks, primarily driven by sustained high domestic crude oil and natural gas production. Moderate seasonal volatility is anticipated, with potential upward movements during peak demand periods, while global crude oil prices and the existing crude oil export ban remain key influencing factors."
2014-02-16,"Gasoline prices are expected to trend upwards over the next year, driven by the impending summer driving season and the significant risk of the US lifting its crude oil export ban, which could necessitate more expensive foreign oil. Despite record domestic production, volatility will persist, influenced by global crude oil markets and evolving US energy policy."
2014-02-23,"The forecast for the next 48 weeks indicates continued significant volatility in gasoline prices, with an expected increase into the summer driving season followed by potential declines in the fall, primarily driven by seasonal demand and the sustained high levels of U.S. crude oil production. A key risk factor is the potential lifting of the U.S. crude oil export ban, which could introduce upward pressure on domestic gasoline prices."
2014-03-02,"Over the next 48 weeks, gasoline prices are anticipated to follow a seasonal pattern, rising into the summer driving season before declining through fall and winter, largely influenced by strong domestic crude oil and natural gas production. A key risk for upward price volatility is the potential lifting of the US crude oil export ban, which could shift market dynamics."
2014-03-09,"Gasoline prices are forecast to initially rise through the summer driving season due to seasonal demand, then stabilize or gradually decline over the next year, supported by increasing US domestic crude oil production. Expect moderate volatility driven by global supply dynamics and the ongoing discussion around the US crude oil export ban."
2014-03-16,"The Energy:OT values, reflecting gasoline prices, are expected to continue their upward trend into the summer due to seasonal demand and fuel blend changes. A subsequent seasonal decline is anticipated in the fall and winter, with overall price levels and volatility influenced by robust domestic crude oil production and the significant risk of price increases if the US crude oil export ban is lifted."
2014-03-23,"Over the next 48 weeks, gasoline prices are expected to experience significant seasonal fluctuations, likely rising into the summer driving season before declining towards year-end, driven primarily by crude oil prices and demand. While record U.S. oil and natural gas production provides underlying downward pressure, the potential lifting of the crude oil export ban introduces a notable risk for increased volatility and upward price movements."
2014-03-30,"Gasoline prices are set to continue their upward trajectory through the upcoming summer driving season, driven by seasonal demand and crude oil market dynamics. Following a likely peak, prices will seasonally decline into the fall and winter, maintaining moderate volatility, with increasing U.S. domestic oil and natural gas production acting as a long-term stabilizing force, though potential policy changes like lifting the crude oil export ban could introduce significant short-term fluctuations."
2014-04-06,"Gasoline prices are expected to follow a typical seasonal pattern over the next 48 weeks, rising into the summer driving season before declining through fall and winter, driven primarily by crude oil prices and demand. While increasing U.S. domestic oil and natural gas production generally supports stable or lower prices, the potential lifting of the crude oil export ban presents a notable risk for increased volatility and upward price pressure."
2014-04-13,"The Energy:OT values are projected to exhibit continued seasonal volatility over the next 48 weeks, with an initial upward trend driven by current momentum and summer demand. However, record U.S. domestic oil and natural gas production is expected to temper significant long-term price increases, leading to a generally stable outlook with characteristic seasonal fluctuations."
2014-04-20,"Gasoline prices are poised for continued increases into the summer driving season, driven by strong seasonal demand and crude oil market dynamics, followed by a typical seasonal decline through the fall and winter. Expect significant volatility throughout the period, with increasing U.S. domestic oil and gas production potentially moderating extreme price spikes."
2014-04-27,"Prices for Energy:OT are expected to continue their strong upward trajectory into the summer driving season, driven by robust seasonal demand and crude oil costs. Following the summer peak, a seasonal decline is anticipated through the fall and winter, with persistent volatility influenced by global supply-demand dynamics and potential shifts in U.S. crude oil export policy."
2014-05-04,"Energy:OT prices will likely see short-term stability, followed by an upward trend into the summer driving season, driven by strong seasonal demand and crude oil prices. Significant volatility is anticipated, with a probable seasonal decline in late 2014, and risks stemming from the sufficiency of domestic production and potential changes to US crude oil export policies."
2014-05-11,"Energy:OT prices are expected to follow their strong seasonal pattern, rising through the summer driving season, declining into winter, and increasing again next spring. High U.S. crude oil production will likely temper extreme price increases, but global crude oil market dynamics and potential policy changes regarding U.S. oil exports will continue to drive significant weekly volatility."
2014-05-18,"Over the next 48 weeks, gasoline prices are expected to follow their typical seasonal pattern, rising through the summer, declining in the fall and winter, and increasing again into spring 2015. Prices will remain volatile, primarily driven by global crude oil markets and seasonal demand, though increasing domestic production may provide some moderating influence."
2014-05-25,"Gasoline prices are forecast to continue their upward trend through the summer driving season, before experiencing a seasonal decline in the fall and winter, and then rising again in early 2015. This pattern will be largely dictated by global crude oil price movements, sustained high U.S. production, and seasonal shifts in demand."
2014-06-01,"Gasoline prices are expected to experience continued upward pressure into the summer driving season, followed by a seasonal decline in late summer and fall. Volatility will remain high, primarily influenced by global crude oil prices and the balance of increasing US domestic production against seasonal demand shifts."
2014-06-08,"Gasoline prices are anticipated to follow their typical seasonal pattern, declining through the late summer and fall as driving demand wanes, then increasing again in late winter and spring 2015. Overall price movements will be primarily driven by crude oil costs and seasonal demand, with robust domestic production providing some stabilizing influence."
2014-06-15,"Gasoline prices are likely to remain elevated through the summer driving season, followed by a seasonal decline in the fall and winter, influenced by robust US crude oil production and demand shifts. Significant volatility is expected, primarily driven by global crude oil market dynamics and the potential for policy changes such as the lifting of the US crude oil export ban."
2014-06-22,"Gasoline prices are projected to continue their recent upward trajectory into the summer driving season, with significant volatility driven by crude oil price fluctuations and geopolitical events like the ongoing crisis in Iraq. While increased U.S. domestic production may provide some downward pressure, a seasonal dip is expected in the colder months before prices potentially rebound next spring."
2014-06-29,"Gasoline prices are anticipated to follow a typical seasonal pattern, declining through late 2014 and early 2015 before rising into the next summer driving season. While robust U.S. crude oil production provides a stabilizing influence, ongoing geopolitical instability, notably the Iraq crisis, poses a significant risk for upward price volatility."
2014-07-06,"Gasoline prices are expected to follow a seasonal pattern, declining through the fall and winter before rising again in the spring and early summer of 2015. Significant volatility is anticipated due to crude oil price fluctuations, particularly influenced by geopolitical instability in regions like Iraq, while increased U.S. production may offer some moderating effect."
2014-07-13,"The forecast for Energy:OT, representing gasoline prices, indicates an anticipated seasonal decline in the coming months, bolstered by record US domestic crude oil production. However, significant volatility is expected to persist due to fluctuations in global crude oil prices and ongoing geopolitical risks, particularly the crisis in Iraq."
2014-07-20,"Gasoline prices are projected to exhibit seasonal declines through fall and winter, followed by an increase into the 2015 summer driving season, primarily influenced by demand and robust U.S. crude oil production. However, significant volatility and upward price risks persist due to ongoing geopolitical instability in key oil-producing regions."
2014-07-27,"Gasoline prices are set to decline through the fall and winter, influenced by seasonal demand shifts and strong domestic crude oil production. A rebound is anticipated in early 2015 as the summer driving season approaches, with overall volatility remaining high due to global crude oil market dynamics and ongoing geopolitical risks like the Iraq crisis."
2014-08-03,"Gasoline prices are anticipated to continue their seasonal decline through the fall and early winter, supported by strong domestic crude oil production. However, the market remains susceptible to volatility from global crude oil price fluctuations, with geopolitical tensions, such as the unrest in Iraq, posing a notable upward risk."
2014-08-10,"Gasoline prices are expected to continue their recent decline through the fall and winter, primarily due to record US crude oil production and reduced seasonal demand. A seasonal rebound is anticipated in spring and summer 2015, though overall prices will remain sensitive to global crude oil market dynamics and potential policy shifts regarding US oil exports."
2014-08-17,"Gasoline prices are forecast to generally decline in the coming months due to robust domestic crude oil production and receding seasonal demand. However, expect moderate volatility with potential for price increases in late winter/early spring, and significant upward risk from ongoing geopolitical instability, particularly in Iraq."
2014-08-24,"Gasoline prices are anticipated to continue their recent decline into the fall, supported by robust domestic production and waning seasonal demand. However, ongoing geopolitical tensions and potential supply chain disruptions pose a significant risk for increased volatility and upward price movements, especially with the return of higher seasonal demand next spring."
2014-08-31,"Energy:OT prices are expected to continue their recent downward trend in the near term, primarily due to robust domestic crude oil production and high inventories. Over the next 48 weeks, expect seasonal upward movements during the spring and summer driving seasons, with overall volatility influenced by global crude oil prices and geopolitical risks."
2014-09-07,"Gasoline prices are expected to continue their current decline into the fall and winter, driven by strong domestic crude oil production and lower seasonal demand. A seasonal rebound is anticipated in the spring, with overall moderate volatility influenced by global crude oil prices and geopolitical events."
2014-09-14,"Energy:OT values are expected to follow typical seasonal patterns, declining through the fall and winter before a spring and summer rebound, supported by robust domestic energy production. However, ongoing geopolitical tensions in major producing regions present a significant risk for upward price volatility."
2014-09-21,"Gasoline prices are expected to continue their recent downward trend or stabilize over the next year, primarily driven by increasing U.S. domestic production and ample supply. However, global crude oil market volatility and geopolitical tensions pose a significant risk for potential price spikes."
2014-09-28,"Energy prices are expected to continue their recent downward trend into the fall and winter, driven by robust US domestic production and decreasing global crude oil prices. Over the next 48 weeks, seasonal demand shifts will likely cause prices to rise during spring and summer, followed by declines, while geopolitical instability and potential changes to crude oil export policy remain key risks for increased volatility."
2014-10-05,"Gasoline prices are expected to continue their seasonal decline into the winter, followed by a rebound in spring and summer 2015 driven by increased demand. While robust domestic crude oil production will likely temper significant price increases, geopolitical instability and potential changes to crude oil export policy pose risks for volatility."
2014-10-12,"Energy prices are currently on a significant downward trend, driven by increasing domestic crude oil production and decreasing global crude oil prices, a trend expected to continue. However, geopolitical tensions and supply chain disruptions remain notable risks that could introduce volatility."
2014-10-19,"Gasoline prices are forecast to generally decline over the next 48 weeks, primarily influenced by robust domestic crude oil production and a global surplus. Despite this downward pressure, expect seasonal price increases in the spring and continued volatility driven by global crude oil market dynamics and potential geopolitical disruptions."
2014-10-26,"Energy prices, particularly gasoline, are expected to continue their downward trend or stabilize at lower levels over the next 48 weeks, primarily driven by plunging crude oil prices and sustained high domestic production. While seasonal demand may introduce some minor volatility, significant upward pressure is unlikely given ample supply."
2014-11-02,"Energy:OT prices are projected to remain at lower levels over the next year, primarily due to robust domestic oil production and a global oversupply of crude oil. While seasonal demand will introduce upward volatility in spring and summer, the overall trend points to continued stability at these reduced levels, with geopolitical events posing the main risk for sharp, short-term price increases."
2014-11-09,"Energy prices are projected to continue their significant downward trend over the next 48 weeks, primarily driven by plunging crude oil prices and robust domestic production leading to a surplus in supply. While seasonal demand fluctuations and geopolitical tensions could introduce some short-term volatility, the overall trajectory remains firmly lower."
2014-11-16,"Energy:OT values are expected to continue their downward trend or stabilize at significantly lower levels over the next 48 weeks, primarily driven by plunging crude oil prices and persistent oversupply from record U.S. production. While seasonal demand may introduce minor fluctuations, geopolitical events pose a risk for sudden, albeit temporary, price volatility."
2014-11-23,"The strong downward trend in gasoline prices, driven by increased U.S. oil production and a global supply surplus, is expected to persist or stabilize at low levels over the next 48 weeks. While seasonal demand may introduce some upward pressure, significant volatility could arise from unforeseen geopolitical events."
2014-11-30,"Energy:OT prices are expected to remain at historically low levels, continuing the recent downward trend driven by increasing U.S. domestic oil production and a global supply surplus. While a seasonal increase is anticipated during the spring and early summer, overall values are likely to be constrained by these supply-side factors, with potential volatility from geopolitical developments."
2014-12-07,"Gasoline prices are projected to remain at low levels, potentially decreasing further in the immediate future, driven by a significant global supply surplus and plunging crude oil prices. A seasonal increase is likely during the upcoming spring and summer driving season, but sustained high domestic production will continue to exert downward pressure on prices over the next year."
2014-12-14,"Gasoline prices are expected to continue their recent steep decline or stabilize at significantly lower levels over the next 48 weeks, primarily driven by persistent global crude oil oversupply and robust domestic production. While seasonal demand and geopolitical factors may introduce some short-term volatility, the dominant trend points to sustained downward pressure."
2014-12-21,"The significant downward trend in prices, driven by a global crude oil surplus and record U.S. production, is expected to persist or stabilize at low levels over the next 48 weeks. While seasonal demand and geopolitical factors could introduce some volatility, the fundamental oversupply will likely maintain downward pressure."
2014-12-28,"The forecast for Energy:OT indicates a continued downward trend or stabilization at significantly lower levels for the next 48 weeks. This is primarily driven by the persistent global crude oil supply surplus and robust U.S. domestic production, which are maintaining downward pressure on prices despite potential seasonal demand fluctuations."
2015-01-04,"Energy:OT prices are expected to remain suppressed over the next 48 weeks, primarily driven by the ongoing global oil glut and sustained high U.S. crude oil production. While seasonal demand may introduce some upward volatility, a significant rebound is unlikely as fundamental oversupply continues to exert strong downward pressure."
2015-01-11,"Energy:OT values are projected to stabilize at current low levels over the next 48 weeks, primarily due to the persistent global oil supply surplus and record U.S. production. While minor seasonal fluctuations may occur, overall volatility is expected to remain subdued."
2015-01-18,"The Energy:OT value is forecast to remain at significantly low levels over the next 48 weeks, extending the recent sharp decline driven by the persistent global oil supply surplus and robust U.S. crude oil production. While some volatility from geopolitical events is possible, the dominant trend points towards continued downward pressure or stabilization at these reduced prices."
2015-01-25,"Energy:OT prices are expected to remain at historically low levels, driven by the ongoing global oil glut and record US production, with a risk of continued downward pressure and potential volatility around this low baseline."
2015-02-01,"Energy:OT prices are forecast to remain low and likely decline further over the next 48 weeks, driven by the ongoing global oil glut and record U.S. crude oil and natural gas production. While geopolitical events could introduce short-term volatility, the prevailing oversupply will exert sustained downward pressure."
2015-02-08,"Energy:OT values are expected to remain significantly suppressed over the next 48 weeks, primarily due to the persistent global crude oil supply surplus and high domestic production. While extreme downward momentum may ease, prices will likely stabilize at low levels with moderate volatility, as a substantial rebound is not anticipated."
2015-02-15,"Following a significant decline, gasoline prices are expected to stabilize at relatively low levels over the next year, primarily due to the persistent global oil supply surplus and high U.S. crude oil production. While seasonal demand will introduce some fluctuations, significant upward pressure is unlikely without a substantial shift in global supply dynamics or geopolitical events, which remain a source of potential volatility."
2015-02-22,"Energy:OT values are expected to largely stabilize at their current low levels over the next 48 weeks, primarily driven by the persistent global oil supply surplus and depressed crude oil prices. While seasonal demand increases may introduce some upward volatility, a significant, sustained price recovery is not anticipated."
2015-03-01,"Energy:OT prices are expected to remain at historically low levels over the next 48 weeks, primarily driven by the ongoing global oil supply surplus and robust U.S. production. While seasonal demand may introduce some upward volatility during the summer, a sustained return to previous highs is unlikely without a major shift in global crude oil dynamics."
2015-03-08,"Energy:OT prices are likely to experience some upward pressure in the short term, influenced by refining capacity and storage constraints. However, the persistent global oil glut and high U.S. production levels are expected to limit any significant, sustained recovery over the next 48 weeks, maintaining overall lower price levels."
2015-03-15,"The initial rebound from recent lows is likely to continue into the spring and summer months, driven by seasonal demand and refining adjustments. However, the persistent global crude oil surplus and high U.S. production will likely temper significant price increases, leading to potential stabilization or a renewed decline later in the forecast horizon, with continued volatility."
2015-03-22,"Gasoline prices are expected to remain relatively low over the next 48 weeks, following the significant decline driven by a global oil surplus. While short-term fluctuations, including seasonal increases and impacts from refining issues, will occur, the overall trend will be influenced by persistent oversupply and crude oil price dynamics."
2015-03-29,"The recent upward trend in Energy:OT values is anticipated to continue in the near term, primarily influenced by refining capacity issues and increasing seasonal demand. However, the persistent global crude oil surplus and high domestic production will likely cap significant long-term price escalation, suggesting moderate volatility ahead."
2015-04-05,"Following a significant decline, the series is expected to continue its current recovery trend, influenced by evolving global oil supply and demand dynamics and upcoming seasonal shifts. Increased volatility is anticipated due to ongoing geopolitical tensions, particularly in the Middle East, which pose notable upside risks."
2015-04-12,"Energy prices are projected to decline over the next 48 weeks, continuing the trend of lower gasoline prices driven by the persistent global oil supply surplus and high U.S. production. While minor fluctuations are possible from geopolitical events or refining adjustments, the overall direction points towards lower levels."
2015-04-19,"After a significant rebound from early 2015 lows, prices are expected to continue a moderate upward trend through the summer driving season, driven by seasonal demand and refining factors. However, persistent global crude oil oversupply and high US production will likely limit sustained increases, while geopolitical risks may introduce volatility."
2015-04-26,"The Energy:OT values are expected to remain relatively stable at current low levels, with slight upward pressure from seasonal demand and refining dynamics, but fundamentally constrained by the global oil surplus and high U.S. production. Geopolitical events introduce a notable risk of increased volatility."
2015-05-03,"Energy:OT prices are anticipated to continue their recent upward trajectory in the coming weeks, influenced by seasonal demand, but will likely face resistance from ongoing global crude oil oversupply and robust U.S. production, leading to moderate volatility throughout the forecast period with potential for sharp fluctuations due to geopolitical developments."
2015-05-10,"Gasoline prices are expected to continue their recent upward trajectory, driven by seasonal demand and refining dynamics, though persistent global crude oil oversupply will temper significant gains. Volatility remains a key risk, particularly from geopolitical developments impacting crude oil supply."
2015-05-17,"Following a recent rebound, Energy:OT values are expected to face renewed downward pressure or stabilize at current low levels over the next 48 weeks, primarily driven by persistent global crude oil oversupply and record U.S. production. While geopolitical events may introduce volatility, the fundamental market dynamics suggest sustained subdued prices."
2015-05-24,"Energy:OT prices are set to continue their recent upward trend, propelled by strong demand for refined products and constrained refining capacity, particularly through the upcoming summer season. Despite ongoing global crude oil oversupply, prices are unlikely to revert to the extreme lows seen in early 2015, with moderate volatility anticipated."
2015-05-31,"Values are forecast to continue their upward recovery from early 2015 lows, with potential for further increases during the summer driving season due to strong demand. However, persistent global crude oil oversupply and robust US production will likely limit significant long-term price surges, leading to moderate volatility and a general stabilization over the next 48 weeks."
2015-06-07,"Energy:OT values are expected to continue their recent upward trend in the near term, driven by strong summer demand and refining capacity constraints. Over the next 48 weeks, prices will likely experience continued volatility as the global crude oil oversupply balances against robust demand for refined products, leading to a stabilization or moderate fluctuations after the initial seasonal surge."
2015-06-14,"Energy prices are expected to continue their recent upward trajectory, supported by strong demand and refining constraints, but persistent global oversupply and high domestic production will likely temper substantial gains, leading to moderate volatility."
2015-06-21,"The Energy:OT values are expected to face renewed downward pressure over the next 48 weeks, struggling to maintain recent gains from historical lows. This trend is primarily driven by record U.S. crude oil production and a persistent global oil glut, with potential for significant volatility due to geopolitical developments."
2015-06-28,"Gasoline prices are expected to see a slight near-term decrease, then follow a seasonal pattern of decline through fall and winter, before a potential rebound in spring 2016. The dominant driver of persistent global oversupply and record U.S. crude oil production will likely keep prices suppressed at levels significantly below those of prior years, though moderate volatility from geopolitical factors and refining capacity is possible."
2015-07-05,"The ""Energy:OT"" values are expected to experience continued volatility over the next 48 weeks. After a recent rebound, prices will likely stabilize or see a moderate decline, primarily influenced by persistent high U.S. crude oil production and global oversupply, while geopolitical events and refining capacity issues pose risks for upward fluctuations."
2015-07-12,"The series has experienced a significant rebound from early 2015 lows, and over the next 48 weeks, prices are expected to fluctuate with moderate volatility. Global crude oil market dynamics and seasonal demand will be key drivers, while persistent high US crude oil production will likely temper any sustained sharp increases."
2015-07-19,"The recent upward trend in ""Energy:OT"" values will likely face significant headwinds over the next 48 weeks, leading to a stabilization or gradual decline. Persistent global crude oil oversupply, record U.S. production, and the potential influx of Iranian oil are key drivers, ensuring continued market volatility."
2015-07-26,"Energy:OT prices are anticipated to face downward pressure or stabilize at current levels over the next 48 weeks, primarily due to a persistent global crude oil supply glut and record U.S. production. Significant short-term volatility is expected, particularly influenced by the potential increase in oil exports following the Iran nuclear deal."
2015-08-02,"Energy:OT values are expected to face renewed downward pressure or stabilization over the next 48 weeks, primarily driven by a persistent global oil supply glut and the anticipated impact of the Iran nuclear deal. The market will likely remain volatile, influenced by ongoing supply-demand dynamics and seasonal shifts."
2015-08-09,"The Energy:OT value is likely to experience continued downward pressure or stabilize at lower levels over the next 48 weeks, driven by persistent global crude oil oversupply and robust US production. Significant volatility is anticipated due to geopolitical events and evolving energy policies."
2015-08-16,"Prices for Energy:OT are expected to continue their recent downward trend or remain low and volatile over the next 48 weeks. This is primarily driven by persistent global oversupply, including potential increased exports from Iran, and sustained high US crude oil production, despite some seasonal demand fluctuations."
2015-08-23,"Energy:OT values are projected to remain low or decline further over the next 48 weeks, primarily due to ongoing global crude oil oversupply and robust US production. While geopolitical events may introduce short-term volatility, the prevailing market conditions indicate sustained downward pressure on prices."
2015-08-30,"Gasoline prices are projected to remain low over the next 48 weeks, likely experiencing further downward pressure due to a persistent global crude oil oversupply and robust domestic production. While short-term volatility is possible, the dominant trend indicates sustained low prices."
2015-09-06,"Energy:OT values are projected to remain relatively low and stable over the next 48 weeks, primarily driven by a persistent global crude oil surplus and lowered price forecasts for 2016. While short-term volatility from seasonal demand and geopolitical developments is possible, a significant upward trend is not anticipated."
2015-09-13,"Energy:OT prices are expected to remain low over the next 48 weeks, primarily driven by the persistent global oil supply surplus and robust U.S. production. While some price volatility is possible, the overarching trend points to continued downward pressure or stability at current low levels."
2015-09-20,"Energy prices are expected to remain generally low over the next 48 weeks, primarily driven by a persistent global oil supply glut and robust U.S. crude oil production. While some volatility is anticipated due to geopolitical factors and seasonal demand shifts, the overarching trend points to sustained affordability."
2015-09-27,"The Energy:OT values are expected to remain low or decline further over the next 48 weeks, driven by a persistent global crude oil supply glut and increasing U.S. production. Volatility will likely continue due to ongoing supply-demand imbalances and potential geopolitical events, but the overall trend will be constrained by abundant supply."
2015-10-04,"The values for Energy:OT are expected to continue their recent decline or stabilize at low levels over the next 48 weeks, primarily driven by persistent global crude oil oversupply and robust domestic production. While short-term volatility from geopolitical developments may occur, the overarching market dynamics suggest sustained low prices."
2015-10-11,"Energy:OT values are expected to remain at or slightly below current low levels over the next 48 weeks, primarily driven by sustained global oil oversupply and high U.S. domestic production. Moderate volatility is anticipated, influenced by evolving supply-demand dynamics and potential geopolitical events."
2015-10-18,"Energy:OT prices are expected to remain low over the next 48 weeks, primarily driven by the persistent global oil supply surplus and high U.S. production. While seasonal demand and geopolitical events will introduce volatility, the overarching trend indicates sustained downward pressure."
2015-10-25,"Energy:OT prices are projected to remain low over the next 48 weeks, primarily due to the ongoing global oil supply surplus and high U.S. crude oil production. While seasonal demand and geopolitical developments will introduce some volatility, the market's fundamental oversupply will maintain downward pressure on prices."
2015-11-01,"Energy:OT values are expected to remain at generally low levels over the next 48 weeks, driven by the persistent global oil supply surplus and strong U.S. production. A seasonal increase is anticipated during the spring and summer, followed by a return to lower values in the fall, with occasional volatility stemming from geopolitical developments."
2015-11-08,"The declining trend in Energy:OT values is expected to continue over the next 48 weeks, primarily driven by the persistent global crude oil supply surplus and robust US production, leading to sustained low prices with potential for further decreases through the winter. While seasonal demand may introduce some volatility and upward pressure in spring/summer 2016, the overall trajectory remains influenced by oversupply."
2015-11-15,"Energy:OT prices are expected to remain low or continue a slight downward trend over the next 48 weeks. This is primarily driven by the ongoing global crude oil oversupply and robust US domestic production, though some volatility is anticipated."
2015-11-22,"Energy:OT values are projected to remain suppressed over the next 48 weeks due to the persistent global oil surplus and high U.S. production, experiencing seasonal fluctuations and moderate volatility driven by crude oil market dynamics."
2015-11-29,"Energy:OT values are forecast to remain in a low-price environment over the next 48 weeks, primarily driven by the persistent global oil supply surplus and high U.S. production, with prices likely to continue near or below current seven-year lows. While the overall trend points to depressed prices, expect some short-term volatility and potential seasonal increases during periods of higher demand."
2015-12-06,"The Energy:OT series, likely representing gasoline prices, is expected to continue its recent downward trend or stabilize at historically low levels over the next 48 weeks. This trajectory is primarily driven by a persistent global oversupply of crude oil and robust U.S. production. While geopolitical events may introduce short-term volatility, the prevailing market conditions suggest sustained low prices."
2015-12-13,"Gasoline prices are expected to remain generally low over the next 48 weeks, driven by global crude oil oversupply and increasing US production, though seasonal demand will likely introduce moderate upward fluctuations in spring and summer. Volatility will persist, primarily influenced by crude oil price movements and potential geopolitical events."
2015-12-20,"Gasoline prices will experience a seasonal rebound during the spring and summer of 2016. However, prices will remain largely subdued by persistent global crude oil oversupply and the long-term implications of the U.S. crude oil export ban, with continued significant volatility expected."
2015-12-27,"Energy:OT prices are expected to remain generally low over the next 48 weeks, primarily driven by persistent global crude oil oversupply and robust U.S. production. While short-term volatility from geopolitical factors or refining dynamics may occur, the overarching trend points towards stabilization at significantly reduced levels or further downward pressure."
2016-01-03,"The Energy:OT series is expected to remain at historically low levels over the next 48 weeks, primarily driven by the persistent global crude oil oversupply and continued high U.S. production. While seasonal demand may introduce some upward volatility, the overarching trend points to stable or further decreasing prices."
2016-01-10,"Energy:OT prices are expected to remain low and likely continue a downward trend over the next 48 weeks, primarily driven by the persistent global crude oil supply surplus and high U.S. production. While short-term volatility from geopolitical events or refinery disruptions is possible, the dominant market forces suggest sustained low prices."
2016-01-17,"The ""Energy:OT"" values are expected to remain at historically low levels, driven by a persistent global crude oil oversupply and robust domestic production. While seasonal demand may introduce some upward pressure, significant volatility is anticipated as the market adjusts to these supply dynamics and the recent lifting of the US crude oil export ban."
2016-01-24,"Energy:OT values are expected to remain low and likely continue their downward trajectory over the next 48 weeks, driven by the persistent global crude oil supply surplus, high U.S. production, and the recent lifting of the U.S. crude oil export ban, with significant upward volatility unlikely."
2016-01-31,"Gasoline prices are expected to remain low over the next 48 weeks, primarily driven by the ongoing global crude oil surplus and high U.S. production. While seasonal demand may cause some upward movement, significant increases are unlikely, and prices will continue to exhibit volatility in response to global supply and demand dynamics."
2016-02-07,"Energy:OT values are forecast to remain significantly suppressed over the next 48 weeks, driven by the persistent global crude oil oversupply and record U.S. production. While short-term fluctuations are probable, the overarching trend points towards stabilization at current low levels or further declines, with the recent lifting of the U.S. crude oil export ban reinforcing supply pressure."
2016-02-14,"Gasoline prices are expected to remain at historically low levels over the next 48 weeks, continuing the downward trend driven by the persistent global crude oil surplus and high U.S. production. While minor seasonal fluctuations are possible, significant upward volatility is unlikely without major supply disruptions or a substantial increase in global demand."
2016-02-21,"Energy:OT prices are expected to remain at historically low levels over the next 48 weeks, primarily driven by the persistent global crude oil oversupply and high US production. While short-term volatility and minor upward corrections are possible, a sustained significant increase is unlikely without a major shift in fundamental supply-demand dynamics."
2016-02-28,"Following a prolonged period of significant decline driven by global crude oil oversupply, prices are expected to stabilize around current low levels, with potential for moderate increases over the next year due to improving demand and economic conditions. Volatility will remain a factor, influenced by global oil production dynamics and geopolitical developments."
2016-03-06,"Following a period of significant decline to multi-year lows, Energy:OT values are anticipated to stabilize and exhibit a gradual upward trend over the next 48 weeks, primarily influenced by improving demand and evolving global crude oil supply dynamics. Expect continued volatility as the market adjusts from recent oversupply conditions."
2016-03-13,"The Energy:OT value is expected to stabilize and experience a modest upward trend over the next 48 weeks, driven by increasing demand and refinery capacity adjustments. While some volatility is possible, the persistent global crude oil oversupply will likely temper any sharp price increases."
2016-03-20,"Energy:OT prices are expected to continue their recent upward trend over the next 48 weeks, driven by decreasing oil production, tightening inventories, and increasing demand, though ongoing global crude oil market adjustments and geopolitical factors will likely introduce volatility."
2016-03-27,"Prices are expected to continue their recent upward trend into early summer, driven by seasonal demand and refinery activity, alongside signs of tightening crude oil supply. However, high volatility will persist, with global crude oil market dynamics and the underlying oversupply posing a risk for renewed downward pressure, particularly towards the end of the forecast horizon."
2016-04-03,"After a significant and prolonged decline driven by global crude oil oversupply, prices have recently begun to rebound, influenced by seasonal demand and production adjustments. This upward trend is likely to continue or stabilize at higher levels over the next year, though market volatility remains high due to ongoing global supply dynamics and geopolitical developments."
2016-04-10,"The Energy:OT series has experienced a significant overall decline over the past two years, with recent upward momentum in prices now facing renewed pressure from persistent global oversupply and high inventories. Expect prices to remain at relatively low levels in the coming year, exhibiting continued volatility driven by crude oil market dynamics and seasonal demand shifts."
2016-04-17,"The recent upward trend in gasoline prices is likely to persist in the near term, driven by seasonal demand and production adjustments. However, significant volatility is expected over the next 48 weeks, with global crude oil supply and inventory levels remaining critical determinants of price direction."
2016-04-24,"The Energy:OT values are expected to continue their recent upward trend into the summer, driven by seasonal demand and refining dynamics. However, significant volatility will persist throughout the year, influenced by the ongoing global crude oil supply-demand balance and geopolitical factors, preventing a sustained return to much higher historical levels."
2016-05-01,"Gasoline prices are expected to continue their recent upward trend into the summer, driven by seasonal demand and production adjustments, before likely experiencing a seasonal decline in late 2016. High volatility will persist throughout the period, primarily influenced by the global crude oil supply-demand balance and ongoing US production levels."
2016-05-08,"The Energy:OT series is expected to stabilize or modestly decline in the near term due to persistent global oversupply, despite recent upward movements. Over the next year, the series will likely exhibit significant volatility, with any sustained upward trends capped by continued supply-demand imbalances and geopolitical factors."
2016-05-15,"Prices are expected to continue their recent upward trajectory over the next 48 weeks, recovering further from previous lows, primarily influenced by global crude oil supply-demand rebalancing and seasonal demand shifts. However, the market will likely remain volatile, with potential for sharp fluctuations driven by production changes and geopolitical developments."
2016-05-22,"Energy:OT prices are expected to continue their recent upward trajectory over the next 48 weeks, primarily driven by seasonal demand and a rebalancing of global crude oil markets. However, persistent high inventories and global supply dynamics will likely introduce significant volatility and could temper the pace of recovery."
2016-05-29,"The current upward trend in Energy:OT is expected to continue over the next 48 weeks, driven by decreasing inventories, production adjustments, and rising demand, though significant volatility will persist due to global crude oil market dynamics."
2016-06-05,"The recent upward trend in energy prices, driven by seasonal demand and refinery activity, is expected to continue through the summer months. Prices will likely experience some moderation or decline in the fall and winter due to typical seasonal patterns, with overall volatility persisting due to global crude oil supply-demand dynamics and geopolitical factors."
2016-06-12,"Energy prices are expected to continue their recent upward trend in the near term, driven by seasonal demand and supply disruptions. Over the next 48 weeks, prices will likely stabilize or experience moderate fluctuations, influenced by ongoing global crude oil supply dynamics and potential geopolitical events, maintaining a generally volatile environment."
2016-06-19,"The current upward trend in gasoline prices, driven by seasonal demand and recent crude oil increases, is expected to continue but will likely face significant resistance from persistent global oversupply and increasing US production. This dynamic will lead to heightened volatility, with prices potentially plateauing or experiencing a moderate decline over the next year."
2016-06-26,"Gasoline prices are expected to trend gradually upward over the next 48 weeks, continuing their recovery from recent lows, driven by evolving global crude oil supply-demand dynamics and seasonal shifts. Volatility will remain a key characteristic, influenced by ongoing crude oil surplus and potential geopolitical events."
2016-07-03,"The ""Energy:OT"" value is expected to experience moderate volatility over the next 48 weeks, likely seeing some seasonal dips in late 2016/early 2017 followed by a recovery into mid-2017. Persistent global crude oil oversupply and high US production will continue to be key drivers, maintaining overall pressure on prices, while increasing demand and potential supply disruptions could lead to upward movements."
2016-07-10,"The current downward trend in gasoline prices will likely extend into the fall and winter due to persistent global crude oil oversupply and seasonal demand shifts. While a modest seasonal rebound is probable in spring/summer 2017, significant volatility will persist, with overall price levels largely dictated by the global oil supply-demand balance."
2016-07-17,"Gasoline prices are anticipated to remain volatile over the next 48 weeks, likely continuing the recent trend of lower annual peaks and troughs, primarily due to the ongoing global crude oil supply surplus and robust U.S. production. While seasonal demand will introduce fluctuations, a sustained significant upward trend is not expected."
2016-07-24,"Energy:OT prices will likely experience continued downward pressure or stabilize at current levels over the next 48 weeks, primarily influenced by persistent global crude oil oversupply and high US inventories. While seasonal demand will introduce some volatility, the overarching trend points to sustained low prices."
2016-07-31,"Energy:OT prices are expected to continue their recent downward trend over the next 48 weeks, primarily driven by persistent crude oil oversupply and high U.S. production and inventories, though short-term volatility will likely persist."
2016-08-07,"Gasoline prices are expected to continue their recent downward trend in the short term, driven by persistent global crude oil oversupply and high US production. While seasonal demand may lead to some upward volatility in early 2017, prices are likely to remain at comparatively lower levels over the next year."
2016-08-14,"Energy:OT prices are forecast to remain at low levels or experience a continued gradual decline over the next 48 weeks, predominantly driven by persistent global crude oil oversupply and high U.S. production. While minor seasonal price increases may occur, the overall market is expected to maintain its current trajectory of reduced values."
2016-08-21,"Energy:OT prices are expected to remain largely stable at subdued levels over the next year, primarily driven by the persistent global crude oil surplus and high U.S. production. Moderate volatility is anticipated, with any seasonal price increases likely limited by these underlying supply dynamics."
2016-08-28,"The Energy:OT market is expected to see continued low prices over the next 48 weeks, primarily due to the persistent global crude oil oversupply and high U.S. production. While short-term volatility and minor seasonal fluctuations are likely, driven by demand shifts and potential geopolitical events, a substantial sustained price increase is not anticipated."
2016-09-04,"Gasoline prices are expected to continue in a generally low range over the next 48 weeks, primarily influenced by ongoing crude oil oversupply, high global inventories, and sustained U.S. production. Expect moderate volatility driven by seasonal demand and potential short-term supply disruptions."
2016-09-11,"Energy:OT is expected to experience a continued decline through the upcoming winter months, driven by persistent global oil supply surpluses and historical seasonal patterns. A seasonal rebound is anticipated in spring and summer 2017, though the overall trajectory remains highly influenced by crude oil market dynamics and US production levels, with moderate volatility."
2016-09-18,"Gasoline prices are projected to experience seasonal declines through the upcoming winter months, driven by a persistent global crude oil surplus and the shift to winter-blend gasoline. Subsequently, prices are expected to rise into the spring and summer, maintaining overall volatility."
2016-09-25,"Energy:OT prices are expected to remain largely range-bound over the next 48 weeks, with a tendency for slight declines driven by persistent global crude oil oversupply and high US production. Seasonal demand will introduce upward volatility in spring/summer, but overall prices will be constrained by inventory levels and crude oil price fluctuations."
2016-10-02,"The Energy:OT value is forecast to experience initial stability or a slight decline through the winter months, followed by a gradual increase into spring and summer 2017. This trajectory will be primarily shaped by global crude oil supply and demand dynamics, with moderate volatility expected as seasonal patterns and inventory levels fluctuate."
2016-10-09,"Energy:OT values are expected to show moderate volatility over the next year, likely experiencing seasonal fluctuations with potential dips in colder months before a gradual rise into mid-2017. The trajectory will largely be shaped by the global crude oil supply-demand dynamics and domestic production, with geopolitical events remaining a key risk factor."
2016-10-16,"Energy:OT prices are expected to continue their volatile trajectory over the next 48 weeks, following seasonal patterns with potential winter dips and summer increases, largely influenced by global crude oil supply, demand, and inventory levels. Significant volatility and risks from geopolitical events will persist."
2016-10-23,"Energy:OT values are expected to see a moderate increase through the upcoming winter, followed by typical seasonal fluctuations over the next 48 weeks. While global crude oil oversupply continues to exert downward pressure, increasing demand and refinery activity will likely maintain prices within a range above the early 2016 lows, with continued moderate volatility."
2016-10-30,"The values are expected to follow their established seasonal pattern, likely declining through the upcoming winter before a moderate rebound in spring and summer 2017. Persistent global oversupply and high U.S. crude oil production will likely constrain significant upward price movements, maintaining moderate volatility."
2016-11-06,"Energy:OT values are expected to remain highly volatile over the next 48 weeks, likely experiencing a seasonal decline through the winter months before rebounding in spring/summer 2017, driven by seasonal demand and refinery activity. The overarching global crude oil surplus and US production levels will continue to be primary drivers, maintaining overall downward pressure but allowing for significant price swings."
2016-11-13,"Energy prices are likely to exhibit a mild upward trend over the next 48 weeks, characterized by significant seasonal increases during spring and summer, and subsequent declines in fall and winter. Volatility will remain high, primarily influenced by the global crude oil supply-demand balance, US production, and refinery operations."
2016-11-20,"Energy:OT values are projected to continue their seasonal decline through the winter, followed by an increase during the spring and summer driving seasons. Persistent volatility is expected, primarily influenced by global crude oil supply and demand imbalances, US production levels, and refinery operations."
2016-11-27,"Energy:OT prices are forecast to remain relatively low over the next 48 weeks, driven by persistent global crude oil oversupply and high inventories, though seasonal demand and geopolitical developments will likely introduce periods of volatility."
2016-12-04,"Energy:OT prices are anticipated to follow their established seasonal pattern, likely experiencing a decline through the winter months before a significant rebound in spring and early summer 2017. This trajectory will be heavily influenced by ongoing volatility in global crude oil markets and domestic supply-demand balances."
2016-12-11,"Energy:OT values are expected to remain volatile, primarily influenced by global crude oil prices, US production, and inventory levels. Following the recent recovery from 2016 lows, prices will likely maintain a higher baseline, with potential for demand-driven increases during colder months and a subsequent rise during the summer peak demand season."
2016-12-18,"The series is expected to follow its established seasonal pattern, with values likely declining through the winter, then rising considerably during the spring and summer driving season, before a subsequent decrease. High volatility will persist, primarily driven by global crude oil market dynamics, inventory levels, and refinery operations."
2016-12-25,"Energy:OT values are projected to experience an initial upward trend into the spring and summer months, driven by rising crude oil prices and tightening supply. This will likely be followed by a seasonal decline in the latter half of the forecast period, with overall volatility remaining high due to global market dynamics."
2017-01-01,"The ""Energy:OT"" values are expected to remain highly volatile over the next 48 weeks, likely fluctuating around current levels with no clear sustained trend. Global crude oil price movements, influenced by supply-demand dynamics and geopolitical factors, will be the primary drivers of these sharp price swings."
2017-01-08,"The Energy:OT series is expected to continue its upward trajectory over the next 48 weeks, driven by increasing crude oil prices and demand. However, significant volatility is anticipated due to the persistent global crude surplus and mixed market outlooks."
2017-01-15,"Energy:OT is expected to experience a continued upward trend over the next 48 weeks, driven by rising gasoline prices and evolving crude oil market dynamics. However, significant volatility is anticipated due to ongoing global supply-demand imbalances and potential geopolitical shifts."
2017-01-22,"Energy:OT prices are likely to continue their upward trajectory into the spring and summer, influenced by seasonal demand and crude oil market conditions. Expect significant volatility throughout the year, with a probable seasonal decline in late summer/fall before stabilizing or slightly rising again, driven primarily by global supply-demand balances and inventory levels."
2017-01-29,"Energy prices are expected to generally recover from recent lows and experience an upward trend through the spring and summer, driven by seasonal demand and anticipated higher crude oil prices. However, significant volatility will persist throughout the forecast period, influenced by global supply-demand dynamics and geopolitical developments."
2017-02-05,"Energy:OT prices are expected to exhibit significant volatility over the next 48 weeks. Following potential near-term declines due to increasing crude oil inventories, prices are likely to rise with seasonal demand through spring and summer, before experiencing typical late-year fluctuations, all primarily driven by global crude oil supply and demand."
2017-02-12,"Energy:OT values are expected to largely stabilize around current levels over the next year, with slight upward pressure from global production cuts potentially offset by increasing U.S. crude oil inventories. Significant volatility will persist, primarily driven by crude oil supply-demand dynamics."
2017-02-19,Energy:OT values are anticipated to remain broadly stable with continued volatility over the next 48 weeks. Upward pressure from global production cuts and seasonal demand will likely be offset by increasing US crude oil inventories and robust domestic production.
2017-02-26,"Energy:OT prices are anticipated to see continued upward movement into the warmer months, influenced by seasonal demand and global production adjustments. However, persistent increases in U.S. oil production and inventories are expected to introduce significant volatility, potentially capping gains or leading to price stabilization later in the year."
2017-03-05,"Energy:OT prices are expected to increase through the spring and summer, driven by seasonal demand, before likely declining into the fall. Significant volatility will persist throughout the period, primarily influenced by the ongoing interplay between global crude oil supply adjustments and rising U.S. production."
2017-03-12,"""Energy:OT"" values are expected to continue their recent upward trend into the summer months, driven by seasonal demand and crude oil price dynamics. Over the full 48-week horizon, expect significant volatility as prices likely experience a seasonal decline in late 2017 before potentially rising again in early 2018, influenced by global crude oil supply and demand balances."
2017-03-19,"The Energy:OT values are expected to remain relatively stable in the near term, with upward pressure from seasonal demand potentially offset by increasing US crude oil production and inventories. Over the next 48 weeks, moderate volatility is anticipated, driven by the ongoing balance between global supply management and domestic output."
2017-03-26,"Energy:OT values are expected to exhibit continued moderate volatility over the next 48 weeks, likely oscillating around current levels. This outlook is primarily driven by the dynamic interplay between ongoing OPEC production cuts and increasing U.S. crude oil output, alongside typical seasonal demand shifts."
2017-04-02,"Energy:OT values are expected to remain relatively stable over the next 48 weeks, oscillating around current levels. Significant volatility will persist, primarily driven by the dynamic interplay of global crude oil supply and demand, including OPEC actions and rising U.S. production."
2017-04-09,"The Energy:OT values are expected to remain relatively stable over the next 48 weeks, with potential for slight upward movement driven by seasonal demand. However, moderate volatility will persist due to the ongoing tug-of-war between OPEC production cuts and increasing U.S. crude oil output."
2017-04-16,"Energy prices are expected to remain elevated over the next year, supported by ongoing production cuts, though increasing U.S. output will likely temper substantial gains. Expect continued volatility with typical seasonal patterns, including potential softening in late summer."
2017-04-23,"The ""Energy:OT"" values are expected to continue their current upward trend over the next 48 weeks, primarily driven by global crude oil production adjustments and seasonal demand. Despite this general direction, significant volatility is anticipated due to the ongoing interplay between OPEC supply management and increasing U.S. shale output."
2017-04-30,"Energy:OT is expected to continue its recent upward trend in the coming months, driven by rising crude oil prices and strong demand. However, increasing U.S. crude oil production and global supply dynamics will likely introduce significant volatility, potentially leading to a stabilization or moderate decline towards the latter half of the forecast period."
2017-05-07,"The ""Energy:OT"" values are likely to experience continued downward pressure or remain range-bound over the next 48 weeks, primarily due to record U.S. crude oil production and persistent global oversupply. Market volatility will continue as global production dynamics and seasonal demand shifts influence prices."
2017-05-14,"Energy:OT prices are anticipated to remain volatile over the next 48 weeks, with a general trend towards stabilization or moderate downward pressure, primarily driven by record U.S. crude oil production. While seasonal demand may introduce some upward fluctuations, the overall supply dynamics are likely to cap significant price increases."
2017-05-21,"Energy:OT prices are anticipated to exhibit continued volatility over the next 48 weeks, with a general tendency to stabilize or experience moderate downward pressure driven by record US crude oil production. However, seasonal demand increases and global supply management efforts will likely introduce periods of upward price movement."
2017-05-28,"The ""Energy:OT"" values are expected to largely stabilize over the next 48 weeks, potentially experiencing slight downward pressure from record US crude oil output. Moderate volatility will persist, primarily driven by global crude oil supply-demand dynamics and seasonal consumption patterns."
2017-06-04,"Energy:OT prices are anticipated to exhibit significant volatility over the next 48 weeks, likely following a seasonal pattern of summer increases followed by winter declines. However, record U.S. crude oil production will exert persistent downward pressure, tempering upward movements and posing a risk for overall price stability."
2017-06-11,"The ""Energy:OT"" values are anticipated to remain volatile over the next 48 weeks, influenced by robust US crude oil production potentially exerting downward pressure. However, ongoing global supply-demand dynamics, seasonal shifts, and refining activities will introduce significant fluctuations, preventing a sustained decline."
2017-06-18,"Energy:OT prices are expected to remain relatively stable or experience moderate downward pressure over the next 48 weeks, primarily driven by robust U.S. crude oil production and global supply dynamics. Volatility will persist due to seasonal demand shifts and the new government policy of quarterly price adjustments."
2017-06-25,"Energy:OT prices are anticipated to experience sustained volatility over the next 48 weeks, with a tendency towards gradual decline from current levels. This outlook is largely driven by record U.S. crude oil production and ample global supply, while seasonal demand shifts and broader market uncertainties will continue to influence price movements."
2017-07-02,"Energy:OT prices are likely to experience continued downward pressure or remain stable at current levels over the next 48 weeks, primarily driven by persistent global crude oil surplus and increasing US production. The market will remain highly volatile, influenced by evolving supply-demand dynamics and seasonal shifts."
2017-07-09,"Energy:OT prices are anticipated to trend downwards or remain suppressed over the next 48 weeks, primarily driven by robust U.S. crude oil production and a persistent global supply surplus. Expect continued volatility, with any significant shifts in global supply or demand posing a notable risk to this outlook."
2017-07-16,"Energy:OT prices are expected to continue their current decline through the late summer and fall, driven by ample crude oil supply and softening demand. A seasonal rebound is anticipated in spring/early summer 2018, though overall market volatility will persist due to the dynamic global supply-demand balance."
2017-07-23,"Energy:OT values are expected to exhibit continued significant volatility over the next 48 weeks, likely fluctuating around current levels with a potential for a slight upward bias, driven by the interplay of global crude oil supply and demand dynamics, particularly increasing U.S. production and the risk of oversupply."
2017-07-30,"Energy:OT prices are expected to remain stable with a slight downward bias over the next 48 weeks, primarily influenced by persistent global crude oil oversupply and strong U.S. production. While overall market volatility will continue, significant price increases are unlikely given current market fundamentals."
2017-08-06,"Energy:OT prices are forecast to remain highly volatile over the next 48 weeks, primarily influenced by the ongoing global crude oil surplus and high U.S. production. While seasonal demand may drive some fluctuations, a significant upward trend is unlikely, with prices generally remaining within the current range or facing downward pressure."
2017-08-13,"Energy:OT is forecast to continue its current upward trajectory into the fall and winter, aligning with strong seasonal patterns, primarily driven by global crude oil market dynamics and US production levels. While moderate volatility is expected, prices will likely remain elevated throughout the next 48 weeks, with inherent risks from crude oil price fluctuations."
2017-08-20,"Energy:OT prices are expected to continue their general upward trend over the next 48 weeks, albeit with moderate volatility and typical seasonal fluctuations, including potential dips in colder months. This trajectory is primarily driven by underlying demand and crude oil market dynamics, despite recent high production levels."
2017-08-27,"Energy:OT prices will likely experience an immediate upward pressure due to Hurricane Harvey's disruptions, followed by a seasonal decline into the winter months. Over the next year, prices are expected to fluctuate with seasonal demand, global crude oil dynamics, and sustained high U.S. production, maintaining a volatile but generally stable to slightly increasing trajectory."
2017-09-03,"Energy:OT values are expected to initially increase due to Hurricane Harvey's lingering impact on refinery supply, followed by a period of fluctuating prices. Overall, the forecast period will likely see moderate volatility driven by seasonal demand, global crude oil production levels, and ongoing high U.S. output."
2017-09-10,"The recent significant spike in Energy:OT values, driven by Hurricane Harvey's impact on U.S. refining capacity, suggests continued elevated prices and high volatility in the near term. Over the next 48 weeks, values are expected to gradually normalize as refining infrastructure recovers, but will remain sensitive to global crude oil market dynamics and seasonal demand patterns."
2017-09-17,"Following a sharp increase driven by Hurricane Harvey's impact on refining capacity, prices are expected to remain elevated in the near term. Over the next 48 weeks, while some moderation may occur as supply normalizes, sustained higher levels are anticipated, with continued volatility influenced by global crude oil prices and the pace of refinery recovery."
2017-09-24,"Energy:OT values are expected to stabilize and potentially ease from their recent highs as U.S. refining capacity recovers from Hurricane Harvey. However, prices will likely remain elevated compared to earlier 2017 levels, with ongoing moderate volatility influenced by global crude oil dynamics and seasonal demand."
2017-10-01,"Gasoline prices are expected to gradually normalize from the recent Hurricane Harvey-induced spike, likely declining into the winter months due to seasonal demand shifts. Following this, prices will likely resume a general upward trend through spring and summer 2018, with overall volatility driven by global crude oil markets and the ongoing recovery of refining capacity."
2017-10-08,"Energy:OT values are expected to gradually decline from their current elevated levels as refining capacity recovers from Hurricane Harvey's impact. However, the market will remain volatile, with seasonal demand likely driving upward price movements in the spring and summer, influenced by global crude oil supply."
2017-10-15,"Gasoline prices are expected to moderate from their current elevated levels as U.S. refining capacity recovers from recent hurricane disruptions. Over the next year, prices will likely stabilize, exhibiting continued volatility driven by global crude oil supply-demand dynamics and seasonal demand patterns."
2017-10-22,"Following the dissipation of the Hurricane Harvey-induced price spike, Energy:OT values are expected to fluctuate with an underlying upward trend over the next 48 weeks, driven by global crude oil market dynamics and increasing U.S. production levels. Continued volatility is anticipated as supply and demand factors balance out."
2017-10-29,"Energy:OT prices are expected to gradually decline from their recent hurricane-induced highs over the next 48 weeks, driven by record U.S. crude oil production, but the market will remain volatile and susceptible to sudden upward spikes from unforeseen supply disruptions."
2017-11-05,"Energy prices will generally recede from their recent post-Harvey peak, driven by robust U.S. production and recovering refinery output. However, expect seasonal demand to introduce upward volatility during the spring and summer months."
2017-11-12,"Energy:OT prices are expected to maintain an elevated level, likely trending upwards over the next year, driven by strong demand and ongoing crude oil supply constraints. Seasonal patterns will introduce fluctuations, with potential for increased volatility and sharp price spikes, particularly during periods prone to supply disruptions like hurricane season."
2017-11-19,"Energy:OT prices are expected to maintain an elevated level with a likely upward trend over the next 48 weeks, primarily driven by strong global crude oil demand and persistent supply constraints. Seasonal price increases are anticipated, and the market remains vulnerable to significant volatility from potential supply disruptions."
2017-11-26,"Gasoline prices are expected to trend upwards over the next 48 weeks, characterized by moderate volatility. While a slight decrease is anticipated in the immediate future, prices will generally increase into the 2018 spring and summer driving season, primarily driven by global crude oil prices and seasonal demand. Refinery operations and potential supply disruptions pose notable risks for price spikes."
2017-12-03,"Energy:OT values are expected to remain elevated and show a gradual upward trend over the next 48 weeks, building on the higher baseline established after recent supply disruptions. Prices will likely experience moderate volatility driven by global crude oil prices, seasonal demand, and refinery operations, with potential for further spikes from geopolitical events or severe weather."
2017-12-10,"Energy:OT prices are forecast to fluctuate significantly over the next 48 weeks, with an overall upward trajectory driven by strong global demand and crude oil market dynamics. Volatility will remain high, with risks of sharp price increases from supply disruptions due to weather events or geopolitical tensions."
2017-12-17,"Energy:OT prices are forecast to generally trend upwards over the next 48 weeks, sustained by strong demand and global supply conditions. Expect moderate volatility with seasonal peaks and a continued risk of sharp price increases from supply disruptions or extreme weather events."
2017-12-24,"Following a recent decline from the Hurricane Harvey-induced peak, prices for Energy:OT are expected to stabilize or face slight downward pressure in the near term, driven by record U.S. crude oil production. However, the market remains prone to volatility from global demand fluctuations and potential supply disruptions, which could lead to upward price movements."
2017-12-31,"Energy:OT values are anticipated to stabilize or gradually decline over the next 48 weeks, primarily influenced by record US crude oil production. However, expect continued volatility driven by global supply-demand shifts and potential geopolitical disruptions, with seasonal demand patterns also playing a role."
2018-01-07,"The ""Energy:OT"" values are expected to continue their upward trajectory over the next 48 weeks, driven by sustained high crude oil prices and seasonal demand increases. The market will likely exhibit moderate volatility, with potential for sharp price fluctuations stemming from supply disruptions or geopolitical developments."
2018-01-14,"Energy:OT prices are expected to remain elevated over the next year, with potential for stabilization or slight declines in the latter half. This outlook is primarily driven by the balance of increasing global production and flat crude oil prices against seasonal demand, alongside notable risks of volatility from supply disruptions."
2018-01-21,"Energy:OT values are forecast to maintain an upward trajectory over the next 48 weeks, primarily driven by elevated crude oil prices and seasonal demand. The market will likely exhibit continued volatility, with risks of sharp increases stemming from potential supply disruptions or unforeseen geopolitical events."
2018-01-28,"Energy:OT values are expected to continue their recent upward trend into the spring and summer, driven by rising crude oil prices, refining costs, and seasonal demand. Despite record US crude oil production, the market will likely remain volatile, with potential for significant fluctuations influenced by supply-demand dynamics and external disruptions."
2018-02-04,"The ""Energy:OT"" value is expected to continue its recent upward trend over the next 48 weeks, primarily driven by rising crude oil prices and refining costs. Significant volatility is anticipated, influenced by global supply-demand dynamics, potential geopolitical events, and the ongoing record-high US crude oil production."
2018-02-11,"The ""Energy:OT"" series is expected to continue its general upward trend over the next 48 weeks, primarily driven by sustained higher crude oil prices and robust demand. While moderate seasonal volatility is anticipated, unforeseen supply disruptions or geopolitical events pose a risk for sharp, temporary price spikes."
2018-02-18,"Gasoline prices are projected to trend upwards over the next 48 weeks, primarily driven by rising crude oil costs and seasonal increases in consumer demand. Significant volatility is anticipated, influenced by global supply dynamics, US production levels, and potential weather-related disruptions."
2018-02-25,"Energy:OT prices are expected to continue their general upward trend over the next 48 weeks, driven by global crude oil prices and ongoing supply-demand dynamics. Volatility will remain a key feature, with potential for sharp movements influenced by geopolitical events, weather disruptions, and refinery activity."
2018-03-04,"Energy:OT values are expected to continue to trend upward over the next 48 weeks, driven by firming crude oil prices influenced by OPEC/Russian production cuts and tighter US inventories. Expect seasonal variations and heightened volatility, particularly from potential supply disruptions or geopolitical events."
2018-03-11,"Energy:OT prices are expected to continue their general upward trend over the next 48 weeks, driven primarily by anticipated higher crude oil prices and seasonal demand increases. Expect continued market volatility, with potential for sharp fluctuations influenced by inventory levels, US production dynamics, and the ongoing risk of supply disruptions from weather events or geopolitical factors."
2018-03-18,"Energy:OT is forecast to experience a general upward trend over the next 48 weeks, primarily driven by anticipated strong summer demand and ongoing crude oil market tightness from OPEC cuts, despite potential counter-pressure from increasing US production. Expect continued volatility, with seasonal fluctuations and potential for sharp price movements from supply-side disruptions."
2018-03-25,"The forecast for Energy:OT indicates a likely continued upward trend in prices, primarily driven by sustained higher crude oil prices and ongoing OPEC/Russian production cuts. Volatility is expected to persist, with potential for significant price fluctuations influenced by seasonal demand shifts and unforeseen supply disruptions."
2018-04-01,"The ""Energy:OT"" values are forecast to experience a moderate upward trend over the next 48 weeks, driven by strong seasonal demand and the interplay between OPEC production cuts and robust US crude oil output. Expect continued volatility, with typical seasonal fluctuations and the risk of price spikes from potential supply disruptions."
2018-04-08,"Energy:OT values are expected to continue their upward trajectory over the next 48 weeks, driven by rising crude oil prices, strong seasonal demand, and ongoing supply management, leading to generally elevated prices with potential for volatility."
2018-04-15,"The Energy:OT series is expected to continue its upward trajectory over the next 48 weeks, primarily driven by sustained high crude oil prices, global supply constraints, and anticipated increases in seasonal demand. Moderate to high volatility is likely to persist, influenced by crude market dynamics and potential supply disruptions."
2018-04-22,"Energy:OT values are projected to continue their recent upward trend, fueled by rising crude oil prices and increasing seasonal demand. Expect ongoing volatility with potential for seasonal adjustments later in the year, remaining highly susceptible to global supply disruptions and market shifts."
2018-04-29,"Energy:OT prices are expected to continue their strong upward trend in the coming months, driven by rising crude oil prices and robust seasonal demand from the summer driving season. While volatility is anticipated, prices will likely remain elevated throughout the forecast period, with potential for some moderation in the latter half of the year as seasonal demand wanes."
2018-05-06,"The Energy:OT values are projected to continue their strong upward trend over the next 48 weeks, primarily fueled by the summer driving season's increased demand, sustained high crude oil prices, and ongoing supply management efforts by major producers. Expect moderate volatility, with potential for significant price fluctuations stemming from supply disruptions or geopolitical developments."
2018-05-13,"Energy:OT prices are expected to continue their upward trend over the next 48 weeks, driven by rising crude oil prices, ongoing OPEC production cuts, and strong seasonal demand during the summer driving season. The market remains susceptible to volatility from supply disruptions and geopolitical events."
2018-05-20,"Energy:OT prices will likely maintain their strong upward trajectory over the next 48 weeks, propelled by sustained increases in crude oil prices and robust seasonal demand. Expect continued volatility, with potential for significant price fluctuations stemming from global supply conditions and geopolitical developments."
2018-05-27,"The ""Energy:OT"" values are expected to continue their strong upward trend into the forecast horizon, driven by rising crude oil prices, robust consumer demand, and decreasing inventories. While some volatility is anticipated, the overall direction points towards sustained elevated prices, potentially reaching new highs, influenced by global supply-demand dynamics and seasonal factors."
2018-06-03,"Energy:OT values are expected to maintain their strong upward trend over the next 48 weeks, driven by sustained high crude oil prices and robust demand, especially during peak driving seasons. While minor seasonal fluctuations are likely, the overall trajectory points to elevated levels, with potential for sharp volatility from unexpected supply disruptions."
2018-06-10,"The ""Energy:OT"" values are expected to continue their strong upward trend over the next 48 weeks, primarily driven by sustained increases in crude oil prices, robust demand, and tightening inventories. While seasonal patterns and potential external shocks may introduce some volatility, the overall direction points towards continued elevated prices."
2018-06-17,"Prices for this energy commodity are expected to remain elevated over the next 48 weeks, primarily driven by strong crude oil prices, global supply management, and seasonal demand. While short-term fluctuations are probable, significant volatility remains a risk from geopolitical developments or supply chain disruptions."
2018-06-24,"The Energy:OT series is projected to maintain its overall upward trajectory over the next 48 weeks, primarily driven by sustained high crude oil prices and robust demand. Expect continued volatility and potential for significant price fluctuations, although record US production may temper some increases."
2018-07-01,"Energy:OT prices are expected to remain elevated, continuing the upward trend observed over the past two years, driven by strong demand and tight supply. Expect seasonal fluctuations with potential dips in late 2018 and rebounds in early 2019, with overall volatility influenced by global crude oil dynamics and potential supply disruptions."
2018-07-08,"Energy:OT values are expected to continue their upward trend over the next 48 weeks, primarily driven by sustained high crude oil prices and robust seasonal demand. Expect moderate to high volatility, with notable risks from geopolitical developments and potential supply disruptions."
2018-07-15,"Energy:OT prices are expected to continue their upward trend over the next year, driven by strong demand and rising crude oil prices, despite record US production. Significant volatility is anticipated, with potential for sharp increases due to seasonal demand peaks or unforeseen supply disruptions."
2018-07-22,"The ""Energy:OT"" series is expected to largely continue its upward trajectory over the next 48 weeks, primarily driven by high global crude oil prices and tightening supply, despite record US production. Expect significant volatility and seasonal fluctuations, with notable risks stemming from potential supply disruptions due to weather events or geopolitical factors."
2018-07-29,"Energy:OT prices are expected to maintain their overall upward trend over the next 48 weeks, characterized by significant seasonal fluctuations, with a modest decline as the summer driving season ends, followed by stabilization or slight increases through winter, then stronger rises into the next spring and summer. This trajectory is primarily driven by global crude oil prices and seasonal demand, with high volatility persisting and potential for sudden price spikes due to supply disruptions or geopolitical events."
2018-08-05,"Energy:OT values are expected to continue their upward trajectory over the next 48 weeks, primarily driven by elevated global crude oil prices and robust demand. While seasonal shifts and record US oil production will introduce volatility, supply disruptions and geopolitical events pose risks for sudden price increases."
2018-08-12,"The Energy:OT values are projected to maintain their elevated levels over the next 48 weeks, with an underlying upward trend continuing from 2018. Expect persistent volatility influenced by global crude oil prices, seasonal demand fluctuations, and domestic production dynamics."
2018-08-19,"Energy:OT prices are expected to remain elevated over the next 48 weeks, continuing the upward trend driven by strong global crude oil prices and robust demand. While seasonal fluctuations are anticipated, particularly a potential post-summer dip followed by a spring increase, volatility remains a significant risk due to supply dynamics and potential disruptions."
2018-08-26,"Energy prices are expected to continue their overall upward trajectory over the next 48 weeks, primarily driven by persistent crude oil price strength and global supply-demand dynamics. This upward trend will likely be accompanied by significant volatility due to seasonal demand shifts and potential supply disruptions."
2018-09-02,"Energy:OT prices are anticipated to continue their upward trajectory over the next 48 weeks, sustained by elevated crude oil prices and strong demand, particularly during peak seasons. While this upward trend is expected, the market remains susceptible to significant volatility stemming from potential supply disruptions and geopolitical factors."
2018-09-09,"Energy:OT prices are anticipated to maintain their gradual upward trajectory over the next 48 weeks, exhibiting characteristic seasonal patterns with expected dips in winter and increases during the 2019 summer driving season. This trend will be largely influenced by global crude oil prices and demand, with ongoing volatility and potential for sharp movements driven by supply disruptions or geopolitical developments."
2018-09-16,"Energy:OT values are projected to maintain a general upward trajectory over the next 48 weeks, influenced by global crude oil prices and seasonal demand. The market will experience moderate volatility, with potential for significant price swings driven by supply disruptions or shifts in global demand."
2018-09-23,"Energy:OT prices are forecast to continue their gradual upward trajectory over the next 48 weeks, primarily influenced by sustained strong demand and prevailing crude oil market trends. While seasonal demand fluctuations and the risk of supply disruptions will contribute to notable volatility, the overall direction remains upward."
2018-09-30,"Energy:OT prices are forecast to continue their underlying upward trajectory over the next 48 weeks, primarily influenced by sustained global crude oil demand and refining costs. Expect moderate volatility with seasonal patterns of late fall/winter dips followed by spring/summer increases, alongside risks from potential supply disruptions."
2018-10-07,"Energy:OT prices are expected to continue their upward trajectory over the next 48 weeks, driven by sustained global demand and crude oil price dynamics, with notable seasonal increases anticipated during the spring and summer. The market will remain volatile, with potential for sharp price spikes due to supply disruptions or geopolitical events."
2018-10-14,"The Energy:OT values are projected to continue their upward trend over the next year, driven by strong demand and crude oil prices, with expected seasonal fluctuations including a winter dip and a summer surge. Despite record US crude oil production, volatility remains a risk, particularly from supply disruptions."
2018-10-21,"Energy:OT prices are expected to continue their general upward trajectory over the next 48 weeks, driven by strong global demand and crude oil prices, though tempered by record U.S. production. High volatility is anticipated, particularly around seasonal demand peaks and potential supply disruptions."
2018-10-28,"Energy:OT prices are anticipated to remain elevated over the next 48 weeks, characterized by significant volatility. Key drivers will include global crude oil market dynamics, seasonal demand patterns, and ongoing geopolitical factors such as Iran sanctions, leading to potential upward pressure with seasonal fluctuations."
2018-11-04,"The ""Energy:OT"" values are expected to exhibit moderate volatility, likely stabilizing or experiencing a gradual upward trend over the next 48 weeks, driven by ongoing strong global demand and geopolitical factors like Iran sanctions. While record U.S. crude oil production may temper extreme increases, seasonal demand fluctuations and potential supply disruptions will contribute to price movements."
2018-11-11,"Energy:OT values are expected to continue their recent decline in the near term, influenced by robust US crude oil production and shifting supply-demand dynamics. However, a seasonal upturn is highly probable in the spring and summer of 2019, with overall volatility remaining significant due to global crude oil price fluctuations and ongoing geopolitical developments."
2018-11-18,"Energy:OT prices are currently declining due to seasonal factors and robust domestic production, a trend expected to continue into early next year. However, a moderate rebound is anticipated in the spring and summer as seasonal demand increases, with overall volatility driven by global crude oil markets and geopolitical developments."
2018-11-25,"Energy:OT prices are expected to continue their current decline into early 2019, driven by seasonal low demand and robust production. However, a strong seasonal rebound and upward trend are anticipated through spring and summer 2019, fueled by increased driving demand and potential global crude oil market dynamics, with high volatility expected due to geopolitical events and potential supply disruptions."
2018-12-02,"Following a recent decline, energy prices are anticipated to stabilize and then rise with the approaching 2019 spring and summer driving season due to increased demand. However, robust US production is likely to temper significant upward surges, while geopolitical events and supply disruptions pose risks for volatility."
2018-12-09,"Energy:OT values are currently in a steep seasonal decline, driven by high production and lower winter demand, a trend expected to stabilize or continue short-term. Over the next 48 weeks, a significant rebound and increase is anticipated during the spring and summer driving season due to heightened demand, followed by a seasonal decline towards the end of the period, with geopolitical events posing a risk for volatility."
2018-12-16,"Energy:OT prices are expected to initially stabilize or decline due to high production and petroleum surplus, but will likely experience a seasonal increase in spring and summer 2019 driven by higher demand. This will be followed by a typical year-end decline, with overall volatility driven by global crude oil supply, demand, and unforeseen geopolitical or weather events."
2018-12-23,"Energy:OT values are expected to continue their recent downward trajectory or stabilize at lower levels in the near term, primarily due to sustained record-high U.S. crude oil production and a global petroleum surplus. While seasonal demand during the summer driving season may introduce some upward pressure, overall volatility will persist, with geopolitical events and supply disruptions posing notable risks to this trend."
2018-12-30,"Energy:OT values are anticipated to experience a seasonal rebound through the spring and summer of 2019, driven by increased demand during the driving season. However, sustained high US crude oil production and ample inventories are expected to temper the extent of this rise, leading to a more stable period before a typical seasonal decline towards the end of the 48-week horizon, with geopolitical events and supply disruptions remaining key volatility risks."
2019-01-06,"The forecast indicates a continued downward pressure on prices for Energy:OT throughout the next 48 weeks, primarily driven by sustained high production and a global petroleum surplus. While seasonal demand increases may introduce some upward volatility, the overall trend for the year points towards lower average prices."
2019-01-13,"Energy:OT prices, currently at a significant low due to a recent collapse in oil prices, are expected to rebound with the upcoming seasonal demand in spring and summer, though overall volatility will persist, influenced by global crude oil supply and demand dynamics."
2019-01-20,"The Energy:OT values are currently at a low point following a recent sharp decline driven by an oil glut and increased US production. While prices are expected to remain low in the immediate term, a gradual upward trend is anticipated over the next 48 weeks, influenced by projected increases in global crude oil prices, with potential for continued market volatility."
2019-01-27,"The current sharp decline in values is expected to stabilize and then gradually increase over the next 48 weeks, driven by anticipated seasonal demand and a projected recovery in global crude oil prices. However, the market will likely remain volatile, influenced by ongoing supply dynamics and potential geopolitical factors."
2019-02-03,"Energy:OT values are expected to trend upwards over the next 48 weeks, driven by increasing crude oil prices and rising seasonal demand. The market will likely experience moderate volatility, with potential for sharp movements influenced by global supply dynamics and geopolitical developments."
2019-02-10,"Following a recent sharp decline driven by an oil price collapse and oversupply, Energy:OT is at a historical low. While seasonal demand may induce some upward pressure in the short term, the overall outlook for the next 48 weeks points to continued low prices, with volatility stemming from global production and demand shifts."
2019-02-17,"Energy prices are expected to gradually increase over the next 48 weeks, driven by rising crude oil prices and seasonal demand as the summer driving season approaches. While some fluctuations are anticipated, the overall trend points upward from recent lows."
2019-02-24,"Energy:OT prices are anticipated to rise over the next several months, primarily driven by increasing seasonal demand and expected higher crude oil prices, before potentially moderating later in the forecast period. Expect continued volatility, with global supply conditions and geopolitical events posing notable risks."
2019-03-03,"Over the next 48 weeks, Energy:OT values are anticipated to experience a gradual upward trend, driven by increasing global crude oil prices and seasonal demand, especially during the summer months. This upward movement will likely be moderated by record US crude oil production and rising global petroleum stocks, with continued volatility influenced by potential supply disruptions or geopolitical events."
2019-03-10,"The ""Energy:OT"" values are expected to see a moderate upward trend in the coming months, driven by seasonal demand and anticipated rises in crude oil prices. However, this increase will likely be tempered by record US production and growing global petroleum stocks, leading to continued volatility rather than a sustained sharp ascent over the next year."
2019-03-17,"Energy:OT prices are projected to continue their upward trajectory into the summer driving season, driven by increasing demand and crude oil prices, before a likely seasonal moderation in late 2019. Moderate volatility is expected throughout the period, primarily influenced by global supply-demand balances and refinery activity."
2019-03-24,"Energy:OT values are expected to continue their recent upward trend through the spring and summer driving season, driven by increasing demand and a more balanced oil market. Over the next 48 weeks, prices will likely exhibit seasonal fluctuations with an overall upward bias, though significant volatility remains a risk from supply disruptions or geopolitical events."
2019-03-31,"Values for Energy:OT are anticipated to continue their upward trajectory into the summer driving season, driven by increasing demand and higher crude oil prices. While seasonal fluctuations are expected, the overall trend points towards elevated levels, with moderate volatility influenced by global production and inventory balances."
2019-04-07,"Energy:OT prices are expected to continue their strong upward trend through the upcoming summer driving season, driven by increasing demand and production costs, potentially reaching higher levels than the previous year. Following this, a seasonal decline is anticipated in late 2019, with overall high volatility influenced by global crude oil prices and potential supply disruptions."
2019-04-14,"Gasoline prices are projected to maintain their upward trend through the summer, fueled by robust demand, increasing crude oil costs, and refinery constraints. A seasonal downturn is expected in the autumn and winter, though record U.S. crude oil production may mitigate the extent of this decline, with volatility likely to persist due to global supply dynamics."
2019-04-21,"Energy:OT prices are forecast to continue their strong upward trend into the summer, driven by seasonal demand and refinery constraints, likely peaking before a seasonal decline in late fall and winter. Overall volatility is expected to remain high due to the interplay of robust US production, global supply dynamics, and seasonal shifts in demand."
2019-04-28,"Energy:OT prices are set to continue their sharp ascent into the summer, fueled by strong seasonal demand and heightened geopolitical tensions, particularly Iran sanctions. While a seasonal moderation is anticipated in late 2019, overall prices are expected to remain elevated with notable volatility over the next 48 weeks."
2019-05-05,"Energy:OT values are expected to continue their upward trajectory over the next year, primarily driven by ongoing geopolitical tensions, such as the Iran sanctions, and robust demand. While seasonal fluctuations may introduce some volatility, the overall trend points towards sustained elevated prices."
2019-05-12,"Energy:OT prices are anticipated to maintain current high levels or slightly increase into early summer due to ongoing geopolitical tensions and strong demand, before a typical seasonal decline in late 2019 and a subsequent rebound in early 2020. Volatility remains a factor, with global economic slowdown posing a significant downside risk to this outlook."
2019-05-19,"Energy:OT values are expected to maintain an elevated level through the summer, then follow a typical seasonal decline into winter 2019-2020 before recovering in spring 2020. Significant volatility will persist, primarily driven by global crude oil prices, ongoing geopolitical tensions like Iran sanctions, and the interplay between robust U.S. production and global demand."
2019-05-26,"Energy:OT values are expected to remain elevated through the summer driving season, driven by strong demand and geopolitical factors like Iran sanctions. A subsequent seasonal decline is anticipated into the winter months, followed by a resurgence in early 2020, with overall volatility persisting due to global crude oil market dynamics and supply adjustments."
2019-06-02,"Energy:OT prices are expected to remain elevated through the summer due to robust demand and ongoing geopolitical supply constraints, followed by a seasonal decline in late 2019. Prices will likely rebound in early 2020, continuing the overall upward trend, with volatility driven by crude oil market dynamics and global supply events."
2019-06-09,"Energy:OT prices are expected to follow a typical seasonal pattern over the next 48 weeks, declining through late 2019 into early 2020 due to lower demand, then rising with the onset of the 2020 summer driving season. Volatility will remain moderate, primarily driven by global crude oil prices, US production levels, and potential geopolitical or weather-related supply disruptions."
2019-06-16,"Energy:OT values are projected to experience a seasonal decline through late 2019 and early 2020, driven by typical winter demand reductions and robust US production, followed by a rebound in spring 2020 as driving season commences. Significant volatility remains possible, primarily influenced by global crude oil market dynamics and potential geopolitical events."
2019-06-23,"Over the next 48 weeks, Energy:OT is expected to exhibit its characteristic seasonal pattern, with values likely declining into late 2019 before rising through early and mid-2020. High volatility is anticipated, driven by persistent geopolitical tensions and potential supply disruptions, which pose a significant upside risk to prices despite strong domestic production."
2019-06-30,"Energy:OT values are expected to continue their seasonal decline through late 2019, reaching a trough in early 2020 before gradually rising again with the onset of spring demand. However, significant upward volatility and price spikes remain a notable risk due to ongoing geopolitical tensions, particularly concerning US-Iran relations and potential supply disruptions from refinery issues."
2019-07-07,"The Energy:OT values are projected to follow their typical seasonal pattern, declining through late 2019 towards a winter low before gradually increasing into mid-2020, primarily influenced by global crude oil prices and US production levels. Expect continued volatility, with geopolitical events and refinery operations posing notable risks."
2019-07-14,"Over the next 48 weeks, Energy:OT values will likely experience a seasonal decline through late 2019 and early 2020, followed by an increase into the summer of 2020. Prices will remain volatile, influenced by global crude oil dynamics, seasonal demand shifts, and ongoing geopolitical tensions."
2019-07-21,"Energy:OT prices are forecast to experience a seasonal decline through late 2019 into early 2020, followed by a rebound in spring and summer 2020, primarily driven by crude oil prices and seasonal demand. Expect continued high volatility, especially given ongoing geopolitical tensions and global supply dynamics."
2019-07-28,"Energy:OT prices are forecast to experience a seasonal decline through late 2019 and early 2020, followed by a robust increase into mid-2020. This period will likely see moderate to high volatility, primarily influenced by global crude oil price movements, seasonal demand patterns, and geopolitical developments impacting supply."
2019-08-04,"Energy:OT prices will likely decline through late 2019, then rebound into spring and summer 2020, following established seasonal patterns. The market will exhibit moderate volatility, driven by global crude oil prices, continued record US production, and seasonal demand shifts, with geopolitical events posing a significant upside risk."
2019-08-11,"The ""Energy:OT"" series is anticipated to continue its seasonal decline through late 2019, followed by a rebound and upward trend into spring and early summer 2020, consistent with historical patterns. Significant volatility is expected throughout this period, primarily influenced by global crude oil prices, seasonal demand, and geopolitical factors."
2019-08-18,"The forecast anticipates a continuation of the current seasonal decline into late 2019, followed by a significant rebound and increase through the spring and summer of 2020, driven primarily by seasonal demand and crude oil market trends. Prices will likely experience notable volatility throughout the period, influenced by global crude oil supply dynamics and geopolitical developments."
2019-08-25,"Energy:OT prices are forecast to experience a seasonal decline through the upcoming fall and winter, driven by lower demand and robust US production, followed by a typical rebound in spring 2020. The market will remain highly volatile, with significant fluctuations stemming from crude oil price dynamics, seasonal demand shifts, and ongoing geopolitical risks."
2019-09-01,"The ""Energy:OT"" values are expected to follow their established seasonal pattern, declining into the winter months before rising again with the onset of the 2020 summer driving season. While strong US production may generally temper overall price increases, geopolitical tensions and crude oil market dynamics introduce potential for volatility and upward price movements."
2019-09-08,"Energy:OT values are expected to continue their seasonal decline into the winter, followed by a strong rebound through spring and summer 2020. This cyclical pattern will be subject to moderate volatility, primarily influenced by global crude oil prices, seasonal demand, and ongoing geopolitical and trade tensions."
2019-09-15,"Energy:OT prices are currently in a declining phase, a trend expected to persist through the winter months due to seasonal demand shifts and inventory levels. A strong upward trend is anticipated for spring and summer 2020, driven by the annual driving season, though overall volatility will remain high, influenced by global crude oil prices, US production dynamics, and ongoing geopolitical factors."
2019-09-22,"Following the recent attack on Saudi oil facilities, prices are expected to increase significantly and remain volatile due to ongoing geopolitical risks. While a seasonal decline may temper prices during winter, a rebound and upward trend are anticipated with the onset of the next driving season."
2019-09-29,"Energy prices are expected to see an initial increase driven by recent geopolitical supply disruptions, followed by sustained volatility. A general upward trend is anticipated towards the next summer driving season, primarily influenced by crude oil market dynamics and ongoing global tensions."
2019-10-06,"The Energy:OT values are expected to remain highly volatile in the near term due to ongoing geopolitical supply concerns. Over the next 48 weeks, a cyclical pattern of winter decline followed by a spring and summer increase is anticipated, with an underlying upward pressure from potential long-term U.S. shale production declines."
2019-10-13,"Energy:OT prices are anticipated to exhibit their characteristic seasonal fluctuations, with a likely decline through the winter followed by an increase into the 2020 summer driving season. High volatility is expected to continue, driven by geopolitical events, global crude oil supply dynamics, and ongoing trade tensions."
2019-10-20,"The value is expected to follow its strong seasonal pattern, declining through the upcoming winter before rising with increased demand during the spring and summer of 2020, then falling again in late 2020. While high US production generally provides a stabilizing influence, significant volatility is anticipated due to global geopolitical events and trade tensions."
2019-10-27,"Gasoline prices are anticipated to follow a pronounced seasonal pattern over the next 48 weeks, declining in the near term before rising significantly into the 2020 summer driving season, then moderating. Prices will remain susceptible to volatility from crude oil market dynamics, global supply disruptions, and geopolitical factors like trade tensions."
2019-11-03,"Energy:OT prices are anticipated to follow their established seasonal pattern, declining through early 2020 before a significant rise during the spring and summer driving season, then falling again towards the end of the year. This trajectory will be highly volatile, primarily influenced by global crude oil prices, supply disruptions, and ongoing geopolitical developments."
2019-11-10,"Energy:OT prices are expected to continue their seasonal decline into winter before rising through spring and summer 2020. However, the overall trend points towards slightly lower annual averages due to robust US production and evolving demand, with geopolitical events and refinery issues introducing potential for price volatility."
2019-11-17,"Gasoline prices are expected to follow their strong annual seasonal pattern, declining into early 2020 before rising significantly through the spring and summer driving season, then falling again in the autumn. This trajectory will be influenced by global crude oil market dynamics, seasonal demand shifts, and potential volatility from ongoing geopolitical events."
2019-11-24,"Energy:OT prices are forecast to exhibit their characteristic seasonal pattern, with a decline through winter followed by an increase during the spring and summer driving season, before moderating in the fall. High volatility is expected throughout the year, driven by persistent geopolitical tensions, particularly around Iran, and the potential for global economic shifts impacting demand and supply."
2019-12-01,"Over the next 48 weeks, Energy:OT prices are expected to follow a pronounced seasonal pattern, declining through winter before a substantial rise during the spring and summer driving season, followed by a subsequent decrease in late 2020. While high domestic production may temper overall increases, ongoing geopolitical tensions, particularly concerning Iran, pose a significant risk for upward price volatility."
2019-12-08,"Energy:OT prices are forecast to exhibit their characteristic seasonal pattern over the next 48 weeks, with a decline into early winter followed by a rise to a summer peak and subsequent autumn decrease. Heightened volatility is expected throughout the period, primarily driven by global crude oil supply and demand dynamics, US production levels, and geopolitical risks, particularly from the Middle East."
2019-12-15,"Energy:OT prices are expected to continue their strong seasonal pattern, declining into early 2020 before rising through the spring and summer driving season, then falling again. Despite stabilizing effects from robust US crude oil production, ongoing geopolitical tensions and potential supply disruptions introduce significant volatility and risk of price spikes."
2019-12-22,"Prices are anticipated to follow a distinct seasonal pattern over the next 48 weeks, with an initial decline in early 2020, followed by an increase during the spring and summer driving season, and then a subsequent decrease towards year-end. Significant volatility is expected throughout the period, primarily influenced by global crude oil prices and ongoing geopolitical developments."
2019-12-29,"Energy:OT prices are expected to follow their established seasonal pattern, rising into the spring and summer of 2020 due to increased demand and then declining towards the end of the year. Significant volatility is anticipated, primarily driven by ongoing geopolitical tensions impacting crude oil supply and global economic conditions."
2020-01-05,"Energy:OT prices are expected to follow a distinct seasonal pattern over the next 48 weeks, rising through the spring and early summer before gradually declining into the latter half of 2020. While geopolitical events and shifts in crude oil supply and demand will introduce volatility, the overall trajectory is anticipated to remain within established historical ranges."
2020-01-12,"Over the next 48 weeks, Energy:OT prices are anticipated to exhibit their characteristic seasonal pattern, increasing into the spring and summer driving season before a gradual decline in the latter half of the year. Significant volatility is expected, primarily influenced by global crude oil dynamics, domestic production, and ongoing geopolitical events."
2020-01-19,"Energy:OT values are expected to exhibit a seasonal pattern over the next 48 weeks, with prices rising in spring/summer and falling in autumn/winter, primarily influenced by crude oil prices and seasonal demand. Despite robust US production, geopolitical tensions and potential supply disruptions will likely lead to notable volatility."
2020-01-26,"Energy:OT prices are expected to continue their slight near-term decline before a significant seasonal increase in spring and summer 2020 driven by higher demand. Following the summer peak, prices will likely recede through fall and winter, with overall volatility remaining high due to global supply dynamics and geopolitical events."
2020-02-02,"Energy prices are expected to follow a typical seasonal pattern, increasing through spring and summer before declining in the autumn and winter. Overall, values are likely to remain relatively stable or show a slight year-over-year decrease, primarily driven by robust US crude oil production and ample global supply, though geopolitical events pose a risk for sudden upward volatility."
2020-02-09,"While a seasonal increase in gasoline prices is anticipated towards summer due to demand, the ongoing coronavirus outbreak is expected to suppress global oil demand, likely tempering this rise and contributing to overall price volatility throughout the next year."
2020-02-16,"Prices are expected to face initial downward pressure due to the ongoing global health crisis, potentially dampening the usual seasonal increase into the summer driving season before declining again in winter. High volatility will persist, primarily driven by crude oil market dynamics and geopolitical events."
2020-02-23,"Energy:OT prices are anticipated to remain suppressed and exhibit high volatility over the next 48 weeks, primarily due to the significant impact of the coronavirus outbreak on global demand. Despite typical seasonal increases, prices are expected to stay at lower levels, with potential for further fluctuations based on the pandemic's evolution and the pace of economic recovery."
2020-03-01,"Energy prices are set to remain suppressed or decline further over the next 48 weeks, primarily due to the severe global demand destruction caused by the ongoing coronavirus pandemic. This dominant factor will likely negate typical seasonal price increases, leading to sustained low values and high volatility as markets react to the evolving crisis."
2020-03-08,"Gasoline prices are projected to remain suppressed and highly volatile over the next 48 weeks, primarily due to the ongoing oil price war and the significant reduction in global demand caused by the coronavirus pandemic. While seasonal demand typically rises, these powerful macroeconomic and geopolitical drivers are expected to keep prices low, with a risk of further declines."
2020-03-15,"Energy:OT prices are projected to remain low and highly volatile for the next 48 weeks, primarily due to the ongoing global oil price war and significant demand destruction from the coronavirus pandemic. Despite typical seasonal increases, these powerful global headwinds will likely suppress any substantial price recovery, maintaining a downward pressure."
2020-03-22,"Energy:OT prices are forecast to remain significantly lower and highly volatile over the next year, continuing their sharp decline due to the ongoing oil price war and severely depressed global demand from the coronavirus pandemic. A notable risk is further price erosion if demand destruction persists, overriding typical seasonal patterns."
2020-03-29,"Gasoline prices will remain significantly depressed and highly volatile over the next 48 weeks, primarily driven by severely reduced global demand from the ongoing coronavirus pandemic and persistent crude oil oversupply from the price war. Prices will likely stay well below pre-crisis levels until global travel and economic activity rebound substantially."
2020-04-05,"The Energy:OT market will experience continued low prices and high volatility over the next 48 weeks, primarily due to the severe reduction in global demand caused by the ongoing pandemic and an unresolved crude oil supply surplus. A significant and sustained price recovery is not anticipated until global economic activity and travel substantially rebound."
2020-04-12,"Energy:OT prices are expected to remain depressed and highly volatile over the next 48 weeks, driven by the uncertain global demand recovery from the pandemic and ongoing crude oil supply dynamics. While some modest recovery is anticipated, significant oversupply and economic headwinds pose notable risks."
2020-04-19,"Energy:OT prices are expected to remain suppressed and highly volatile over the next 48 weeks, primarily due to the ongoing global pandemic severely curtailing demand and significant crude oil oversupply. While a gradual, modest recovery from current historic lows is anticipated as economies slowly reopen, a return to pre-crisis levels is unlikely within this period."
2020-04-26,"The Energy:OT values are at historic lows, driven by the severe demand collapse from the COVID-19 pandemic and extreme crude oil oversupply. Expect continued depressed prices and high volatility in the near term, with a gradual, uncertain recovery over the 48-week horizon as global demand slowly returns."
2020-05-03,"Following a sharp decline to historical lows driven by the pandemic and an oil price war, the value is expected to begin a gradual recovery over the next 48 weeks. Significant volatility will persist, primarily influenced by the pace of global economic reopening and ongoing efforts to balance oil supply."
2020-05-10,"Energy prices are poised for a gradual recovery from their current historic lows over the next 48 weeks, driven by a slow rebound in global demand as economies reopen. However, the market will likely experience significant volatility, primarily influenced by the uncertain pace of economic recovery and global supply management efforts."
2020-05-17,"Energy:OT prices are anticipated to see a gradual upward trend over the next 48 weeks, recovering from recent historic lows. Significant volatility is expected, driven by the uncertain trajectory of global economic reopening and the rebalancing of crude oil supply and demand."
2020-05-24,"Energy:OT prices are expected to gradually increase over the next 48 weeks, recovering from current lows as global demand slowly rebounds with economic reopening. However, high volatility will persist, primarily driven by the uncertain pace of pandemic recovery and crude oil supply dynamics."
2020-05-31,"Energy:OT prices are forecast to experience a gradual upward trend over the next 48 weeks, recovering from recent lows as global demand slowly rebounds. However, significant volatility is expected to continue, driven by persistent oversupply and the uncertain pace of economic recovery from the pandemic."
2020-06-07,"Energy:OT prices are forecast to experience a gradual upward trend over the next 48 weeks, driven by a slow recovery in global demand as economies reopen and efforts to stabilize oil supply. However, significant volatility will persist due to the uncertain pace of pandemic recovery and ongoing supply-demand imbalances."
2020-06-14,"Energy:OT prices are expected to continue their recovery from recent lows through the summer, primarily driven by increasing demand as global economies reopen. However, significant volatility persists due to ongoing global economic uncertainty and the potential for further demand shocks from the pandemic, which will heavily influence seasonal price movements through late 2020 and into early 2021."
2020-06-21,"The current recovery trend in Energy:OT values is expected to persist as global economies reopen and fuel demand gradually increases. However, significant volatility is anticipated due to the uncertain pace of pandemic recovery and ongoing crude oil supply management, posing risks to this upward trajectory."
2020-06-28,"Gasoline prices are forecast to continue their upward trend over the next year as global demand recovers from the pandemic-induced lows. While some seasonal fluctuations are expected, significant volatility remains a risk, primarily driven by the uncertain pace of economic reopening and potential shifts in global crude oil supply."
2020-07-05,"Energy:OT prices are expected to continue their recent upward trend over the next 48 weeks, driven by a gradual recovery in global demand as economies emerge from pandemic-related lockdowns. However, significant volatility will persist due to the uncertain pace of economic recovery, potential resurgences of the pandemic, and ongoing supply-side dynamics from major producers."
2020-07-12,"Energy:OT prices are likely to continue their upward recovery trend over the next 48 weeks as global demand gradually rebounds from pandemic lows. However, significant volatility and potential for price corrections remain due to the uncertain path of the COVID-19 pandemic and its impact on economic activity and crude oil supply dynamics."
2020-07-19,"Gasoline prices are expected to gradually increase over the next 48 weeks as global demand slowly recovers from the pandemic, though significant volatility will persist due to the uncertain public health situation and its continued impact on fuel consumption."
2020-07-26,"Energy:OT values are forecast to remain largely subdued over the next 48 weeks, exhibiting moderate volatility driven primarily by the uncertain trajectory of global fuel demand amidst the ongoing pandemic and its impact on crude oil markets. A sustained return to pre-pandemic levels is not anticipated within this horizon."
2020-08-02,"Energy:OT prices are expected to continue their overall upward trend from recent lows over the next 48 weeks, driven by global economic recovery and increased demand. However, significant volatility is anticipated, primarily influenced by the evolving trajectory of the COVID-19 pandemic and potential seasonal demand shifts."
2020-08-09,"Energy:OT prices are anticipated to gradually recover over the next 48 weeks from their pandemic-driven lows, primarily influenced by the pace of global economic reopening and associated demand increases. However, significant volatility is expected due to the uncertain path of the pandemic and potential shifts in crude oil supply policies."
2020-08-16,"Energy:OT prices will likely see a continued, moderate upward trend over the next 48 weeks, primarily driven by a gradual recovery in global demand as the economy reopens. However, persistent surplus supply and the uncertain trajectory of the pandemic could introduce volatility and temper the pace of recovery, keeping prices below pre-pandemic levels."
2020-08-23,"The Energy:OT values are poised for a continued gradual upward trend over the next 48 weeks, recovering from the significant pandemic-driven downturn as global economic activity slowly normalizes. However, the pace and stability of this recovery will remain highly susceptible to the ongoing trajectory of the COVID-19 pandemic and its direct influence on global energy demand."
2020-08-30,"Energy:OT prices are expected to generally trend upwards over the next 48 weeks, continuing the recovery from pandemic-induced lows as global economic activity and fuel demand gradually improve. However, significant volatility will persist, driven by the evolving trajectory of the pandemic, supply-side decisions from major producers, and potential geopolitical events."
2020-09-06,"Energy:OT prices are projected to continue their upward trajectory over the next 48 weeks, driven by the ongoing global economic recovery and increasing fuel demand following the pandemic-induced downturn. While the overall trend is positive, significant volatility is expected due to the uncertain pace of recovery, potential shifts in crude oil supply, and seasonal demand fluctuations."
2020-09-13,"Energy:OT values are expected to continue their upward trajectory over the next 48 weeks, driven by sustained economic recovery and increasing demand. However, significant volatility is probable due to the evolving global pandemic situation and ongoing adjustments in oil supply and production policies."
2020-09-20,"Energy:OT values are likely to remain subdued in the near term, with potential for minor fluctuations or a slight downward drift, reflecting ongoing global demand uncertainties. A gradual, albeit slow, recovery is anticipated over the next 48 weeks as economic activity normalizes, but significant volatility driven by crude oil supply dynamics and the evolving pandemic remains a key risk."
2020-09-27,"Values for Energy:OT are expected to continue a slow and volatile recovery over the next 48 weeks, gradually trending upwards from current depressed levels as global demand improves. However, high production levels and the ongoing uncertainty of the pandemic's impact on economic activity will likely temper this recovery, introducing significant volatility."
2020-10-04,"Energy:OT values are forecast to exhibit continued stability at current levels, with potential for slight downward pressure in the near term, as global fuel demand recovery remains constrained by the ongoing COVID-19 pandemic. High volatility is expected, driven by uncertainties in global economic activity and crude oil supply dynamics."
2020-10-11,"The gradual recovery in energy prices is expected to persist over the next 48 weeks, primarily driven by a slow, uneven rebound in global fuel demand. However, significant volatility will likely continue due to the unpredictable trajectory of the COVID-19 pandemic and its impact on crude oil supply and consumption."
2020-10-18,"The Energy:OT values, currently around 2.26, are expected to experience a continued gradual recovery over the next 48 weeks, slowly rising from the lows induced by the COVID-19 pandemic. However, prices will likely remain below pre-pandemic levels, with persistent volatility driven by the uncertain pace of global economic recovery and potential shifts in crude oil supply management."
2020-10-25,"Prices for ""Energy:OT"" are expected to remain relatively stable at current lower levels in the near term, influenced by ongoing global demand uncertainties due to the pandemic. A modest upward trajectory is anticipated over the next year as economic recovery progresses and vaccine distribution expands, though significant volatility will persist."
2020-11-01,"Gasoline prices are expected to trend upwards over the next 48 weeks, primarily driven by a recovering global economy and a rebound in consumer demand, especially during the 2021 spring and summer driving season. Significant volatility will persist, influenced by crude oil supply decisions from major producers, the ongoing trajectory of the pandemic, and potential geopolitical events."
2020-11-08,"The Energy:OT values are expected to gradually increase over the next 48 weeks, driven by an anticipated rebound in global demand as economic activity recovers from the pandemic, particularly during the upcoming spring and summer seasons. However, the pace of recovery and potential for continued market volatility will be heavily influenced by the evolving COVID-19 situation and crude oil supply dynamics."
2020-11-15,"Energy:OT values are projected to gradually rise over the next 48 weeks, driven by anticipated global demand recovery and seasonal increases, particularly during the spring and summer. However, the outlook remains highly volatile, contingent on the evolving pandemic situation and global crude oil supply dynamics."
2020-11-22,"""Energy:OT"" prices are expected to experience a gradual upward trend over the next 48 weeks as global economic activity recovers from the pandemic. However, the pace of this recovery and potential supply adjustments by major producers will introduce continued volatility."
2020-11-29,"Energy:OT values are expected to remain relatively stable or gradually decline over the next 48 weeks, influenced by persistent global fuel demand concerns due to ongoing pandemic measures and a well-supplied market. Significant volatility could arise from major shifts in the COVID-19 situation or the pace of economic recovery."
2020-12-06,"Energy:OT values are forecast to gradually increase over the next year, primarily driven by a recovering global economy and rising fuel demand as the pandemic subsides. However, the market will remain susceptible to volatility from the evolving pandemic situation and supply decisions by major oil producers."
2020-12-13,"Energy:OT values are expected to exhibit a gradual upward trend over the next 48 weeks, primarily driven by the ongoing global economic recovery and rising crude oil prices. The market will likely experience moderate volatility, with potential fluctuations stemming from the evolving pandemic situation and global energy supply management."
2020-12-20,"Energy:OT prices are poised for a continued gradual increase over the next 48 weeks, primarily driven by strengthening global demand as economic activity recovers from the pandemic and crude oil prices rise. However, the forecast carries inherent volatility due to the unpredictable nature of global health developments and supply management decisions."
2020-12-27,"Energy:OT values are projected to continue their upward trajectory, gradually recovering from the significant 2020 lows as global demand strengthens with economic reopening. Expect moderate volatility driven by the pace of pandemic recovery and crude oil supply dynamics."
2021-01-03,"Energy:OT values are projected to maintain a rising trend over the next 48 weeks, primarily driven by recovering crude oil prices and strengthening global demand as economies continue to reopen. Expect moderate volatility, with prices generally settling at higher levels than the previous year."
2021-01-10,"Energy:OT values are projected to continue their upward trajectory over the next 48 weeks, steadily recovering from the 2020 downturn, primarily driven by increasing crude oil prices and a rebound in global demand. While the general trend is positive, market volatility remains a risk due to potential shifts in pandemic recovery and supply dynamics."
2021-01-17,"Energy:OT values are projected to continue their upward trajectory over the next 48 weeks, primarily driven by tightening crude oil supply and a sustained recovery in global demand. Expect moderate volatility influenced by ongoing pandemic developments and potential shifts in energy policy."
2021-01-24,"The Energy:OT value is expected to continue its upward trajectory over the next 48 weeks, primarily driven by sustained increases in crude oil prices and a recovering global demand as the world emerges from the pandemic. Significant volatility will persist, influenced by geopolitical developments, evolving US energy policies, and the unpredictable pace of economic recovery."
2021-01-31,"The ""Energy:OT"" values are expected to continue their upward trend over the next 48 weeks, driven by ongoing economic recovery and rising crude oil prices. While some volatility is possible, the overall direction points towards sustained increases."
2021-02-07,"The ""Energy:OT"" values are expected to continue their upward trajectory over the next 48 weeks, driven by the ongoing global economic recovery and increasing energy demand. While this recovery suggests a generally rising trend, volatility may persist due to evolving pandemic conditions and geopolitical developments affecting crude oil supply."
2021-02-14,"Energy:OT prices are expected to continue their strong upward trend over the next 48 weeks, driven by ongoing economic recovery, increasing crude oil demand, and tightening supply. While moderate volatility is anticipated, the overall direction points towards sustained price increases."
2021-02-21,"Energy:OT values are forecast to continue their upward trajectory over the next 48 weeks, primarily driven by rising crude oil prices, increasing demand from global economic recovery, and recent supply-side disruptions like refinery shutdowns. Expect continued volatility as these market forces interact."
2021-02-28,"Energy:OT values are forecast to continue their robust upward trajectory over the next 48 weeks, primarily propelled by global economic recovery and increasing crude oil demand. Expect continued volatility, with potential supply-side constraints and geopolitical developments posing notable risks to this upward trend."
2021-03-07,"The strong upward trend in energy prices, driven by global economic recovery and tightening supply, is expected to continue over the next year. However, ongoing geopolitical tensions and the evolving pandemic situation present risks for volatility."
2021-03-14,"Energy:OT prices are expected to continue their recent upward trend over the next 48 weeks, driven by ongoing global economic recovery and tightening crude oil supply. Volatility will likely persist, influenced by demand fluctuations and supply adjustments in the market."
2021-03-21,"Energy:OT prices are expected to continue their strong upward trajectory over the next 48 weeks, primarily driven by global economic recovery and ongoing supply constraints. While prices may experience some volatility, the overall trend points towards sustained higher levels."
2021-03-28,"Energy:OT values are projected to continue their upward trend over the next 48 weeks, primarily driven by ongoing global economic recovery and increasing crude oil prices. Expect moderate volatility as supply and demand dynamics adjust to evolving market conditions."
2021-04-04,"Energy prices are expected to continue their strong upward trend in the near term, driven by ongoing economic recovery and high crude oil prices, and will likely remain elevated over the next year. Significant volatility is anticipated due to potential shifts in global demand, supply adjustments, and geopolitical developments."
2021-04-11,"The ""Energy:OT"" value is poised for a continued upward trajectory over the next 48 weeks, primarily driven by the ongoing global economic recovery and increasing energy demand. While market volatility will persist, the prevailing trend indicates higher values."
2021-04-18,"Energy:OT values are expected to continue their upward trend over the next 48 weeks, primarily driven by sustained global economic recovery and rising crude oil prices. Expect moderate to high volatility due to evolving supply-demand dynamics and potential geopolitical events."
2021-04-25,"Energy:OT values are projected to continue their upward trajectory over the next 48 weeks, primarily driven by increasing global demand from economic recovery and sustained higher crude oil prices. Expect elevated volatility as markets navigate ongoing supply-demand adjustments and potential geopolitical shifts."
2021-05-02,"Energy prices are expected to continue their upward trend over the next 48 weeks, primarily driven by global economic recovery and increasing demand for crude oil. Expect ongoing volatility influenced by supply dynamics and market speculation, with prices likely to reach new highs."
2021-05-09,"Energy:OT prices are expected to continue their upward trend over the next 48 weeks, driven by ongoing global economic recovery and increasing crude oil demand. Volatility is likely to persist, influenced by the evolving pandemic situation and geopolitical factors impacting crude oil supply."
2021-05-16,"The prices for Energy:OT are expected to maintain their current strong upward trajectory, driven by robust economic recovery and increasing demand. Significant volatility is anticipated from potential supply disruptions and geopolitical events."
2021-05-23,"Energy:OT values are expected to continue their significant upward trajectory over the next 48 weeks, primarily driven by increasing crude oil demand, global economic recovery, and persistent supply constraints. This upward trend will likely be accompanied by continued volatility, exacerbated by potential supply disruptions and market speculation."
2021-05-30,"Energy:OT prices are projected to maintain their strong upward trend over the next 48 weeks, fueled by robust economic recovery, rising demand, and ongoing supply-side pressures. Significant volatility is anticipated, driven by geopolitical developments and the dynamic global energy market."
2021-06-06,"The ""Energy:OT"" values are expected to continue their upward trend, driven by robust economic recovery and strong seasonal demand. While the overall direction points to higher prices, the market remains susceptible to volatility from potential supply disruptions and evolving global economic conditions."
2021-06-13,"Energy:OT prices are expected to continue their upward trend over the next 48 weeks, primarily driven by ongoing economic recovery, increasing demand, and high crude oil prices. Moderate volatility is anticipated, with potential for price surges due to supply disruptions."
2021-06-20,"The ""Energy:OT"" values are expected to continue their strong upward trend over the next year, driven by sustained economic recovery and seasonal demand. While overall prices are projected to remain elevated, the market will likely experience continued volatility from potential supply disruptions and evolving global economic conditions."
2021-06-27,"Energy:OT values will maintain elevated levels and generally trend upward over the next 48 weeks, primarily driven by robust demand from economic recovery and increasing crude oil prices. Significant volatility will persist, influenced by potential supply disruptions and broader market dynamics."
2021-07-04,"Energy:OT values are projected to continue their strong upward trajectory over the next 48 weeks, primarily fueled by ongoing global economic recovery and robust demand. Expect moderate volatility as supply adjustments and potential geopolitical factors influence the market."
2021-07-11,"Energy:OT prices are expected to maintain their upward trajectory in the coming months, propelled by ongoing global economic recovery and robust demand, particularly during seasonal peaks. High volatility is anticipated due to evolving supply dynamics and potential geopolitical events, but the overall trend points towards sustained elevated price levels."
2021-07-18,"Energy:OT values are projected to continue their upward trajectory over the next 48 weeks, fueled by sustained economic recovery and increasing global demand for crude oil. While volatility is expected to persist due to ongoing pandemic uncertainties and potential supply disruptions, the dominant trend points towards higher prices."
2021-07-25,"Energy:OT values are projected to maintain their upward trend over the next 48 weeks, primarily fueled by sustained global economic recovery and increasing crude oil prices. Expect continued market volatility due to ongoing pandemic uncertainties and potential supply disruptions."
2021-08-01,"The strong upward trend observed throughout 2021 is expected to persist over the next 48 weeks, primarily driven by continued economic recovery and sustained high crude oil prices. While prices will likely remain elevated, volatility is anticipated due to potential supply disruptions and evolving energy policies."
2021-08-08,"The strong upward trend observed in Energy:OT values is expected to persist, primarily driven by continued economic recovery and rising crude oil prices. While volatility from potential supply disruptions or shifts in demand remains a risk, values are likely to remain elevated over the forecast horizon."
2021-08-15,"Energy:OT values are projected to continue their strong upward trajectory over the next 48 weeks, primarily driven by sustained economic recovery, increasing crude oil prices, and robust seasonal demand. The market is expected to remain volatile, with potential for sharp fluctuations influenced by supply chain disruptions and geopolitical developments."
2021-08-22,"The Energy:OT series is expected to continue its significant upward trend over the next 48 weeks, primarily driven by sustained economic recovery and high crude oil prices, though seasonal demand shifts may introduce some short-term volatility. Key risks include potential supply disruptions and the evolving global energy policy landscape."
2021-08-29,"The values for Energy:OT are expected to continue their upward trend over the next 48 weeks, primarily driven by ongoing economic recovery and elevated crude oil prices. Moderate volatility will likely persist due to potential supply disruptions and evolving global demand."
2021-09-05,"Energy:OT values are expected to remain elevated and likely continue their upward trend over the next 48 weeks, primarily driven by ongoing global economic recovery and persistent high crude oil prices. Volatility will remain a factor, influenced by supply-demand dynamics and potential geopolitical events."
2021-09-12,"The strong upward trend observed throughout 2021, driven by global economic recovery and rising crude oil prices, is expected to continue over the next 48 weeks. Moderate to high volatility is anticipated, primarily influenced by ongoing supply-demand dynamics and potential geopolitical disruptions."
2021-09-19,"The Energy:OT value is expected to maintain its elevated levels and likely experience further gradual increases over the next 48 weeks, primarily driven by continued global economic recovery and strong energy demand. Volatility will persist due to ongoing crude oil price fluctuations and potential supply-side disruptions, with the long-term shift towards alternative energy posing a notable risk to sustained growth."
2021-09-26,"The values for Energy:OT are projected to continue their significant upward trend over the next 48 weeks, primarily driven by ongoing economic recovery and robust demand. Expect moderate volatility stemming from fluctuations in global crude oil prices and potential supply-side challenges."
2021-10-03,"After reaching historical highs, the 'Energy:OT' value is expected to experience significant downward pressure or a period of stabilization over the next 48 weeks. This shift is primarily driven by the recent unprecedented drop in a key oil benchmark price below zero, signaling a likely reversal of the strong upward trend. Volatility will remain a key characteristic, influenced by evolving global supply-demand dynamics and broader economic conditions."
2021-10-10,"Gasoline prices are forecast to remain elevated and likely trend higher over the next 48 weeks, primarily driven by robust economic recovery and persistently high crude oil prices. Expect moderate volatility, with potential for further price surges due to ongoing supply chain disruptions and strong seasonal demand."
2021-10-17,"Energy prices are expected to maintain their upward trajectory over the next 48 weeks, primarily fueled by sustained economic recovery and robust demand. Significant volatility is anticipated, however, stemming from potential supply limitations, evolving geopolitical landscapes, and the persistent influence of global economic and health factors."
2021-10-24,"Energy:OT values are projected to continue their upward trend over the next 48 weeks, fueled by robust economic recovery, persistent demand growth, and ongoing supply-side pressures. Significant volatility is anticipated due to geopolitical tensions and the broader global energy crisis."
2021-10-31,"Energy:OT prices are set to continue their upward trajectory or remain elevated over the next 48 weeks, primarily driven by robust demand, sustained high crude oil prices, and persistent global supply and geopolitical challenges. Expect continued volatility with potential for sharp movements."
2021-11-07,"Energy:OT values are expected to continue their upward trajectory over the next 48 weeks, driven by sustained economic recovery and high crude oil prices. The market will likely remain volatile due to ongoing supply chain disruptions and potential geopolitical factors."
2021-11-14,"Energy:OT is projected to continue its strong upward trend over the next 48 weeks, primarily driven by sustained high crude oil prices and robust demand from ongoing economic recovery. Expect continued volatility due to potential supply chain disruptions and geopolitical factors impacting global energy markets."
2021-11-21,"The Energy:OT series, representing gasoline prices, is expected to remain elevated, with a potential for further increases, driven by sustained global economic recovery, strong demand, and high crude oil prices. We anticipate continued volatility influenced by global supply-demand dynamics and seasonal patterns."
2021-11-28,"Energy:OT prices are forecast to remain elevated with a strong potential for further increases over the next 48 weeks, driven by robust global demand and persistent supply constraints. Expect continued upward volatility, with crude oil markets and geopolitical developments posing key risks."
2021-12-05,"Energy:OT prices are expected to remain elevated over the next 48 weeks, with a potential for short-term stabilization or a minor dip following recent crude oil price adjustments. However, strong seasonal demand and persistent supply-side pressures are expected to drive prices higher again, maintaining significant volatility due to global economic dynamics and geopolitical risks."
2021-12-12,"Energy:OT values are expected to see a short-term decline from recent highs, but the longer-term trend for the next 48 weeks is set to resume an upward trajectory. This will be primarily driven by sustained economic recovery and robust crude oil prices, with significant volatility expected due to global supply and demand dynamics."
2021-12-19,"Energy:OT values are projected to stabilize or slightly decline in the near term, followed by a general upward trend over the next 48 weeks, driven by global economic recovery and seasonal demand. High volatility is expected due to geopolitical risks and crude oil price fluctuations."
2021-12-26,"Gasoline prices are anticipated to remain elevated over the next 48 weeks, likely resuming an upward trend after a brief decline, driven by continued global demand recovery and high crude oil prices. Significant volatility is expected, with potential for seasonal increases and risks from supply disruptions."
2022-01-02,"Energy:OT values are projected to remain at elevated levels over the next 48 weeks, with a likely resumption of the upward trend observed throughout 2021, driven by sustained global demand and high crude oil prices. Expect moderate to high volatility, influenced by ongoing supply chain dynamics, geopolitical developments, and the cyclical increase in demand during the summer driving season."
2022-01-09,"Energy:OT prices are expected to continue their upward trend over the next 48 weeks, driven by strong demand from ongoing economic recovery and elevated crude oil prices. Expect continued volatility influenced by global supply dynamics and geopolitical factors."
2022-01-16,"Gasoline prices are expected to experience a gradual decline over the next 48 weeks, driven by anticipated slower demand and increased crude oil production. Despite this overall downward trend, significant volatility will persist due to crude oil price fluctuations, potential seasonal increases during summer, and geopolitical developments."
2022-01-23,"The ""Energy:OT"" values are expected to experience initial upward pressure and volatility, driven by rising crude oil prices and seasonal demand. However, prices are likely to stabilize or decline in the latter half of the forecast period, influenced by anticipated increases in crude oil production and slower demand growth."
2022-01-30,"The values are expected to continue their upward trend over the next 48 weeks, driven by sustained global demand and elevated crude oil prices. Significant volatility is anticipated due to ongoing supply constraints and potential geopolitical events."
2022-02-06,"The ""Energy:OT"" values are expected to continue their overall upward trajectory over the next 48 weeks, primarily driven by sustained high crude oil prices and increasing demand from global economic recovery. High volatility is anticipated, with notable risks stemming from geopolitical events and potential supply disruptions."
2022-02-13,"The values for Energy:OT are expected to continue their strong upward trajectory over the next 48 weeks, primarily driven by persistent high crude oil prices, robust demand from economic recovery, and ongoing supply tightness. This period will likely be characterized by significant volatility, with potential for sharp increases or corrections influenced by geopolitical events and supply chain disruptions."
2022-02-20,"Energy:OT prices are expected to maintain an upward trend over the next 48 weeks, characterized by high volatility, primarily driven by sustained high crude oil prices, strong demand from economic recovery, and ongoing geopolitical instability."
2022-02-27,"The Energy:OT metric is forecast to maintain its upward trend over the next 48 weeks, propelled by sustained high crude oil prices and escalating geopolitical tensions. This period will likely see considerable volatility, with significant risks stemming from global supply disruptions and evolving economic conditions."
2022-03-06,"Gasoline and oil prices are expected to continue their upward trajectory over the next 48 weeks, driven primarily by ongoing geopolitical tensions impacting global oil supplies and persistent strong demand. High volatility will likely persist, with significant risks stemming from further supply disruptions."
2022-03-13,"Energy:OT prices are expected to remain significantly elevated and highly volatile over the next 48 weeks, primarily driven by persistent geopolitical tensions, particularly the Ukraine conflict, and its profound impact on global crude oil supplies."
2022-03-20,"Energy:OT prices are expected to remain significantly elevated and highly volatile over the next 48 weeks, primarily driven by persistent geopolitical tensions disrupting global oil supply and sustained high crude oil prices. The overall trend suggests continued upward pressure, though with considerable short-term fluctuations."
2022-03-27,"Energy:OT prices are expected to remain elevated and highly volatile over the next 48 weeks, primarily driven by the ongoing geopolitical conflict in Ukraine and its profound impact on global oil supply. Expect continued upward pressure or sharp fluctuations, with significant risks tied to further supply disruptions or escalating tensions."
2022-04-03,"Energy:OT prices are expected to remain elevated and highly volatile over the next 48 weeks, primarily driven by persistent geopolitical tensions and supply disruptions from the Russia-Ukraine conflict. Strong seasonal demand and ongoing market tightness suggest prices will likely maintain current high levels or experience further upward pressure."
2022-04-10,"""Energy:OT"" values are expected to remain elevated and highly volatile over the next 48 weeks, primarily driven by ongoing geopolitical instability impacting global crude oil supply and demand dynamics. While some short-term downward fluctuations may occur, significant sustained declines are unlikely without a resolution to current conflicts or a major shift in global energy policy."
2022-04-17,"The values for Energy:OT are projected to remain elevated over the next 48 weeks, characterized by high volatility stemming from ongoing geopolitical tensions and global crude oil supply-demand imbalances. Despite recent minor dips, sustained high crude oil prices and potential supply disruptions will likely maintain upward pressure or keep values at historically high levels."
2022-04-24,"Gasoline prices are expected to remain elevated, driven by strong summer demand and persistent global supply constraints stemming from geopolitical tensions. Significant volatility will likely characterize the market as it reacts to evolving conflict dynamics and potential policy interventions."
2022-05-01,"Energy:OT values are expected to remain elevated with continued upward pressure over the next 48 weeks, driven by persistent geopolitical tensions, tight global supply, and strong demand, leading to sustained high volatility."
2022-05-08,"Energy:OT values are expected to remain elevated and likely continue their upward trajectory over the next 48 weeks, driven primarily by ongoing geopolitical tensions, global crude oil price increases, and persistent supply constraints. Significant volatility is anticipated, with potential for sharp fluctuations based on evolving international events and energy policy decisions."
2022-05-15,"Energy:OT values are expected to remain elevated and likely continue their upward trajectory over the next 48 weeks, primarily driven by persistent geopolitical tensions, ongoing supply constraints, and strong global demand. High volatility is anticipated due to the unpredictable nature of these market drivers, with potential for further price spikes."
2022-05-22,"Energy:OT prices are expected to remain elevated or continue their upward trajectory over the next 48 weeks, driven by persistent high crude oil prices, strong global demand, and ongoing geopolitical instability. Significant volatility is anticipated, with notable risks from supply disruptions, evolving international sanctions, and strategic reserve releases."
2022-05-29,"Energy:OT prices are expected to continue their upward trajectory over the next 48 weeks, primarily driven by persistent geopolitical tensions, especially concerning Russian oil, and a tight global supply-demand balance. High volatility is anticipated as market conditions react to ongoing international developments, posing a risk of further price surges."
2022-06-05,"Energy:OT prices are forecast to remain elevated and highly volatile over the next 48 weeks, primarily driven by persistent global supply/demand imbalances and ongoing geopolitical tensions. Expect prices to trend high with significant risk of further upward spikes due to potential supply shocks."
2022-06-12,"Energy:OT prices will likely continue to increase over the next 48 weeks, primarily driven by sustained global supply constraints, elevated crude oil prices, and robust demand. Expect significant volatility as geopolitical tensions continue to influence energy markets."
2022-06-19,"Energy:OT values are expected to remain elevated and likely continue their upward trajectory over the next 48 weeks, primarily driven by ongoing global supply constraints, strong demand, and the enduring impact of geopolitical instability. Significant volatility will persist, influenced by crude oil market dynamics and limited refining capacity."
2022-06-26,"Energy:OT prices are projected to remain significantly elevated and highly volatile over the next 48 weeks, with a tendency for further increases. This outlook is primarily driven by persistent global supply constraints, sustained high crude oil prices, and ongoing geopolitical instability."
2022-07-03,"The ""Energy:OT"" prices are expected to remain elevated and highly volatile over the next 48 weeks, primarily driven by ongoing geopolitical tensions, global supply-demand imbalances, and persistent refining capacity constraints. While a recent slight decrease was observed, the prevailing market conditions indicate continued upward pressure and significant price fluctuations."
2022-07-10,"Gasoline prices are anticipated to remain elevated and highly volatile over the next 48 weeks. While recent weeks show a slight decline, persistent global supply constraints, driven by geopolitical tensions and refining capacity issues, will continue to exert upward pressure, with crude oil prices remaining the primary determinant."
2022-07-17,"Energy:OT prices are expected to remain elevated and highly volatile over the next 48 weeks, primarily driven by ongoing geopolitical tensions, global supply constraints, and limited refining capacity. While short-term fluctuations are probable, the overall direction points towards sustained high prices with potential for further upward movement, heavily influenced by global events and demand dynamics."
2022-07-24,"The Energy:OT series is forecast to remain elevated and highly volatile over the next 48 weeks, driven by persistent geopolitical tensions, global supply-demand imbalances, and refining capacity limitations. While recent weeks saw a slight decline, upward pressure is expected to continue."
2022-07-31,"Energy:OT prices are likely to continue their recent downward trajectory in the near term, driven by ongoing Strategic Petroleum Reserve releases and moderating demand. However, significant volatility is anticipated throughout the 48-week horizon, with prices stabilizing or potentially rebounding in the medium term due to persistent global supply constraints, refining capacity limitations, and the enduring impact of geopolitical tensions on crude oil markets."
2022-08-07,"Gasoline prices are expected to stabilize or continue their recent decline in the near term, driven by increased supply and strategic releases. However, significant volatility and overall elevated prices are anticipated over the next year due to persistent geopolitical risks and potential demand resurgence, especially during peak driving seasons."
2022-08-14,"The recent decline in gasoline prices is expected to continue in the near term, supported by increased refinery output and strategic reserve releases. However, the outlook for the next year suggests continued volatility with potential for price increases, driven by persistent global supply-demand imbalances, ongoing geopolitical risks, and the inherent sensitivity to crude oil price movements."
2022-08-21,"The Energy:OT values are expected to continue their recent downward trajectory or stabilize over the next year, primarily driven by increased refinery output and strategic crude oil releases. However, the market remains highly volatile, with prices susceptible to geopolitical developments and evolving global supply-demand dynamics."
2022-08-28,"Following a recent decline, gasoline prices are expected to stabilize or decrease further in the coming weeks. However, over the next 48 weeks, the market will likely experience high volatility with potential for renewed upward pressure, primarily driven by global crude oil price movements, geopolitical developments, and seasonal demand shifts."
2022-09-04,"Gasoline prices are expected to stabilize following recent declines, but high volatility will persist over the next 48 weeks. Global crude oil market dynamics, ongoing geopolitical tensions, and potential supply disruptions remain key drivers that could push prices higher."
2022-09-11,"The Energy:OT values are expected to stabilize or continue a slight downward trend in the near term, reflecting improved supply and moderating demand. However, significant volatility is anticipated over the next year, with potential for prices to rebound driven by persistent geopolitical risks and global economic developments."
2022-09-18,"The recent downward trend in energy prices is expected to continue or stabilize in the coming year, supported by increasing supply and easing demand pressures. However, significant volatility remains a risk, primarily driven by evolving geopolitical events and the impact of the next summer driving season."
2022-09-25,"Following a period of significant volatility marked by a sharp increase and subsequent decline in 2022, Energy:OT values are anticipated to stabilize or gradually decrease over the next 48 weeks, primarily influenced by efforts to balance global supply and demand. However, ongoing geopolitical tensions and broader economic uncertainties will likely sustain price volatility."
2022-10-02,"Gasoline prices are expected to stabilize or see moderate increases over the next 48 weeks, influenced by ongoing crude oil price volatility and seasonal demand pressures. High price volatility will likely persist due to geopolitical tensions and potential supply disruptions."
2022-10-09,"Energy prices are forecast to continue their recent upward trend in the short term. Over the next 48 weeks, the market will remain highly volatile, with significant price swings driven by global crude oil supply and demand dynamics and ongoing geopolitical events."
2022-10-16,"Gasoline prices are currently rebounding and are expected to remain highly volatile over the next 48 weeks, likely experiencing some seasonal softening through winter before a potential stronger upward trend in spring and summer 2023. Persistent global supply constraints, crude oil price dynamics, and ongoing geopolitical instability will be key drivers and risks."
2022-10-23,"Following the recent decline from mid-2022 peaks, prices for Energy:OT are expected to stabilize or continue a gradual downward trend in the near term. However, significant volatility will persist, with potential for upward pressure during the upcoming summer driving season driven by increased demand and ongoing geopolitical uncertainties influencing global crude oil supply and demand dynamics."
2022-10-30,"Energy:OT prices are expected to continue their recent downward trend or stabilize at lower levels over the next 48 weeks, primarily influenced by improving refinery utilization, increased gasoline production, and global crude oil supply/demand dynamics. While overall volatility should moderate, renewed geopolitical tensions or unexpected supply shocks remain key risks for potential price increases."
2022-11-06,"Energy:OT prices are expected to stabilize or experience a gradual decline over the next 48 weeks, following the significant decreases observed in late 2022. However, continued volatility is highly probable, driven by global crude oil supply and demand dynamics, ongoing geopolitical developments, and refinery capacity utilization, with seasonal demand shifts posing upward risks."
2022-11-13,"Gasoline prices are expected to remain elevated and highly volatile over the next 48 weeks, with significant swings driven by the global crude oil market, geopolitical developments, and refining capacity constraints. While short-term stabilization or minor dips are possible, the overall market dynamics suggest a sustained upward pressure, especially as seasonal demand increases."
2022-11-20,"Energy:OT prices are expected to stabilize in the near term after their recent decline, but significant volatility will persist. A notable upward trend is anticipated during the 2023 summer driving season, primarily influenced by global crude oil supply-demand dynamics and ongoing geopolitical factors."
2022-11-27,"The recent downward trend in Energy:OT prices, driven by increased supply and moderating demand, is expected to continue or stabilize in the near term. However, significant volatility remains a risk over the next year, primarily influenced by ongoing geopolitical events, global economic conditions, and the pace of energy transition."
2022-12-04,"Energy:OT prices are projected to generally stabilize or experience a gradual decline over the next 48 weeks, continuing the trend from late 2022 as supply and inventory levels improve. While seasonal demand and ongoing geopolitical risks will introduce some volatility, extreme price surges seen in mid-2022 are less probable."
2022-12-11,"Energy:OT prices are forecast to stabilize in the coming year after their recent decline, with a potential for moderate upward movement driven by seasonal demand and ongoing geopolitical supply dynamics. Expect continued volatility influenced by global energy policies and economic shifts."
2022-12-18,"Energy:OT prices are currently declining and are expected to stabilize or continue a gradual decrease in the near term due to reduced global demand and a gasoline surplus. However, the upcoming spring and summer driving season, alongside potential impacts from OPEC production cuts and geopolitical developments, will likely introduce upward pressure and maintain price volatility throughout the next 48 weeks."
2022-12-25,"Energy:OT prices are likely to continue their recent downward trend or stabilize in the near term, influenced by easing demand and increased supply. However, the next 48 weeks will likely see considerable volatility, primarily driven by evolving geopolitical events, OPEC+ production strategies, and the cyclical nature of seasonal demand."
2023-01-01,"Energy:OT prices are expected to stabilize after a significant decline, then gradually increase through the upcoming spring and summer driving season. Persistent volatility is anticipated due to ongoing geopolitical factors and the reduced Strategic Petroleum Reserve, which limits downside intervention."
2023-01-08,"Energy:OT prices are likely to see a modest upward trend in the coming months, driven by seasonal demand and the impact of global supply adjustments like OPEC+ cuts and low strategic reserves. Significant volatility is expected to continue, influenced by geopolitical developments and the evolving global economic outlook."
2023-01-15,"Energy:OT prices are anticipated to experience an initial upward trend into the spring and summer driving season, driven by seasonal demand and crude oil market dynamics, followed by potential moderation in late 2023. High volatility will persist, heavily influenced by global supply-demand balances and ongoing geopolitical developments."
2023-01-22,"Gasoline prices are forecast to trend downwards over the next 48 weeks, driven by anticipated slower demand and increased crude oil production, but will likely experience significant volatility due to ongoing geopolitical tensions, OPEC+ actions, and seasonal demand shifts."
2023-01-29,"Energy:OT prices are expected to continue their recent upward trend into the summer driving season, driven by increasing demand and crude oil market dynamics. While significant volatility will persist due to geopolitical factors and supply-demand imbalances, a moderation in prices is anticipated later in the forecast horizon."
2023-02-05,"Gasoline prices are expected to experience significant volatility over the next 48 weeks, likely seeing seasonal increases through summer before a potential decline in the latter half of the year. Key drivers will be crude oil price movements and global supply-demand balances, with ongoing geopolitical risks and low Strategic Petroleum Reserve levels posing threats of sharp price spikes."
2023-02-12,"Energy:OT values are anticipated to experience continued fluctuations over the next 48 weeks, with a general trend towards moderation from recent highs, though temporary seasonal increases are likely. The primary drivers will be global crude oil prices, heavily influenced by ongoing geopolitical instability and the balance of supply against potentially slowing global demand, while low strategic reserves pose an upside risk."
2023-02-19,"Prices are expected to generally stabilize or gradually decline over the next 48 weeks, supported by record US crude oil production and a potential softening of global demand. However, ongoing geopolitical tensions and seasonal demand increases present notable risks for renewed upward volatility."
2023-02-26,"Gasoline prices are anticipated to remain relatively stable or see a moderate decline over the next 48 weeks, supported by robust U.S. crude oil production and easing demand. However, global geopolitical events and crude oil market fluctuations will continue to introduce volatility."
2023-03-05,"Energy:OT values are expected to fluctuate with a slight upward bias over the next 48 weeks, primarily influenced by global crude oil prices and seasonal demand increases during the summer. Significant volatility remains a risk due to potential geopolitical developments and supply-side constraints."
2023-03-12,"Energy:OT prices are expected to experience an initial seasonal increase through the summer, driven by demand and crude oil market dynamics, before potentially moderating later in the forecast period. Significant volatility remains a key characteristic, influenced by global supply conditions and geopolitical events."
2023-03-19,"Energy:OT prices are expected to trend upwards over the next 48 weeks, driven by seasonal demand and anticipated increases in crude oil prices. Continued volatility is likely, influenced by global supply-demand dynamics and potential geopolitical developments."
2023-03-26,"Energy:OT prices are expected to rise through the upcoming summer driving season, primarily driven by seasonal demand and projected increases in crude oil prices. Following this peak, a moderate decline is anticipated towards the end of the year, with overall volatility remaining significant due to potential supply disruptions and geopolitical factors."
2023-04-02,"Gasoline prices are projected to resume an upward trajectory through the summer of 2023 due to seasonal demand and rising crude oil prices. Expect continued price volatility over the next year, primarily influenced by global supply constraints and geopolitical events."
2023-04-09,"Energy prices are anticipated to trend higher over the next 48 weeks, primarily driven by recent OPEC+ production cuts and seasonal demand patterns. Significant volatility is expected, with prices remaining sensitive to global crude oil market shifts, geopolitical events, and the broader economic outlook."
2023-04-16,"Energy prices are expected to trend upwards over the next 48 weeks, primarily driven by recent OPEC+ production cuts and anticipated increases in global demand. High volatility will persist due to ongoing geopolitical uncertainties and the potential for further supply-side adjustments."
2023-04-23,"Energy:OT prices are projected to rise over the next 48 weeks, primarily driven by recent OPEC+ oil production cuts and increasing seasonal demand. High volatility is expected to persist, influenced by global supply dynamics and geopolitical factors."
2023-04-30,"The series is expected to experience upward pressure in the near term due to OPEC+ production cuts and seasonal demand, though global economic concerns and increasing US production may temper this rise. Expect significant volatility throughout the forecast horizon, driven by geopolitical events and the dynamic balance of supply and demand."
2023-05-07,"Energy:OT values are expected to exhibit moderate volatility over the next 48 weeks. While recent global economic concerns and strong US production may temper prices in the short term, ongoing OPEC+ production cuts will likely provide underlying support, leading to a generally stable to slightly upward trend."
2023-05-14,"Energy:OT prices are expected to experience moderate volatility over the next 48 weeks, likely stabilizing or slightly declining initially due to economic concerns before a potential rise into summer from seasonal demand and OPEC+ production cuts, followed by stabilization or a gentle decline. Key drivers and notable risks include global crude oil prices, economic conditions, and geopolitical developments."
2023-05-21,"The Energy:OT values are projected to trend upward through the summer, driven by seasonal demand and recent OPEC+ production cuts, with significant volatility expected to persist due to global economic uncertainties. Prices will likely moderate later in the year as seasonal demand wanes, but remain susceptible to geopolitical developments."
2023-05-28,"Energy:OT prices are expected to remain volatile over the next 48 weeks, with a likely upward trend in the near term driven by OPEC+ production cuts and seasonal demand, potentially followed by stabilization or slight declines. The overall trajectory will be highly sensitive to global crude oil supply management and evolving economic conditions."
2023-06-04,"The Energy:OT value is anticipated to remain highly volatile over the next 48 weeks, with an expected near-term increase driven by recent OPEC+ production cuts and seasonal demand. Prices will likely fluctuate significantly, influenced by global crude oil supply decisions, geopolitical developments, and evolving economic conditions."
2023-06-11,"Energy:OT prices are expected to remain volatile over the next 48 weeks, with a general tendency for upward movement driven by persistent oil production cuts from OPEC+ and Saudi Arabia. However, potential price increases will likely be constrained by ongoing global economic uncertainties and their impact on demand."
2023-06-18,"""Energy:OT"" prices are expected to trend upward in the near term, driven by recent oil production cuts and seasonal demand, before potentially stabilizing or experiencing moderate declines later in the forecast horizon due to global economic uncertainties. Volatility remains a significant risk, influenced by geopolitical developments and OPEC+ supply decisions."
2023-06-25,"Energy:OT values are expected to trend higher over the next 48 weeks, primarily driven by OPEC+ supply cuts, though this will be tempered by global economic concerns and demand fluctuations, maintaining high volatility. Significant price swings are anticipated, with geopolitical developments remaining a key risk."
2023-07-02,"Energy:OT prices are expected to exhibit moderate upward pressure in the coming months, influenced by seasonal demand and OPEC+ production cuts, before potentially stabilizing or declining in colder periods. Significant volatility will persist, with crude oil market dynamics, global economic conditions, and geopolitical events remaining the primary drivers."
2023-07-09,"The Energy:OT market faces sustained volatility over the next year, as upward price pressure from OPEC+ production cuts and tightening inventories contends with robust US production and global economic concerns. Prices are expected to remain elevated, with moderate increases and seasonal fluctuations driven by these competing supply and demand dynamics."
2023-07-16,"Gasoline prices are projected to remain volatile over the next 48 weeks, primarily influenced by global crude oil supply decisions, particularly from OPEC+, and shifts in demand. A likely seasonal pattern suggests a potential decline in late summer/fall, followed by an upward trend into next spring, with geopolitical tensions and broader economic conditions posing significant risks."
2023-07-23,"Energy:OT values are anticipated to experience a gradual upward trend over the next 48 weeks, primarily driven by OPEC+ supply management and expected seasonal demand. This upward trajectory will likely be tempered by ongoing global economic uncertainties and robust US production, leading to moderate volatility."
2023-07-30,"The ""Energy:OT"" values are expected to experience moderate upward pressure in the near term due to ongoing supply constraints and low inventories, followed by continued volatility driven by seasonal demand shifts and global economic factors. While extreme price spikes like those seen in 2022 are less probable without major new geopolitical shocks, the market remains sensitive to supply-side decisions and broader economic health."
2023-08-06,"Energy:OT prices are likely to remain elevated and face upward pressure over the next 48 weeks, primarily driven by sustained oil production cuts from major producers. While seasonal demand shifts and global economic conditions will introduce volatility, the overall trend points towards higher prices with risks of significant spikes if supply remains constrained."
2023-08-13,"Gasoline prices are expected to continue their upward trend, primarily driven by ongoing crude oil supply cuts from OPEC+ and Saudi Arabia, coupled with tight global inventories. High volatility will persist, influenced by geopolitical developments and evolving demand dynamics."
2023-08-20,"Energy:OT values are projected to continue rising over the next 48 weeks, primarily driven by sustained global oil production cuts, tight inventories, and refinery constraints. Expect continued volatility, with potential for further upward pressure from strong demand and geopolitical events."
2023-08-27,"The ""Energy:OT"" is forecast to experience continued upward pressure, driven by persistent oil production cuts, tight global supplies, and domestic refinery challenges. Expect elevated volatility as these supply-side factors interact with demand over the coming year."
2023-09-03,"Energy:OT values are expected to trend upward over the next 48 weeks, primarily driven by persistent global oil production cuts and tight U.S. gasoline inventories. High volatility is anticipated due to ongoing supply-demand imbalances and potential geopolitical developments, leading to generally elevated price levels."
2023-09-10,"Energy:OT prices are projected to experience an upward trend over the next year, primarily driven by sustained oil production cuts from key global producers. High volatility is expected due to ongoing geopolitical instability and potential supply chain disruptions."
2023-09-17,"The Energy:OT values are expected to continue their recent upward trend, primarily driven by sustained global oil production cuts and tight inventories. Significant volatility will likely persist due to geopolitical factors and potential refinery disruptions."
2023-09-24,"Energy:OT prices are projected to maintain an upward trajectory over the next 48 weeks, primarily driven by sustained oil production cuts from major producers and ongoing refinery challenges tightening global supplies. Expect continued significant volatility, with prices susceptible to shifts in global economic demand and geopolitical developments."
2023-10-01,"The ""Energy:OT"" prices are expected to remain elevated, with a potential for continued upward movement in the near term, primarily driven by persistent global oil production cuts and tight supply. Significant volatility is anticipated over the next year due to ongoing geopolitical risks, refinery challenges, and the potential for seasonal demand fluctuations."
2023-10-08,"Gasoline prices are expected to follow a seasonal pattern, declining through winter before rising next spring and summer, but significant upward volatility and risk are present due to geopolitical conflicts and global oil supply dynamics."
2023-10-15,"Gasoline prices are anticipated to decline in the coming months due to seasonal patterns and recent crude oil market trends. However, the next year is expected to be highly volatile with significant upward price spikes possible, primarily driven by persistent geopolitical risks like the Israel-Hamas conflict, ongoing OPEC+ supply management, and refinery capacity challenges."
2023-10-22,"Gasoline prices are expected to exhibit significant volatility over the next year, likely declining seasonally into winter before rising in spring and summer 2024, driven by persistent OPEC+ production cuts and the depleted US Strategic Petroleum Reserve. Geopolitical tensions, particularly the potential escalation of the Israel-Hamas conflict, pose a substantial upward risk to prices."
2023-10-29,"The values for Energy:OT are currently experiencing a sharp decline, driven by falling crude oil costs, a trend anticipated to persist through the winter. This downward movement will likely reverse in spring and summer due to seasonal demand, with significant upside volatility risks stemming from geopolitical tensions and potential OPEC+ supply decisions."
2023-11-05,"Gasoline prices are expected to continue their seasonal decline through the winter, driven by lower demand and crude oil costs. However, significant upward volatility is anticipated in the spring and summer, primarily influenced by potential OPEC+ production decisions and escalating geopolitical tensions."
2023-11-12,"Energy:OT prices are expected to continue their recent downward trend into early 2024, driven by lower crude oil prices and seasonal demand. A significant seasonal rebound is anticipated in spring and summer 2024 due to increased demand, though global supply dynamics and geopolitical tensions introduce considerable volatility and upward risk throughout the forecast period."
2023-11-19,"Energy:OT values are expected to continue their seasonal decline into early 2024, followed by a typical rise through spring and summer, peaking around mid-year, before resuming a downward trend in the fall. The forecast carries notable volatility risks from ongoing geopolitical tensions and global crude oil supply management."
2023-11-26,"Gasoline prices are expected to continue their recent downward trend through the winter, followed by a significant seasonal increase in spring and summer 2024. The coming year will likely exhibit elevated volatility and an overall upward bias, primarily driven by OPEC+ supply decisions, potential geopolitical events, and refinery operational challenges."
2023-12-03,"Gasoline prices are expected to continue their current downward trend into early winter, driven by seasonal demand and lower crude oil prices. A seasonal rebound is anticipated in the spring and summer months, but significant volatility will persist, primarily influenced by global crude oil supply dynamics, geopolitical events, and broader economic conditions."
2023-12-10,"Gasoline prices are set to continue their seasonal decline into early 2024, primarily influenced by lower crude oil prices and reduced demand. A subsequent upward trend is expected through spring and summer, with significant volatility driven by ongoing crude oil market dynamics and potential geopolitical developments."
2023-12-17,"Gasoline prices are anticipated to experience a seasonal uptick in the first half of the year, driven by rising demand and potential crude oil price firming, before a likely moderation in the latter half. High volatility is expected throughout the period, primarily influenced by global crude oil supply dynamics, geopolitical events, and refinery stability."
2023-12-24,"Energy:OT values are projected to increase in the coming weeks, driven by recent geopolitical disruptions in the Red Sea and anticipated seasonal demand. High volatility is expected throughout the next year, primarily influenced by persistent global supply chain risks and crude oil price dynamics."
2023-12-31,"Energy:OT prices are anticipated to follow a seasonal pattern, rising through spring and summer 2024 before a year-end decline. Persistent geopolitical tensions and potential supply disruptions introduce significant volatility and upward risk throughout the forecast period."
2024-01-07,"Expect gasoline prices to experience a seasonal increase through the spring and summer months, potentially moderating towards the end of the year. The market will remain highly volatile, primarily driven by global crude oil supply decisions, geopolitical tensions, and domestic refinery operations."
2024-01-14,"Following recent declines, gasoline prices are expected to stabilize in the short term, but will likely experience upward pressure and increased volatility over the next year. This will be primarily driven by the upcoming seasonal demand, potential escalations in geopolitical tensions such as Red Sea disruptions, and ongoing OPEC+ supply management."
2024-01-21,"Energy:OT prices are anticipated to rise seasonally through the spring and summer months, driven by increased demand and potential supply constraints. This upward trend is expected to be followed by a seasonal decline towards the end of 2024, with overall volatility remaining high due to persistent geopolitical risks and global supply-demand dynamics."
2024-01-28,"The next 48 weeks are expected to see a seasonal increase in gasoline prices from current low levels through the spring and summer, followed by a decline towards year-end. Significant volatility is anticipated, primarily driven by ongoing geopolitical tensions, OPEC+ supply decisions, and global economic conditions."
2024-02-04,"Energy:OT prices are anticipated to experience a seasonal increase through spring and summer, driven by rising demand and potential supply constraints. Volatility is expected to persist, primarily influenced by ongoing geopolitical tensions and OPEC+ production decisions, which pose significant upside risks to prices before a likely seasonal decline in late fall and winter."
2024-02-11,"Energy:OT values are expected to increase through spring and summer, driven by seasonal demand and refinery operations, before declining in the autumn and winter months. High volatility is anticipated throughout the year, with significant upward risks stemming from geopolitical tensions and crude oil price fluctuations."
2024-02-18,"The Energy:OT values are projected to experience a seasonal increase through the spring and summer of 2024, driven by rising demand and potential supply constraints, before declining into the winter months. Significant volatility is anticipated, influenced by global crude oil market dynamics, geopolitical events, and refinery operational stability."
2024-02-25,"Energy:OT prices are expected to continue their recent upward trajectory into the spring and summer, driven by seasonal demand and persistent geopolitical tensions. High volatility is anticipated, with potential for significant price spikes due to supply constraints or further global instability."
2024-03-03,"The forecast for Energy:OT indicates a strong upward trend through the spring and summer, driven by increasing seasonal demand, tightening supply, and the recent Russian gasoline export ban. Significant volatility is anticipated due to persistent geopolitical tensions and potential supply disruptions, with prices expected to remain elevated even during the typical autumn/winter decline."
2024-03-10,"The values for Energy:OT are expected to continue their upward trajectory through the spring and summer, propelled by seasonal demand, reduced refinery activity, and geopolitical factors such as Russia's gasoline export ban. While a seasonal decline is likely towards the end of the year, significant volatility will persist, driven by global crude oil market dynamics, OPEC+ supply decisions, and ongoing geopolitical tensions."
2024-03-17,"The Energy:OT values are projected to rise through the spring and summer due to seasonal demand and refinery constraints, followed by a seasonal decline in late 2024. High volatility is expected throughout the year, driven by persistent global supply uncertainties and geopolitical events."
2024-03-24,"The Energy:OT values are expected to continue their current upward trend into the summer due to seasonal demand and ongoing supply constraints, followed by a typical seasonal decline in late 2024 and a subsequent rise in early 2025. Significant volatility persists throughout the forecast horizon, primarily driven by geopolitical tensions and refinery operational issues."
2024-03-31,"Gasoline prices are expected to continue their upward trend over the next year, driven by increasing seasonal demand, rising crude oil costs, and ongoing refinery challenges. The market will likely experience significant volatility due to persistent geopolitical tensions and potential supply disruptions."
2024-04-07,"""Energy:OT"" values are expected to continue their current upward trend into the summer months, driven by seasonal demand and elevated crude oil prices, before experiencing a typical seasonal decline in late fall and winter. The market will remain highly volatile over the next year, with significant risks stemming from ongoing geopolitical tensions and potential supply chain disruptions."
2024-04-14,"Energy:OT prices are projected to continue their current upward trajectory through the summer, fueled by seasonal demand, rising crude oil prices, and persistent refinery challenges. Significant volatility is expected due to geopolitical risks and supply constraints, with a subsequent seasonal downturn anticipated towards the end of the forecast period before a new upward cycle begins."
2024-04-21,"The current strong upward trajectory in gasoline prices will likely persist through the summer, fueled by seasonal demand, elevated crude oil costs, and ongoing supply constraints. High volatility is expected, with a significant risk of further price surges if geopolitical conflicts, especially in the Middle East, intensify."
2024-04-28,"Gasoline prices are anticipated to show considerable volatility over the next 48 weeks, likely rising through the summer driving season before a seasonal downturn in late autumn and winter, then increasing again in early 2025. Geopolitical tensions, particularly in the Middle East, pose a significant upside risk, while global crude oil supply and demand dynamics will continue to be primary drivers."
2024-05-05,"Following a recent slight dip, energy prices are anticipated to resume an upward seasonal trend through the summer driving season, peaking in late summer before a typical decline into winter. The market faces considerable volatility and upward price risks driven by ongoing geopolitical tensions and potential supply disruptions."
2024-05-12,"The forecast anticipates continued upward pressure on prices through the summer driving season, driven by seasonal demand and ongoing supply constraints, followed by a seasonal decline into late 2024 and early 2025. Significant volatility is expected throughout the year, primarily influenced by global crude oil market dynamics, inventory levels, and the persistent risk of geopolitical events escalating in the Middle East."
2024-05-19,"Over the next 48 weeks, Energy:OT values are expected to follow a distinct seasonal pattern, rising through summer before declining into winter and then increasing again in spring 2025. Moderate volatility will persist, primarily driven by global crude oil prices and significant geopolitical risks, particularly potential supply disruptions in the Middle East."
2024-05-26,"Energy:OT prices will likely continue their current upward trajectory into the summer, driven by seasonal demand and ongoing supply concerns, before experiencing a seasonal decline in late 2024. Significant volatility is anticipated throughout the next year, primarily influenced by global crude oil market dynamics, geopolitical events, and potential refinery disruptions."
2024-06-02,"Energy:OT prices are expected to remain highly volatile over the next 48 weeks, with an overall upward trajectory anticipated. This trend will be primarily driven by seasonal demand, ongoing geopolitical tensions, and global crude oil supply dynamics, with significant risks stemming from potential supply disruptions, particularly from Middle East conflicts."
2024-06-09,"Energy:OT prices will likely continue their upward trend through the summer driving season, driven by seasonal demand and ongoing supply constraints, before experiencing a typical seasonal decline in late 2024. Significant volatility is expected throughout the forecast period due to persistent geopolitical risks and crude oil price fluctuations."
2024-06-16,"Gasoline prices are projected to follow a strong seasonal pattern, rising through the summer driving season before declining into winter and then increasing again in spring 2025. This outlook is subject to moderate volatility, with potential for upward price spikes driven by geopolitical events and crude oil supply disruptions, though recent crude oil surplus may temper summer increases."
2024-06-23,"Energy prices are anticipated to continue their upward trend into the summer of 2024, driven by seasonal demand and refinery dynamics, before experiencing a typical decline in late 2024 and an eventual rebound in early 2025. Significant volatility is expected throughout the period, primarily influenced by crude oil price fluctuations and geopolitical developments."
2024-06-30,"Energy:OT values, despite a recent slight dip, are expected to resume an upward trajectory through the summer driving season, driven by increasing demand and persistent geopolitical risks. Over the next year, significant volatility is anticipated, with a likely seasonal decline in colder months, heavily influenced by crude oil prices and potential supply disruptions."
2024-07-07,"Energy:OT prices are expected to continue their seasonal ascent into the summer, followed by a typical decline into the winter months, and then another seasonal rise in spring 2025. High volatility is anticipated throughout the forecast period, primarily influenced by global crude oil market dynamics and persistent geopolitical risks."
2024-07-14,"The ""Energy:OT"" metric will likely see a continued upward trend into the summer driving season, followed by a seasonal decline through autumn and winter, before resuming an upward trajectory next spring. High volatility is anticipated throughout the next year, primarily influenced by crude oil market dynamics, persistent geopolitical risks, and refinery supply-side factors."
2024-07-21,"Over the next 48 weeks, gasoline prices are forecast to exhibit strong seasonality, with an expected rise into the summer driving season followed by a decline through winter, before resuming an upward trend next spring. The market will remain highly volatile, primarily driven by crude oil price fluctuations, refinery operational issues, and geopolitical events."
2024-07-28,"The Energy:OT metric is expected to initially rise through the summer driving season, driven by seasonal demand and ongoing refinery constraints. Over the next 48 weeks, a pronounced cyclical pattern is anticipated, with values peaking in late summer/early autumn, declining into winter, and then rebounding in spring, all subject to significant volatility from global crude oil market dynamics and persistent geopolitical risks, particularly in the Middle East."
2024-08-04,"Energy prices are currently on an upward trajectory, driven by seasonal demand and refinery activity, though a recent dip in crude oil prices may offer temporary stabilization. Over the next 48 weeks, expect continued significant volatility, with prices likely to follow a pronounced seasonal pattern of summer peaks and winter troughs, heavily influenced by global crude oil supply, geopolitical stability, and inventory levels."
2024-08-11,"Energy:OT prices are expected to follow a seasonal pattern, increasing into the summer, declining through late 2024, and then rising again in early 2025. Volatility remains a key feature, driven by seasonal demand, refinery activity, and significant upward risks from geopolitical tensions, particularly in the Middle East."
2024-08-18,"The forecast anticipates a pronounced seasonal pattern, with values likely increasing through the summer months before a decline into winter and a subsequent rise next spring. However, heightened geopolitical tensions and ongoing supply concerns introduce significant upside volatility, potentially pushing prices higher than recent seasonal peaks."
2024-08-25,"Over the next 48 weeks, Energy:OT prices are anticipated to exhibit a pronounced seasonal pattern, rising through the summer driving season before a decline into winter, followed by an uptick in early 2025. Significant volatility is expected, primarily driven by ongoing geopolitical risks in the Middle East and dynamic shifts in global crude oil supply and demand."
2024-09-01,"Energy:OT values are expected to generally trend upward through the summer, driven by seasonal demand, despite potential short-term fluctuations from crude oil market dynamics. A subsequent seasonal decline is anticipated into the fall and winter, with overall high volatility continuing due to geopolitical tensions and evolving supply-demand balances."
2024-09-08,"Gasoline prices are expected to resume their seasonal upward trend through the summer driving season, despite a recent slight dip, followed by a decline in late 2024, and a subsequent rise in early 2025. High volatility will persist, primarily driven by global crude oil supply-demand dynamics, ongoing geopolitical tensions, and refinery operational stability."
2024-09-15,"The energy values are expected to continue their general upward trend into the summer, driven by seasonal demand, before a seasonal decline into winter and a subsequent rise next spring. High volatility will persist throughout the forecast horizon, primarily influenced by geopolitical events and crude oil market dynamics."
2024-09-22,"The current upward trend in energy prices, driven by seasonal demand and refinery activity, will likely continue into the summer, followed by a typical decline in winter and a subsequent rise in spring 2025. Expect sustained volatility throughout the forecast period due to ongoing geopolitical tensions and dynamic shifts in global crude oil supply and demand."
2024-09-29,"Energy commodity prices are expected to follow their typical seasonal pattern, rising through the summer due to increased demand and potentially tight inventories, then moderating into winter before another seasonal increase next spring. However, significant volatility is likely, primarily driven by global crude oil price movements and persistent geopolitical tensions, especially in the Middle East, which pose a substantial risk for sudden upward price movements."
2024-10-06,"Gasoline prices are expected to continue their upward seasonal trajectory through the summer, driven by robust demand and recent crude oil market strength, although the latest crude data indicates some softening. Over the next year, significant volatility is anticipated due to persistent geopolitical risks, refinery maintenance schedules, and fluctuating inventory levels, with a typical seasonal downturn in late fall/winter followed by a renewed increase next spring."
2024-10-13,"Energy:OT is forecast to experience an upward trend through the summer driving season, followed by a seasonal decline in late fall and winter. Elevated volatility will persist due to ongoing geopolitical risks impacting crude oil supply and potential refinery disruptions."
2024-10-20,"Energy:OT prices are projected to trend upward through the summer due to seasonal demand and persistent supply constraints from major producers, before a seasonal decline into winter. Significant geopolitical risks, particularly in the Middle East, introduce high volatility and the potential for sharp price increases."
2024-10-27,"Energy:OT prices are expected to follow a strong seasonal pattern over the next 48 weeks, rising through summer 2024, declining into winter, and then beginning another ascent. Significant volatility is anticipated, driven primarily by global crude oil market dynamics, seasonal demand shifts, and persistent geopolitical risks."
2024-11-03,"The Energy:OT values are projected to rise through the summer driving season, primarily influenced by seasonal demand and potential geopolitical disruptions to crude oil supply. High volatility is expected to persist throughout the forecast horizon, with a subsequent seasonal decline anticipated into the winter months."
2024-11-10,"The Energy:OT values are expected to continue their seasonal upward trend through the summer months, driven by increased demand, before typically declining into the autumn and winter. Significant volatility is anticipated, with substantial upward price risks stemming from persistent geopolitical tensions and potential supply disruptions, although recent crude oil price declines due to surplus and decreased demand could temper immediate increases."
2024-11-17,"Energy:OT prices are expected to exhibit a seasonal pattern over the next 48 weeks, with an initial rise into the summer driving season followed by a decline in late 2024 and a subsequent increase in early 2025. High volatility persists due to ongoing geopolitical tensions, crude oil supply dynamics, and refinery operational challenges."
2024-11-24,"Energy:OT values are expected to follow a seasonal pattern, trending upward through the summer driving season before a typical decline in late fall and winter, with a potential rebound in early 2025. High volatility is a key characteristic, driven by ongoing geopolitical tensions and the delicate balance of global crude oil supply and demand."
2024-12-01,"Gasoline prices are expected to see an initial upward trend through the summer driving season due to increased demand and persistent supply constraints, followed by a seasonal decline in late fall and winter. The market will remain highly volatile, primarily driven by global crude oil prices, geopolitical developments, and refinery operational stability."
2024-12-08,"Energy prices are poised for a seasonal increase into the summer months, driven by rising demand and ongoing geopolitical tensions, despite recent short-term crude oil price declines. Expect high volatility throughout the next year, with prices remaining sensitive to global supply decisions, refinery outages, and broader economic shifts, likely moderating seasonally in late 2024."
2024-12-15,"Energy:OT prices are forecast to continue their upward trend into the summer, driven by seasonal demand and geopolitical supply risks, followed by a seasonal decline in late 2024 and a subsequent rebound in early 2025. Volatility will remain elevated throughout the period, primarily influenced by crude oil market dynamics, refinery operations, and global economic conditions."
2024-12-22,"Gasoline prices are forecast to exhibit a typical seasonal pattern over the next year, rising through the summer driving season, declining into winter, and then increasing again in spring 2025. Significant volatility is expected, with geopolitical instability in the Middle East and crude oil supply dynamics posing substantial upside risks to this trajectory."
2024-12-29,"The Energy:OT values are expected to continue their seasonal ascent through the summer driving season, followed by a typical decline into winter and a subsequent rise into next spring. This period will likely see notable volatility, primarily influenced by global crude oil market shifts, refinery operations, and persistent geopolitical risks."
2025-01-05,"Gasoline prices are expected to continue their seasonal upward trend into the summer, driven by increasing demand and potential refinery limitations, followed by a seasonal decline towards winter. High volatility is anticipated, primarily influenced by global crude oil market fluctuations and ongoing geopolitical tensions."
2025-01-12,"Energy:OT prices are anticipated to remain volatile over the next 48 weeks, likely experiencing seasonal increases through the summer months, followed by a potential decline in late fall/winter, and a subsequent rise into spring 2025. Persistent geopolitical tensions and refinery disruptions pose significant upside risks, while global crude oil supply and demand dynamics will be the primary drivers."
2025-01-19,"The next 48 weeks will likely see the continuation of the established seasonal pattern, with prices increasing through the summer due to rising demand and crude oil costs, followed by a decline in winter and a subsequent rise in spring 2025. Geopolitical instability, particularly in the Middle East, and potential refinery disruptions present significant risks for upward price volatility."
2025-01-26,"After a recent slight dip, Energy:OT prices are anticipated to resume their seasonal ascent into the summer driving season, driven by rising demand and refinery operations, followed by a typical decline in colder months. Significant volatility is expected, primarily influenced by global crude oil supply and demand, geopolitical events, and refinery maintenance schedules."
2025-02-02,"Energy:OT prices are expected to rise through the summer driving season, then experience a seasonal decline in the fall and winter, before rebounding next spring. High volatility will persist, driven by geopolitical tensions, especially in the Middle East, and shifts in global crude oil supply and demand."
2025-02-09,"Despite recent crude oil price declines, prices are expected to continue their seasonal ascent through the summer driving season, followed by a typical decline in colder months and a subsequent rise next spring. High volatility will persist due to global supply dynamics and ongoing geopolitical tensions, with potential escalation in the Middle East posing a significant risk for sharp price increases."
2025-02-16,"Energy:OT prices are currently elevated and, after a potential near-term stabilization or slight dip driven by recent crude oil trends, are expected to rise further into the summer driving season before a seasonal decline through autumn and winter. Significant geopolitical tensions and ongoing refinery issues pose notable upside risks and could introduce considerable volatility throughout the forecast period."
2025-02-23,"The next 48 weeks are expected to follow seasonal patterns, with prices generally rising into the summer driving season before declining through autumn and winter, influenced by crude oil market dynamics. Persistent geopolitical tensions, particularly in the Middle East, and potential refinery disruptions pose significant risks for increased volatility and upward price pressure."
2025-03-02,"The next 48 weeks will likely see continued seasonal price fluctuations, with an expected rise into the summer months driven by demand and supply constraints, though a recent short-term crude oil price decline may offer some temporary moderation. Significant volatility is anticipated due to persistent geopolitical tensions and potential refinery issues, posing notable risks for upward price spikes throughout the forecast period."
2025-03-09,"Energy:OT values are expected to continue their seasonal upward trend through the summer, followed by a decline in the autumn and winter months, before resuming an upward trajectory next spring. The market will likely experience notable volatility driven by ongoing geopolitical tensions, particularly in the Middle East, and global supply management decisions."
2025-03-16,"Energy:OT values are likely to stabilize or see a slight dip in the immediate term due to recent crude oil price declines, before resuming an upward trend into the summer driving season. The forecast period will be marked by high volatility, primarily driven by persistent geopolitical risks and evolving supply-demand dynamics, with a seasonal downturn expected later in the year."
2025-03-23,"Transportation energy prices are expected to continue their upward trend into the summer driving season, sustained by seasonal demand and geopolitical risks. A subsequent seasonal decline is anticipated in late fall, though overall volatility will remain high due to global supply dynamics and potential refinery disruptions."
2025-03-30,"Energy:OT prices are expected to exhibit seasonal fluctuations over the next 48 weeks, initially rising through the summer driving season, then declining into late autumn and winter, before resuming an upward trend in early 2025. High volatility will persist, primarily influenced by global crude oil supply and demand, geopolitical developments, and refinery output, with significant upside risk from potential supply disruptions."
2025-04-06,"The ""Energy:OT"" values are expected to continue their upward trajectory through the summer, driven by seasonal demand and ongoing geopolitical tensions, before experiencing a typical seasonal decline in late 2024 and a subsequent rise into spring 2025. Significant volatility is anticipated across the forecast horizon, with crude oil market dynamics and global supply chain stability remaining the primary drivers and risks."
