end_date,intrinsic,trigger
1993-04-11,"Global oil market changes due to US shale gas production and rising oil production in Iraq, potentially leading to lower oil prices.",
1993-04-18,Historical 1973 oil embargo's impact on energy; ongoing oil price fluctuations and industry adaptation.,
1993-04-25,Cook Islands economy shifted to market-driven pricing after years of controls; latest US inflation report released.,
1993-05-02,Fact: KIA MPV (RV) country of origin is the United States and runs on Gasoline Fuel.,
1993-05-09,Ongoing concern about gasoline and fuel oil prices in 1993.,Uncovering of a state tax evasion scheme for gasoline and fuel oil sales.
1993-05-16,US oil and gas industry interests in western states; Wyoming Oil and Gas Commission information; expected continued oil price volatility.,
1993-05-23,Fact: Cost of practice varies among fuel and motor oil dealers and auctioneers in the US.,
1993-05-30,Oil production and energy security were general concerns in 1993.,
1993-06-06,Gasoline price was a significant factor in the US and India; clear premium gasoline was introduced.,
1993-06-13,"Factual decline in petroleum and crude oil prices in May 1993. Expected increase in coconut, copra, and palm oil prices. Short-term oil prices may decline/stabilize.",
1993-06-20,"Real price of Gulf oil underestimated, leading to overestimation of alternative fuel prices.",
1993-06-27,"IMF reported easing price pressures in world oil markets, suggesting stable oil prices and potential economic growth.",
1993-07-04,Supreme Court decision on oil/gas production costs affecting the economy of oil and gas extraction.,
1993-07-11,"Oil prices were at rock bottom during 1993, representing a realized market condition for the period.",
1993-07-18,"In 1993, 83% of recycled used oil in the US was reprocessed for fuel, indicating a factual dynamic in resource management.",
1993-07-25,,Scandal involving state energy conglomerate ENI and suicide of its former chairman Gabriele Cagliari.
1993-08-01,"Presumptive NOx RACT emissions rates for gas/oil are 0.20-0.30, reflecting existing regulatory guidelines and potential for fuel switching.",
1993-08-08,"Clinton administration passed a budget bill, increasing gasoline tax from 14.1 to 18.4 cents per gallon.",
1993-08-15,"Proposed Alaska tax rates in 1993 would make fuel oil heating most expensive, about $88 per household.",
1993-08-22,"{""intrinsic"": """", ""trigger"": """"}",
1993-08-29,Realized oil price around $28/barrel in August 1993; copper price sensitivity to export earnings.,
1993-09-05,US experienced rapid economic growth and an external surplus in 1993.,
1993-09-12,Objective fact: fuel cost is a significant factor in total rulemaking cost for ultralight vehicles in the US.,
1993-09-19,"General economic and energy-related discussions in the US, including tuition prices, NOx emissions, gasoline tax, and information infrastructure.",
1993-09-26,"US economy and energy activities, including investment in fuel expansion, natural gas development, and ongoing oil price fluctuations.",
1993-10-03,"Research findings on sunflower oil as a diesel fuel substitute, noting its energy content and potential long-term impact on the energy sector.",
1993-10-10,US consumes 20% of world oil; short-term prices expected to remain high due to inflation and consumption patterns.,
1993-10-17,Gasoline prices increased.,U.N. sanctions in Haiti.
1993-10-24,US government issued Executive Order 12873 to reduce energy consumption and promote energy efficiency.,
1993-10-31,"Realized 1993 inflation rate of 2.9% and fiscal deficit of US$290 billion, potentially causing market uncertainty.",
1993-11-07,"General legal principle: agreement to fix, raise, or maintain retail gasoline prices is a crime.",
1993-11-14,"Gasoline prices were high in 1993, with a significant 5% rise occurring for the second time.",
1993-11-21,"{""intrinsic"": """", ""trigger"": """"}",
1993-11-28,Historical fact: 1979 gasoline shortage led to the development of oil stations.,
1993-12-05,"U.S. economy affected by costs of crude oil, gasoline, heating oil, and other energy inputs, influencing inflation and interest rates.",
1993-12-12,"{""intrinsic"": """", ""trigger"": """"}",
1993-12-19,Fundamental relationship: gasoline price is affected by crude oil cost.,
1993-12-26,Factual comparison of crude oil and natural gas prices to drilling costs; oil prices fluctuate based on drilling costs and trade agreements.,
1994-01-02,"Omnibus Budget Reconciliation Act of 1993, enacted in August, included oil shale price support, influencing energy policy and oil market dynamics.",
1994-01-09,US Department of the Interior assessed oil pollution regulation applicability.,
1994-01-16,"General economic fact regarding machine operating costs including fuel, oil, and labor; ongoing significance of oil prices for economy, monetary policy, and interest rates.",
1994-01-23,"Significant damage to natural-gas connections and high repair/replacement costs due to the earthquake, impacting energy supply.","Northridge earthquake on January 17, 1994, an unexpected exogenous shock causing significant damage to natural-gas infrastructure."
1994-01-30,Oil price changes and rising international interest rates were significant economic factors in 1994.,
1994-02-06,"Average residential prices for utility gas, electricity, and fuel oil were tracked in the US during 1994.",
1994-02-13,IMF reported on oil commodity prices and long-term developments in 1994.,
1994-02-20,"Gold prices increased significantly, matching the oil-price shock.",Oil-price shock occurred.
1994-02-27,US goal to reduce foreign petroleum dependence in the 1990s.,
1994-03-06,EPA report provides average crude corn oil prices from 1981-1994.,
1994-03-13,"Oil prices were at a low level in 1994, continuing a trend from late 1993 when crude oil and gasoline prices reached multi-year lows.",
1994-03-20,"Fact: US 1993 power generation fuel sources reported as 50.3% nuclear, 26.5% gas, 16.4% coal, 6.4% oil, 0.4% hydro.",
1994-03-27,"FOMC meeting discussed increased producer prices, driven by higher gasoline and heating oil costs, offsetting declining food prices.",
1994-04-03,"Economy and financial markets showed good results in March quarter 1994, driven by lower world oil prices reducing fuel and production costs.",
1994-04-10,"Concern over oil and gas prices led to people stockpiling oil, canned food, and non-perishable milk in anticipation of emergencies.",
1994-04-17,Fact on hydrocracking process for fuel production; predictions of energy price fluctuations and long-term shifts.,
1994-04-24,Ongoing impact of the 1973 oil embargo on the economy and energy prices.,
1994-05-01,"Oil border price for 1994 set at US$11.23/cubic meter, impacting smallwood production valuation.",
1994-05-08,"{""intrinsic"": """", ""trigger"": """"}",
1994-05-15,California's concern over petroleum market instability and environmental/economic disruptions; expected shift towards sustainable energy sources and alternative investments.,
1994-05-22,"US Army Medical Materiel Agency redistributes assets including fuel oils as of May 19, 1994.",
1994-05-29,"Depressed world oil prices continue to reduce government revenues, a long-standing issue since the early 1980s.",
1994-06-05,"World Bank model represents natural gas prices from old fields by oil prices; oil prices may continue to influence natural gas prices, causing fluctuations.",
1994-06-12,Cost of No. 2 fuel oil mentioned in analysis; insurance not part of production cost; oil prices a factor in North Sea.,
1994-06-19,"General factors affecting oil prices, including alternative fuels and government policies. Ongoing geopolitical tensions and supply chain disruptions causing short-term volatility. Long-term shift to renewable energy.",
1994-06-26,"Adjustment of US Code pay rates, considering gasoline and oil costs.",
1994-07-03,"Fact: Largest U.S. chemical company produces oil, natural gas, and gasoline.",
1994-07-10,"General fact about US farmers in 1994: fewer than 2 million, considered price-takers.",
1994-07-17,"{""intrinsic"": """", ""trigger"": """"}",
1994-07-24,"{""intrinsic"": """", ""trigger"": """"}",
1994-07-31,"Existing US environmental protection regulations for oil and gas, and their increasing importance potentially shifting energy practices long-term.",
1994-08-07,Historical fact on the origin of excluding petrol from inflation measures due to 1970s oil shocks.,
1994-08-14,"Discussion of historical costs (1977-1984) for Point Lisas complex (US$2,500M) and government's 75% investment borrowing.",
1994-08-21,"Oil price was $20/barrel in 1994, translating to $0.73/gallon gasoline, representing a general market condition.",
1994-08-28,"Natural gas prices plunged to a two-year low on August 25, 1994.",
1994-09-04,"Energy Secretary Hazel O'Leary heads the Economic Regulatory Administration, a key regulatory body.",
1994-09-11,"Fuel prices were a concern in 1994, with widespread strikes in some countries. Petrol and diesel prices were tracked in India.",
1994-09-18,"Average oil price for 1994 was $31 a barrel, a realized economic fact for the year.",
1994-09-25,Crude oil and coal prices are determined by international markets; energy prices expected to remain volatile due to global trends and supply/demand imbalances.,
1994-10-02,Delta Air Lines' 1994 fuel costs were highly sensitive to jet fuel price changes (approx. $25M per cent).,
1994-10-09,"{""intrinsic"": """", ""trigger"": """"}",
1994-10-16,"Expected revenue from gas guzzler taxes, potential economic effects of fuel taxes, and predictions of long-term energy market shifts and continued crude oil price volatility.",
1994-10-23,"Gasoline price reached nearly $20 a gallon in the U.S. on October 19, 1994.",Political or military crisis increased U.S. retail gasoline prices by five cents per gallon.
1994-10-30,Economy remained strong in certain states despite soft crude oil and natural gas prices in October 1994.,
1994-11-06,"Ongoing energy-related developments in the US, including damage-cost estimates by the Energy Commission and operation of central heating plants.",
1994-11-13,"Crystal Oil's shares rose due to its $101M sale of oil/gas fields to Apache Corporation, exemplifying ongoing energy industry consolidation.",
1994-11-20,"Honduras liberalized fuel oil prices in 1994, a factual policy change affecting economic and energy dynamics.",
1994-11-27,"{""intrinsic"": """", ""trigger"": """"}",
1994-12-04,Philippines' substantial hydro power resources support long-term energy diversification and insulate from oil price volatility. Short-term oil prices expected stable.,
1994-12-11,"{""intrinsic"": """", ""trigger"": """"}",
1994-12-18,Historical decline in butane price relative to gasoline (1987-1988).,
1994-12-25,No objective facts found regarding US gasoline or oil prices in search results for the week.,
1995-01-01,Historical fact: The oil shocks of the 1970s led to an expansion of Saudi Arabia's economy due to increased oil prices.,
1995-01-08,"Fact: Biomass power generation can decrease economic risks associated with fluctuating fossil fuel prices, representing a known economic dynamic.",
1995-01-15,"The US government maintains an underground petroleum storage facility, a standing fact impacting fuel and oil prices.",
1995-01-22,Ongoing considerable increase in oil prices over the last two years as of this week.,
1995-01-29,,Attempt to lower gasoline prices by releasing gasoline from the Northeast reserve.
1995-02-05,"{""intrinsic"": """", ""trigger"": """"}",
1995-02-12,"US imports petroleum at above international prices, as noted in an IMF report.",
1995-02-19,American Automobile Association reported 1994 gasoline and oil cost rates.,
1995-02-26,"{""intrinsic"": """", ""trigger"": """"}",
1995-03-05,Fuel price uncertainty in 1995 affected economic evaluation of energy efficiency projects.,
1995-03-12,Geological rating of Arctic Refuge coastal plain as the most promising onshore oil and gas exploration area in the US.,
1995-03-19,A known economic fact: US refiner's crude oil acquisition cost is a factor in determining jet fuel prices.,
1995-03-26,"Release of the latest US inflation report, providing clues for short-term gasoline price trends (decrease or stabilization).",
1995-04-02,World oil price is largely exogenous to U.S. economy; rising inflation and increasing costs of gasoline/electricity are current drivers for future price increases.,
1995-04-09,"Oil prices were lower on average in 1995, described as unreasonably low.",
1995-04-16,Consideration of alternate feedstocks in ammonia plants could impact natural gas demand.,
1995-04-23,Search results for prices were confirmed not related to United States gasoline or oil prices.,
1995-04-30,Annual US corrosion cost estimated by NACE at over $276 billion.,
1995-05-07,"Ongoing trend of rising oil prices from 1994, leading to expected short-term gasoline price increases based on current trends.",
1995-05-14,Factual dynamic: Barbados gasoline prices in 1995 were affected by oil import prices.,
1995-05-21,"{""intrinsic"": """", ""trigger"": """"}",
1995-05-28,US has been a net importer of natural gas since 1958; gasoline prices influenced by oil imports and potential environmental issues.,
1995-06-04,Railroad Commission's ongoing influence on oil and natural gas supply and price throughout the 20th century.,
1995-06-11,Known historical impact of late 1970s oil price increases on fuel prices.,
1995-06-18,General scientific fact regarding fuel oil evaporation dependence on temperature and composition.,
1995-06-25,Gasoline and oil prices dropped due to worries over rising supplies.,
1995-07-02,General conditions for 1995: relatively low fuel prices and declining oil production levels.,
1995-07-09,Ongoing concern about gasoline and oil costs and efforts to stabilize prices and regional stability.,
1995-07-16,"US ethanol production grew from a low base in 1995, indicating an ongoing trend for the year.",
1995-07-23,"Average US vehicle age reached a record 12.6 years, indicating people are keeping cars longer due to high prices.",
1995-07-30,Realized annual average price of LAB in the Community for 1995.,
1995-08-06,"International crude oil price rose 8% in July 1995; US gasoline stocks stable in August 1995, likely increasing short-term gasoline prices.",
1995-08-13,The United States has a Northeast gasoline reserve that can be used to influence prices.,
1995-08-20,"Gasoline prices nationwide dropped nearly 3 cents a gallon in the past three weeks, dipping below last year's average. Prices are expected to continue dropping or remain stable in the short term.",
1995-08-27,"Realized spot price for southwest Wyoming gas on August 21, 1995.",
1995-09-03,Average price for dimension stone in the US decreased from $182 to $176 per ton.,
1995-09-10,"The US is a net importer of crude oil, influencing gasoline and oil prices via global market trends and imports.",
1995-09-17,"US is a net importer of crude oil and petroleum products, with imports accounting for over 50% of crude oil used in 1994.",
1995-09-24,A 40% reduction in advertising rates occurred.,
1995-10-01,"The United States is the world's leading oil producer, and its oil sales fundamentally impact gasoline markets and marketing.",
1995-10-08,"US oil tax is a standing policy included in the price of petrol, diesel, and other fuels.",
1995-10-15,Motor fuel tax rate in Delaware is 6.00.,
1995-10-22,Fuel oil and gasoline prices discussed in environmental regulations and industry reports.,
1995-10-29,General economic principle: US economy is affected by world oil prices.,
1995-11-05,"Ongoing trend of declining crude oil production in the United States since 1986, suggesting potential long-term fuel price increases.",
1995-11-12,Crude oil prices surged in the United States in 1995 due to petroleum shortages.,
1995-11-19,U.S. natural gas resources support energy independence; long-term forecast assumes stable oil prices.,
1995-11-26,"State gas prices reached record highs, driven by a marked increase in crude oil prices.",
1995-12-03,Historical fact regarding 1979 US oil price decontrol and subsequent price rise.,
1995-12-10,Effort to lower gasoline prices via Northeast reserve release.,
1995-12-17,"{""intrinsic"": """", ""trigger"": """"}",
1995-12-24,Fact about US crude oil imports from countries like Angola.,
1995-12-31,Average US gas price in December 1995 was $1.08/gallon; Ethanol is consumed as fuel.,OPEC raised crude oil prices by 70 percent in 1995.
1996-01-07,US federal regulation of domestic petroleum prices causes crude oil overconsumption and underproduction.,
1996-01-14,"Fact about the FOTCO project in Pakistan, detailing its handling of furnace oil, motor gasoline, and high-speed diesel oil, with a project cost of US$ 100 million.",
1996-01-21,Fact: ADM is largest US ethanol producer. Long-term trend of US oil imports may continue to influence gasoline prices.,
1996-01-28,Analysis of potential carbon tax ($5/ton) impact on oil prices and $10-15B revenue generation.,
1996-02-04,"High gasoline prices are a problem due to oil and gas production issues, which the administration acknowledges.",
1996-02-11,DoD Financial Management Regulation and National Defense Authorization Act for FY 1996 outline pricing requirements for petroleum products.,
1996-02-18,"Gasoline price in the United States was $1.13 per gallon in 1996, a realized fact for the period.",
1996-02-25,"Oregon's economy: significant reliance on oil and motor gasoline, creating inherent risks.",
1996-03-03,"Historical fact: 1972-1978 OPEC embargo led to unilateral crude oil price increases, representing a known, foundational dynamic for oil markets.",
1996-03-10,Ongoing US five-cents-per-barrel tax on petroleum produced or imported.,
1996-03-17,Reporting of average residential utility prices in the U.S. city average and selected areas.,
1996-03-24,"{""intrinsic"": """", ""trigger"": """"}",
1996-03-31,"US crude oil, natural gas, and natural gas liquids estimates were completed.",
1996-04-07,"As of 1996, a $1 change in oil and gas lease prices affects exploration for conventional resources in the United States.",
1996-04-14,"{""intrinsic"": """", ""trigger"": """"}",
1996-04-21,"{""intrinsic"": """", ""trigger"": """"}",
1996-04-28,The volumetric unit of measure for crude oil and petroleum products is equivalent to 42 US gallons.,
1996-05-05,President Clinton announced sale of strategic oil reserves to curb an election-year surge in gasoline prices.,
1996-05-12,"Fact: Majority of US energy is from fossil fuels (coal, oil, natural gas).",
1996-05-19,"US is a major oil consumer, Nigeria a key supplier. Gasoline prices expected to be stable with normal global oil price fluctuations.",
1996-05-26,"Wholesale gasoline and crude oil prices fell in some US states as of May 22, 1996.",
1996-06-02,"Realized fact: Mild 1995 winter kept fuel oil prices in check, followed by higher prices due to cold Dec 1995 in the northeast.",
1996-06-09,Lack of direct information on United States gasoline or oil prices as of 1996.,
1996-06-16,"Fact: US gasoline prices are close to market prices, unlike most developed nations with heavy taxes.",
1996-06-23,Historical fact about oil prices and Soviet foreign policy in the late 1980s.,
1996-06-30,Research comparing fuel oil/diesel cost to gin trash utilization was prepared.,
1996-07-07,Introduction of cleaner-burning gasoline in California led to a sharp drop in benzene levels in the state's air.,
1996-07-14,Historical fact on 1970 oil price surge and its significant impact on European energy consumption.,
1996-07-21,Brunei's gasoline price subsidies and efforts to diversify its oil-based economy were ongoing as of 1996.,
1996-07-28,"{""intrinsic"": """", ""trigger"": """"}",
1996-08-04,"Fact: Operating expenses for a bus garage include gasoline, oil, tires, labor, parts, and insurance costs.",
1996-08-11,Historical fact about 1970s oil embargo leading to significant oil price increase.,
1996-08-18,Historical fact: US started phasing out lead from gasoline in mid-1970s in response to rising oil prices.,
1996-08-25,United States was a major oil and gas producer in 1996.,
1996-09-01,General fact: Market fuel price variations affect cost of goods and services.,
1996-09-08,"{""intrinsic"": """", ""trigger"": """"}",
1996-09-15,Factual sales data for Amoco (1994); long-term outlook for gasoline/oil prices due to alternative fuels and environmental policies.,
1996-09-22,Realized fact: Exxon is the largest oil company in the United States.,
1996-09-29,"US annual sales of explosives, mining, construction, and oil/gas industries were approximately $1 billion in 1996.",
1996-10-06,Fact about natural gas pricing: heating value is a criterion for pricing in many pipelines in the US and worldwide.,
1996-10-13,"US policy uses a 5-year rolling average for fuel oil prices, indicating expected market fluctuations.",
1996-10-20,Historical fact about oil price impact on car sales (1965-1990) and long-term expectations for the transportation sector.,
1996-10-27,"{""intrinsic"": """", ""trigger"": """"}",
1996-11-03,"{""intrinsic"": """", ""trigger"": """"}",
1996-11-10,"Reported gasoline, fuel oil, and engine oil prices in Liberia as of November 1996.",
1996-11-17,Expected long-term influence of global demand/supply on oil/gasoline prices; short-term volatility likely due to refinery operations and global events.,
1996-11-24,General historical fact: US has a history of oil and gas drilling activity.,
1996-12-01,"Historical fact on US natural gas price regulation: FERC regulated until 1985, with prices kept low until 1978.",
1996-12-08,"{""intrinsic"": """", ""trigger"": """"}",
1996-12-15,Reported short-run price elasticity of demand for crude oil.,
1996-12-22,Fact about existing records of U.S. Bureau of Mines containing information on Standard Oil Development.,
1996-12-29,"Release of the latest US inflation report, providing clues to future prices and interest rates.",
1997-01-05,Realized fact of jet fuel cost increase from 1995 to 1996.,
1997-01-12,"No direct information on current United States gasoline or oil prices; general mentions of natural gas, oil shale, and energy crises.",
1997-01-19,"Gasoline prices in the US were impacted by the results of the European Auto-oil programme, a realized fact within this week.",
1997-01-26,"{""intrinsic"": """", ""trigger"": """"}",
1997-02-02,US government implemented Executive Order 13031 promoting alternative-fueled vehicles.,
1997-02-09,Federal Reserve's ongoing study of oil price linkages to macroeconomic variables and the economy.,
1997-02-16,"US gasoline production and distribution is a complex system involving refining, transportation, and retailing.",
1997-02-23,"WTI prices, crude oil futures, and US refined products in bulk quantities were available in Houston, TX.",
1997-03-02,"Crude oil prices started firming in February 1997, indicating an upward trend in energy costs.",
1997-03-09,Retail gasoline prices in Russia exceeded US levels despite low crude oil prices as of March 1997.,
1997-03-16,"Ongoing influence of the Clean Air Act Amendments of 1990, a known regulatory factor affecting retail gasoline prices.",
1997-03-23,"Factual dynamics of gasoline/oil prices, noting historical volatility and potential for sudden changes.",
1997-03-30,,NYT reported widespread concern about crude-price swings impacting firms.
1997-04-06,"Crude oil prices rose 30% in 1997, leading to predictions of high and increasing gasoline prices in the short and long term based on current trends.",
1997-04-13,Historical fact: discovery of new oil reserves led to decreased gasoline prices in years before 1997.,
1997-04-20,"Reporting of average residential utility prices (gas, electricity, fuel oil) in the US.",
1997-04-27,"US imports oil and gas products as of 1997. Gasoline prices are influenced by global oil production, consumption, economic conditions, supply/demand, and are expected to fluctuate.",
1997-05-04,"Record oil industry spending at US Gulf lease sales in 1997, driven by high crude oil prices and profit expectations.",
1997-05-11,"Petrol price in US was 42.5¢/litre in 1997, with 59% tax, up from 9.2¢ in 1983.",
1997-05-18,"Fuel oil, gasoline, and natural gas prices increased in the United States as of May 1997, potentially leading to inflation and higher production costs.",
1997-05-25,"{""intrinsic"": """", ""trigger"": """"}",
1997-06-01,"US was a leading exporter of oil and oilseeds in 1997, also importing palm and coconut oil.",
1997-06-08,Predictions that gas prices would soar to $5 a gallon by 2012 were present as of 1997.,
1997-06-15,U.S. domestic oil trade structure involves Alaskan crude and foreign tankers; increasing urbanization in developing countries is a long-term driver for global energy demand.,
1997-06-22,A standing prohibition on selling motor fuel below cost in Missouri.,
1997-06-29,Crude oil price was less than $14 per barrel in 1997.,
1997-07-06,"FY 1996 budget notes gasoline price affected by oil/gas fields, producing $1.6B in 1997.",
1997-07-13,"Factual statement on tax burden distribution and distinction between exempt and zero-rated supplies, reflecting known economic principles.",
1997-07-20,"Historical facts from 1996 regarding low gasoline inventory, higher crude oil prices, and the shift to heating oil production in August.",
1997-07-27,"Mention of crude oil price in the scheduled FRB: Humphrey-Hawkins report on July 22, 1997.",
1997-08-03,"Oil prices were generally at or below U.S. $20/bbl for much of the period since 1986, representing a long-term factual dynamic.",
1997-08-10,U.S. oil imports were about 54% of consumption in 1997.,
1997-08-17,"Crude oil, gasoline, heating oil, diesel, and propane prices mentioned in a report on competitive electricity pricing.",
1997-08-24,American Housing Survey asked about fuel oil costs in 1997.,
1997-08-31,"Oil and gasoline prices rose on August 28, 1997.",Refinery problem caused oil and gasoline price increases.
1997-09-07,"{""intrinsic"": """", ""trigger"": """"}",
1997-09-14,"{""intrinsic"": """", ""trigger"": """"}",
1997-09-21,Estimated oil price of $40/barrel needed for profitability; oil prices expected to influence economy and gasoline prices.,
1997-09-28,"Shell acquired Tejas Gas for $1.45 billion, a factual event in the energy industry within this time step.",
1997-10-05,"Public law from 1997 mentions US crude oil share, a realized fact within the year's policy context.",
1997-10-12,Elk Hills oil field is one of the 11 largest oil fields in the lower 48 states.,
1997-10-19,"Fact: US corn production is related to ethanol production, affecting oil imports and food prices.",
1997-10-26,The average yearly price of oil is mentioned in the context of geothermal energy development.,
1997-11-02,U.S. annual oil import bill is about $50 billion; 1980-1992 long-term cost totaled $742 billion.,
1997-11-09,,"US Supreme Court ruled in State Oil Co. v. Khan, fixing maximum gasoline prices and impacting market dynamics."
1997-11-16,"Fact: US is a major equipment supplier to Qatar, an OPEC member country.",
1997-11-23,United States has standing standards for reformulated and conventional gasoline.,
1997-11-30,Growing renewable energy sources; increasing US petrol price competition; expected low short/medium term oil prices; robust US demand for Canadian crude in Sep 1997.,
1997-12-07,"{""intrinsic"": """", ""trigger"": """"}",
1997-12-14,"Expected increase in oil and natural gas prices, likely leading to a short-term rise in gasoline prices and increased coal consumption.",
1997-12-21,Known conditions for fuel price adjustment clause.,
1997-12-28,"{""intrinsic"": """", ""trigger"": """"}",
1998-01-04,1997 average jet fuel cost decreased by 4.6% from 1996.,
1998-01-11,Long cold Vermont winters stress heating systems; fluctuating fuel prices can force alternative heating sources.,
1998-01-18,"EPA reported that 30% of US gasoline contains fuel additives like MTBE, a realized fact about fuel composition.",
1998-01-25,"Gas prices falling due to lower crude oil prices, oversupply of gasoline, and mild winter conditions.",
1998-02-01,Gasoline prices in the US dropped nearly 3 cents/gallon over two weeks as crude oil prices continued to decline in January 1998.,
1998-02-08,Estimated crude refining and marketing margins in Japan and US as of 1998.,
1998-02-15,Faster growth in developed economies keeping oil prices up and leading to higher producer price inflation. Oil prices expected to remain stable or increase slightly.,
1998-02-22,"Kerosene price increased in Indonesia, contributing to the economic crisis.",
1998-03-01,Historical context: separation of gas from oil pricing in the 1970s formed an independent pricing system.,"Attack on February 23, 1998, protesting an increase in oil prices."
1998-03-08,Regular tax season activity mentioning gasoline costs for auto expense deductions.,Recalls of specific liquid fuel and motor oil products.
1998-03-15,"Fact: Natural gas, fuel oil, and LPG costs are included in refinery energy system models.",
1998-03-22,"{""intrinsic"": """", ""trigger"": """"}",
1998-03-29,Fact: US had lower pretax gasoline prices compared to other countries as of 1998.,
1998-04-05,Internal issue: cost of executive retirement benefits cannot be properly allocated or disclosed.,
1998-04-12,"Consumer price index in Indonesia rose, leading to a large increase in prices.",Rupiah depreciation and severe drought triggered price increases.
1998-04-19,"Average jet fuel price for 1998 was around 40 US$ per barrel, providing a factual background for the period.",
1998-04-26,,"FTC settled Shell/Texaco allegations, blocking joint venture due to competition concerns and potential gasoline price hikes in Hawaii and California."
1998-05-03,"A prediction of the average oil price for 1998 was $14.59 a barrel, a known fact during this period.",
1998-05-10,,"Significant fuel oil price increase in Anguilla (over EC$3.64) as of May 7, 1998."
1998-05-17,Fact: 1997 crude oil prices were less than $17/barrel.,
1998-05-24,Factual dynamic: Cost differential between Alberta and Chicago markets affects U.S. Gulf Coast natural gas prices.,
1998-05-31,"Historical fact: oil prices have experienced past shocks, like the drop in the early 1980s.",
1998-06-07,"{""intrinsic"": """", ""trigger"": """"}",
1998-06-14,Government policy subsidizes gasoline and fuel prices in the United States.,
1998-06-21,"{""intrinsic"": """", ""trigger"": """"}",
1998-06-28,Fuel oil price calculation based on weekly market price.,
1998-07-05,"US Government's standing policy of no liability for diesel fuel, water, and lubricating oil contents/use.",
1998-07-12,US government offers tax credits for alternative fuel for federal/state government and public education institutions.,
1998-07-19,Farm price of gasoline and diesel fuel in the US increased by 0.7% due to a rise in imported crude oil price.,
1998-07-26,Expected decline/stability in retail gasoline prices due to recent/prospective crude oil price drops.,
1998-08-02,US gas prices remained low due to weak demand during this period.,
1998-08-09,Product mix changed due to Detroit Diesel DELTA Engine marketing and relatively low fuel prices.,
1998-08-16,Gasoline prices dropped due to an increased glut of oil on the world market.,United Nations' decision to let Iraq sell crude oil increased the world market oil glut.
1998-08-23,"{""intrinsic"": """", ""trigger"": """"}",
1998-08-30,"{""intrinsic"": """", ""trigger"": """"}",
1998-09-06,Historical fact noted: Early 1980s natural gas price fall decreased landfill gas-to-energy project profitability.,
1998-09-13,"{""intrinsic"": """", ""trigger"": """"}",
1998-09-20,"Existence of US oxygenated gasoline programs in certain states, affecting gasoline supply and price.",
1998-09-27,Associated Oil Company station closed due to long-term effects of the 1970s oil crisis.,
1998-10-04,Estimated cost of producing fertilizer-grade Ammonium Nitrate in the US is $98/metric ton.,
1998-10-11,Historical facts about the first US oil well and gasoline's share of crude oil products.,
1998-10-18,Fact: Oil price in 1998 was less than $15/barrel.,
1998-10-25,Fact: direct energy use by US poor relevant for energy/social issues.,
1998-11-01,Factual dynamics: capital cost of hydrogen vessels affected by production rates and fuel price.,
1998-11-08,CBS News reported that cheap oil fueled the 1990s economic boom.,"CBS News predicted a drastic jump in petroleum prices in the near future, potentially causing higher gasoline prices and economic instability."
1998-11-15,"Factual dynamics of gasoline prices: state variation, short-term fluctuations from crude oil, inventory, geo-political events. Long-term trend towards lower prices.",
1998-11-22,Gasoline price slipped under $1; WTI crude oil was $13.57 a barrel.,
1998-11-29,US fees on oil and gasoline are a standing factor affecting prices.,
1998-12-06,"Crude oil and gasoline prices hit historic lows, cheapest since U.S. government began keeping statistics (inflation-adjusted).",
1998-12-13,,Instability in the Niger Delta impacted crude oil prices in the international market.
1998-12-20,"Low gas prices in the US, with Utah prices 25 cents lower than previous winter.",
1998-12-27,Fact: Importance of fuel flow rate in underground storage tank operator training.,
1999-01-03,"U.S. crude price dropped to its lowest annual average in 20 years, down 30% from 1997, a realized fact for 1998.",
1999-01-10,Commodity and crude oil prices mentioned in economic and budget outlook for fiscal years 2000.,
1999-01-17,Fact: US transportation sector relies 97% on oil fuel during this week.,
1999-01-24,"U.S. EPA regulations for marine engines, aiming for pollution reduction by 2025, are noted as potentially increasing long-term costs for gasoline/oil producers.",
1999-01-31,,"Saudi government announced 50% natural gas price increase (effective Jan 1, 1998)."
1999-02-07,"Ongoing oversupply of crude and refined oil products, coupled with economic turmoil in Asia, Russia, and Latin America, resulted in low gas prices.",
1999-02-14,"Company uses forward contracts for fuel oil, gas oil, and diesel to manage the risk of ongoing fuel price volatility.",
1999-02-21,"Average US gasoline price was below $1 on Feb 21, 1999, reflecting an ongoing downward trend.",
1999-02-28,Quantity of imported oil rose due to strong U.S. economic activity and lower oil prices.,
1999-03-07,Factual definition of U.S. crude oil benchmark (WTI); general economic predictions on oil price impact and consumption patterns.,
1999-03-14,International gasoline prices moderate relative to 1998 crude oil decline.,
1999-03-21,BLS projected moderate rise in imported oil prices over 1998-2008.,
1999-03-28,"Gasoline prices in the U.S. rose nearly 9 cents a gallon, with retailers increasing prices in anticipation of higher costs.",
1999-04-04,"{""intrinsic"": """", ""trigger"": """"}",
1999-04-11,,Strike in Belgrade affected local gasoline prices.
1999-04-18,"Fact: U.S. CPI-U increased 1.6% in 1998, a realized economic statistic noted during this period.",
1999-04-25,Average international oil price declined by 2% in U.S. dollar terms during 1999.,
1999-05-02,Ongoing higher gasoline and crude prices in California due to refinery shutdowns and problems that occurred prior to this week.,
1999-05-09,"Historical fact about 1970s Arab oil boycott and its impact on gasoline prices, representing a known market dynamic.",
1999-05-16,Fact: Estimated benefits of phasing out leaded gasoline in the US include reduced costs.,
1999-05-23,"PennzEnergy reported net income on May 21, 1999.",Significant decreases in crude oil and natural gas prices impacted PennzEnergy's financial results.
1999-05-30,"{""intrinsic"": """", ""trigger"": """"}",
1999-06-06,"Historical fact on 1973 Middle East war leading to a 40% increase in US gasoline prices, providing background context for price dynamics.",
1999-06-13,"{""intrinsic"": """", ""trigger"": """"}",
1999-06-20,"The U.S. Energy Information Administration (EIA) provides natural gas consumption data. Fuel prices are expected to fluctuate in the short term, influenced by global demand and supply factors.",
1999-06-27,"US gasoline market shares (Arco 14.2% East Coast, BP). Long-term gasoline price influences: cleaner fuel demand, oil prices.",Arco and BP merger expected to affect gasoline prices in the short term.
1999-07-04,"Factual increase in oil prices, noted as a concern for the aviation industry.",
1999-07-11,Fact: US government is not involved in fuel infrastructure costs.,
1999-07-18,"Steady Consumer Price Index (CPI) in July 1999 indicated stable inflation, suggesting stable or decreasing gasoline prices in the short term.",
1999-07-25,"Discussions and mentions of gasoline and oil prices were a realized fact within the week, appearing in various contexts.",
1999-08-01,"Oil prices increased 45% to US$21 since March due to OPEC cuts, likely causing short-term gasoline price increases.",
1999-08-08,"US is a top global oil consumer, influencing long-term gasoline demand. Short-term gasoline prices may stabilize or grow due to recent oil and gas price improvement.",
1999-08-15,Historical fact noted: crude oil prices exceeded $100/barrel in Dec 1998. Predictions of ongoing crude oil price fluctuations due to supply/demand.,
1999-08-22,,Petrol price reduced in The Gambia; potential impact on global/US markets in next 1-4 weeks.
1999-08-29,"Factual increase in gasoline pump price in Liberia to 86 Liberian dollars, equivalent to $10 USD per barrel of crude oil.",
1999-09-05,"{""intrinsic"": """", ""trigger"": """"}",
1999-09-12,Factual crude oil prices in 1999 were around $18/barrel globally and $10.50/barrel domestically in Russia.,
1999-09-19,Natural gas price significantly affects hydrogen price. Oil prices expected to remain volatile.,
1999-09-26,Decline in crude petroleum and natural gas prices led to decreased gasoline prices in 1999.,
1999-10-03,Crude oil prices expected to average around $20 a barrel as of September 1999.,
1999-10-10,Historical fact about 1979 crude oil price doubling and skyrocketing gasoline prices.,
1999-10-17,"IRS reimbursement rate factors (gasoline, oil, etc.) defined; US gasoline prices influenced by international oil prices, with predicted increase in oil imports.",
1999-10-24,"United States is a major oil producer, producing around 2.7 million barrels per day.",
1999-10-31,General fact: Cost of gasoline is a significant economic factor in the United States.,
1999-11-07,"Decreasing cost of finding oil due to production technology advances, predicting stable or decreasing oil prices in the short-term.",
1999-11-14,Fact: Imported oil cost impacts SIDS infrastructure development and maintenance.,
1999-11-21,,"Recent rebound in oil prices, an exogenous factor likely to increase gasoline prices in the short term."
1999-11-28,"US crude oil prices increased since March 1999, reaching $20/barrel by September. Gasoline prices expected to continue increasing in the short term.",
1999-12-05,"Exxon/Mobil agreed to largest FTC divestiture ever on Nov 30, 1999, to settle antitrust concerns and prevent gasoline price increases.",
1999-12-12,Fact about careful fluid management in US automotive recycling industry to prevent releases.,
1999-12-19,Factual dynamic: U.S. oil price is a relevant factor for predicting commodity prices.,
1999-12-26,Realized crude oil and Brent Crude prices for the week.,
2000-01-02,"Average jet fuel cost increased by 15.4% from 1998 to 1999, with a likelihood of continued short-term rises based on this trend.",
2000-01-09,"No specific US gasoline or oil price data found in search results for the week, though general mentions of gas prices and oil systems occurred.",
2000-01-16,"Historical fact reported: US 1997 energy rankings (second in total energy, natural gas; third in crude oil).",
2000-01-23,Information surfaced about IMF loan to Algeria in June 1999 to compensate for low world prices of oil and gas.,
2000-01-30,Nationwide average price for regular gasoline was high.,
2000-02-06,"Factual relationship: oil prices directly affect gasoline prices, a persistent economic dynamic.",
2000-02-13,"US focus on oil/gas exploration, reducing foreign dependency, and conserving resources is an ongoing policy.",
2000-02-20,"Crude oil prices surged in 1999, leading to expectations of continued high gas prices and long-term growth in energy markets.",
2000-02-27,"Realized fact: average US gasoline price was $1.31/gallon in Feb 2000, increasing 8 cents to $1.37 nationwide.",
2000-03-05,"Energy prices, especially gasoline and fuel oil, are highly sensitive to world demand and supply balance; short-term gasoline prices are expected to continue rising due to current imbalance.",
2000-03-12,"Fact: World petroleum market prices behave like marker crudes. Prediction: Oil prices likely to remain volatile, affecting fuel costs and consumers in the short and long term.",
2000-03-19,US demand levels strongly influence Canadian gas prices; short-term gasoline price volatility expected due to global oil prices and inventories.,
2000-03-26,"Consumer gasoline prices increased, a realized fact within the step.","Crude oil prices tripled, an exogenous shock likely driving gasoline price increases."
2000-04-02,"IRS determined the 2000 mileage rate at 32.5 cents per mile, a factual policy rate for the year.",
2000-04-09,"Factual dynamics: crude oil price affects gasoline quality, and prices change with gasoline demand.",
2000-04-16,"Realized facts: 1999 U.S. crude oil & gasoline supplies were down 10%. Gasoline price influenced by supply, demand, economy, not solely crude oil.",
2000-04-23,Realized fact: The average price paid by firms for fuel costs in 2000 was $0.64.,
2000-04-30,Demand for oil and gasoline in the US increased by 14% as reported in the Congressional Record.,
2000-05-07,Realized impact of increased oil prices on long-term interest rates in the United States as of May 2000.,
2000-05-14,"{""intrinsic"": """", ""trigger"": """"}",
2000-05-21,"Gas prices, adjusted for inflation, are 70.8% of the 1981 peak.",Rapid spiking in gas prices over the last few months.
2000-05-28,"Stress scenario assumed oil price increase would result in $0.04/gallon gasoline price rise, reflecting historical correlation.",
2000-06-04,"Retail gasoline price in the US does not include the 19-cent state motor fuel tax, a standing factual detail on price composition.",
2000-06-11,Current low fossil fuel prices affecting geothermal energy industry; expected low gasoline prices due to excess capacity and ongoing low fossil fuel prices.,
2000-06-18,Existence and purpose of the MSF (gasoline price stabilization mechanism) created in early 1990s to limit domestic price fluctuations.,
2000-06-25,,"Gasoline prices reached a record high in the U.S., straining the economy."
2000-07-02,Wholesale gasoline price differential reported. Federal excise tax on gasoline was 18.4 cents/gallon in FY2000; state/federal rates varied. Retailers required to display unit price for heating fuels.,
2000-07-09,"Agency expects a drop in gasoline prices, assuming a declining crude oil price path.",
2000-07-16,"US daily gasoline consumption is 8.5M barrels, nearly half of all petroleum products.",
2000-07-23,"Realized fact: Crude oil price increased in H1 2000, causing ongoing sharp hikes in retail gasoline prices.",
2000-07-30,High gasoline prices in the US and concerns about Big Oil's influence were prevailing facts during 2000.,
2000-08-06,"Retail petrol prices rose 22% over the past year, contributing 0.9 percentage points to inflation.",
2000-08-13,Ongoing trend of rising oil prices; historical context of Al Gore's fight against price-gouging.,Recent surge in oil prices.
2000-08-20,Factual strong correlation between crude petroleum and gasoline prices. World Energy Outlook 2000 predicts oil/gas price increases post-2010 (US gas post-2005) due to supply.,
2000-08-27,"Factual comparison of heavy fuel oil share in refinery output across Caspian area, Western Europe, and US.",
2000-09-03,"The Harmonized Tariff Schedule (HTS) of the US sets tariffs on imported goods, including oil and petroleum products, representing an ongoing policy framework.",
2000-09-10,High petrol and heating oil prices threaten global economic recovery; growing fears and complaints about gas prices in the United States.,Ongoing OPEC crisis meeting and potential for oil price shocks are driving predictions of future price increases.
2000-09-17,Historical oil price fluctuations (1990-1997). Predictions of continued short-term fuel price increases due to rising oil prices.,
2000-09-24,"Crude oil prices have tripled since late 1998, leading to higher prices for gasoline, diesel fuel, and heating oil as of September 2000.",
2000-10-01,Fuel prices rose 70-90% over the past year by Oct 2000; continued increases expected due to supply/demand imbalance and approaching winter.,
2000-10-08,US experiencing rising gasoline prices and low home heating oil inventories; gasoline prices soaring in October 2000.,
2000-10-15,"Gasoline prices in the US are affected by world oil prices, historically leading to shortages. Long-term prices are shaped by global oil, economic growth, and alternative energy.",
2000-10-22,Realized fact: Chevron acquired Texaco in 2000 amidst high oil and gas prices.,
2000-10-29,US government announced gradual decontrol and phasing out of oil price controls in 2000.,
2000-11-05,"Crude oil price was high, reaching a decade-high level during this period.",
2000-11-12,Known factors like crude oil price and exchange rate fluctuations could affect actual results.,
2000-11-19,"Ongoing US challenges with oil dependence, climate change, and air pollution are noted as long-term issues.",A recent surge in crude oil markets is likely to cause short-term gasoline price increases.
2000-11-26,"US heavily reliant on oil imports (>35% foreign fuel oil) as of Nov 2000, leading to expected continued high prices, protests, and economic vulnerability.",
2000-12-03,Realized fuel price in East Timor was $0.35/l.,Fuel price in East Timor was higher than anticipated.
2000-12-10,High oil prices identified as an ongoing global economic calamity affecting the economy.,
2000-12-17,Estimated $16 savings from lower thermostat settings in 2000 using projected 2000-2001 prices.,
2000-12-24,Increase in international oil prices contributed to a 2% rise in inflation in Turkey.,
2000-12-31,"Market price for crude oil was $22.00 per barrel as of December 31, 2000.",
2001-01-07,"Lower oil prices in the US in 2001, expected to lead to relatively stable gasoline prices in the short term.",
2001-01-14,CARB gasoline prices in California moved generally upward during the week.,
2001-01-21,U.S. oil prices are globally determined as of 2001. Expected short-term volatility in U.S. gasoline prices due to global market trends.,
2001-01-28,Value of petroleum product imports in Zambia increased by 53% to US $176 million.,Sharp crude oil price increase.
2001-02-04,EIA collects data on refiner crude oil acquisition costs. Gasoline prices are influenced by crude oil prices and market factors.,
2001-02-11,Gasoline prices are expected to be affected by changes in crude oil prices in the short term.,
2001-02-18,"Ongoing fall in oil, natural gas, and diesel prices since late 2000 due to a slowing U.S. economy.",
2001-02-25,"Indictment against Rich mentioned oil price discrepancies, creating incentives for U.S. companies.",
2001-03-04,"Realized oil and gas price increase from end of 2000, leading to current high gasoline prices and expectation of continued rise in short term.",Problems in the Middle East caused a significant jump in oil and gas prices.
2001-03-11,"{""intrinsic"": """", ""trigger"": """"}",
2001-03-18,"Historical fact: US CPI inflation rates are affected by major oil price shocks, a known economic dynamic.",
2001-03-25,Expected short-term oil price volatility influenced by global trends; long-term stability potential from price control removal and indexing methodology; US imported oil from Colombia (7th largest source in 2000).,
2001-04-01,US petroleum imports affect gasoline prices; this fundamental relationship is expected to continue.,
2001-04-08,"{""intrinsic"": """", ""trigger"": """"}",
2001-04-15,Historical fact: US average unleaded regular gasoline prices rose in 2000.,
2001-04-22,"United Airlines' Q1 performance report mentioned average fuel price, a regular financial reporting fact.",
2001-04-29,"West Coast, led by California, has highest US gas prices and supplies fuel to Western states.",
2001-05-06,"US nationwide average regular gasoline price was $1.63 on May 1, 2001, with expectations for continued high prices due to ongoing supply/demand issues.",
2001-05-13,Philippines' standing 5% import tariff on crude oil and refined petroleum products.,
2001-05-20,"Oil pipelines are the principal mode of crude oil transport in the US. Long-term oil/gas prices fluctuate due to OPEC, global demand, and weather. Short-term gas prices are expected to remain high due to supply/demand imbalances.",
2001-05-27,"Realized fact of repeated gasoline price spikes and 40.5% rise in fuel oil prices in 2000, indicating ongoing energy market volatility.",
2001-06-03,Gasoline price in US was over $2/gallon as of 2001.,
2001-06-10,High natural gas and heating oil prices are a major problem in the US; fuel prices expected to remain high due to ongoing energy crisis.,
2001-06-17,Known fact: 80% of US CO2 emissions come from fossil fuel combustion.,
2001-06-24,,Lawsuit accusing oil refineries of gasoline price conspiracy was dismissed by California Supreme Court Justice.
2001-07-01,"Gasoline prices are influenced by state taxes, refinery output, and global oil prices. Short-term forecast: stable or small increases due to ongoing trends.",
2001-07-08,Fundamental relationship between oil availability and gasoline prices. Current oil inventory surplus expected to stabilize or decrease short-term gasoline prices.,
2001-07-15,"July 2001 facts: gasoline demand 17% of US energy, 7.7M Americans use heating oil. Short-term prediction: gasoline/oil prices likely to increase in next 1-4 weeks due to current supply/demand.",
2001-07-22,Oil prices remained high in July 2001 despite weak global growth and increased U.S. inventories; expected to stay high short-term due to economic slowdown and refining constraints.,
2001-07-29,"Gasoline prices fell in 2000 due to oil price decline, leading to expectations of continued low prices if international oil price remains low.",
2001-08-05,Oil price (WTI) remains around US$27 per barrel as of August 2001.,
2001-08-12,Standing motor vehicle fuel tax rate of 18¢ per gallon and its revenue allocation to highway construction and maintenance.,
2001-08-19,"General fact: US gasoline and oil prices are affected by fuel availability, cost, and consumer price indices.",
2001-08-26,Rising crude oil prices expected to lead to short-term increase in gasoline prices.,"US government considering a one-world taxing authority, potentially impacting gas, electricity, and heating oil prices."
2001-09-02,"Known impact of soybean meal/oil price spread on US fuel/chemical pricing policies. Crude oil/gasoline prices may continue short-term rise due to late-summer demand, speculation, and tight supplies.",
2001-09-09,,"FTC allowed Chevron merger, impacting fuel refining and sales in Western and Southeastern US."
2001-09-16,Historical influence of oil production on US gasoline prices; expected long-term volatility from global oil reserves/production/trade; short-term stability/decrease due to declining electricity demand and falling natural gas prices.,
2001-09-23,"High world market prices of oil and fuel persist, potentially causing US gasoline prices to rise in the next 1-4 weeks.",
2001-09-30,Fuel oil prices increased in the first quarter of 2001.,
2001-10-07,"Historical fact about causes of 1982-83 global debt crisis, including high inflation and negative real short-term interest rates.",
2001-10-14,"Russian economy improved in 2001 due to favorable oil prices, with oil and gas sales contributing half of its export revenues.",
2001-10-21,Historical fact: 1986-1988 oil price collapse caused Alaska recession.,
2001-10-28,Known long-term policy dynamics including the phase-down of leaded gasoline and credit programs for heavy-duty motor vehicles.,"Ongoing impact of the September 11 attacks on global energy markets, affecting crude oil and gasoline prices."
2001-11-04,"US crude oil and petroleum reserves of 545 million barrels as of Nov 1, 2001, sufficient to reduce price swings.",
2001-11-11,Factual relationship between conventional energy prices and biofuels development; short-term volatility and long-term stabilization/decrease predicted for gasoline/oil prices.,
2001-11-18,"Oil/gas prices recovered in 2001, boosting US production/exports. Gasoline consumption projected to rise 2000-2010. Short-term prices expected to fall below $1 due to oil-producer disputes.",
2001-11-25,"Oil companies' stock values eroded, making them vulnerable to takeovers.",Plummeting oil prices.
2001-12-02,"{""intrinsic"": """", ""trigger"": """"}",
2001-12-09,"Known influence of world crude oil prices on domestic motor fuel prices due to U.S. oil imports, a continuing market dynamic.",
2001-12-16,"Average gasoline price was less than $1 as of Dec 13, 2001; short-term fluctuations expected based on crude oil inventories.",
2001-12-23,US Secretary of Energy stated oil prices are good news for consumers despite winter uncertainty.,
2001-12-30,US EPA regulation sets maximum steady state consumption of devices in the oil and gas industry at 6 scfh.,
2002-01-06,"Crude oil, natural gas, and petroleum prices affected US gasoline in 2001; short-term volatility expected due to crude oil, supply, and demand.",
2002-01-13,,"Enron collapse's impact, shifting fuel demand from natural gas to cheaper fuel oil, affecting oil prices."
2002-01-20,Weakened demand for fuel oil from 2001's warm winter influences stable/declining gasoline prices.,
2002-01-27,Changes in the oil-refining business are expected to increase gas price volatility and potential spikes in the short term.,
2002-02-03,Historical fact: crude oil price controls were adopted in 1971.,
2002-02-10,"{""intrinsic"": """", ""trigger"": """"}",
2002-02-17,US historical reliance on affordable oil and past peak production are ongoing factors for potential price rises and economic impacts.,
2002-02-24,Crude oil cost affects gasoline price; 2002 regulations limited product prices; gas-fired generation typically sets marginal electricity price in Texas.,"Sharp rise in petroleum oil price in 2002, contributing to morbidity and mortality rates in Zambia."
2002-03-03,Price of imported non-oil goods in the US relative to the euro area rose in February 2002.,
2002-03-10,"Realized cost of home heating oil on March 7, 2002, was $4.73. Maine is highly dependent on home heating oil.",
2002-03-17,"US motor gasoline prices factually follow world crude oil prices more closely than diesel, implying short-term gasoline price trends will follow oil.",
2002-03-24,"Fact: China's average crude oil and natural gas production costs are higher than most countries, including the US.",
2002-03-31,"Annual direct cost of corrosion in U.S. oil and gas production industry estimated at $1.4 billion, an ongoing factor influencing prices.",
2002-04-07,"High US oil consumption (41 barrels/day/person) is a realized fact, indicating sustained demand and potentially high oil prices.",
2002-04-14,Cost of natural gas increased in US; oil prices (Brent blend) soared; India imports ~70% of crude oil requirements.,
2002-04-21,Fact about US annual production of a product being cheaper than vegetable oil; expectation of long-term economic impact from energy prices due to expected inflation.,
2002-04-28,Historical ADF fuel costs for 2000-2001 reported. Analysis of African oil reliance and its potential to stabilize energy prices. Prediction of continued consumer confidence decline due to rising gasoline prices.,
2002-05-05,"Reported 2001 weak growth and lower oil prices impacted U.S. energy companies. Short-term outlook predicts continued rising oil prices and consumer costs, with long-term alternative energy development.",
2002-05-12,"EIA reports natural gas prices, storage, and market trends. Energy prices expected to fluctuate due to market trends and supply-demand dynamics.",
2002-05-19,"{""intrinsic"": """", ""trigger"": """"}",
2002-05-26,The United States was dependent on imported petroleum in 2002.,
2002-06-02,"US government's role in Gulf oil exports and world oil prices, influenced by Gulf region dynamics.",
2002-06-09,National average regular gasoline price was $1.40/gallon in June 2002; gas prices expected to fluctuate due to seasonal demand and supply factors.,
2002-06-16,Ongoing US reliance on crude oil imports was a key economic factor. Expected long-term shift to alternative energy and short-term rising gasoline prices could lead to inflation and decreased consumer spending.,
2002-06-23,"Realized fact of EuroPowerPack improving fuel efficiency by 15%, supporting the continuing trend towards energy-efficient technologies.","Decline in non-fuel commodity prices, potentially leading to economic adjustments in commodity-exporting countries."
2002-06-30,"U.S. EIA reported historical crude oil refiner acquisition costs from 1969-2000, a regular data release.",
2002-07-07,Fact: Washington state tax rate on petroleum products is $1.09 per barrel.,
2002-07-14,,"Significant increase in oil and gas prices, with light oil futures rising to $26.77 a barrel, potentially affecting the economy."
2002-07-21,Historical context of 1970s oil embargoes driving ethanol commercialization; expected long-term shift to diversified energy sources; short-term energy price fluctuations.,
2002-07-28,Realized fact about the maximum statutory U.S. corporate tax rate.,
2002-08-04,"National average mileage per vehicle in the United States is 11,904 miles; fuel prices may fluctuate, influencing consumer behavior.",
2002-08-11,Estimated U.S. prices for powdered and crystal methamphetamine in June 2002 were reported.,
2002-08-18,1997 Saudi gasoline price set below market; short-term energy price fluctuations expected due to government policies and taxes.,
2002-08-25,"Mazeikiu Nafta plant refining capacity of 263,320 b/d; short-term prediction of rising oil prices affecting economy and energy markets.",
2002-09-01,Oil refiners face major investment decisions to reduce diesel fuel sulfur content in California. Fuel price decline driven by demand drop and warmest winter on record in the US.,"Phillips Petroleum Co. and Conoco Inc. merger completed, forming third-largest U.S. oil and gas company."
2002-09-08,"EIA's current projections on future oil gap, oil prices, and fuel economy, outlining expected energy trends and potential shift to alternative sources.",
2002-09-15,Accounting practices consider average yields on investments held for sale and oil/gas prices.,
2002-09-22,FTC announced inspection of wholesale and retail gasoline prices.,Concerns over potential anomalies in gasoline pricing prompted regulatory inspection.
2002-09-29,"US economy experiencing high gas prices and low mortgage rates in 2002; short-term expectation of continued high gas prices, mitigated by known oil reserves.",
2002-10-06,Annual US household hazardous waste generation is 1.6 million tons. Oil prices are expected to fluctuate due to global events and supply chain disruptions.,
2002-10-13,IEA welcomes Greece's natural gas adoption and calls for further electricity market reforms to address price distortion.,
2002-10-20,"Natural gas prices rose to $3.40/MMBtu from $2.50/MMBtu, tracking an increase in oil prices.",
2002-10-27,Ongoing higher oil prices from late August speech; EPA drinking water advisory for fuel oxygenates; Future ship oily water separation system requirements increasing prices.,
2002-11-03,"Fuel oil prices increased due to rising crude oil prices, a factual dynamic affecting the economy and consumers.",
2002-11-10,Government continued intervening in Spanish energy prices; higher oil/gas prices affected economy; low oil prices and weak gas demand present in US during 2002.,
2002-11-17,"Oil price assumed around $13/barrel in 2002; short-term fuel prices expected to fluctuate, potentially increasing due to geopolitical tensions.",
2002-11-24,"{""intrinsic"": """", ""trigger"": """"}",
2002-12-01,"Historical 1998 fire suppression cost. Predictions on fluctuating oil prices from geopolitical events, consumer spending impacts from petrol prices, and long-term pollution control investment.",
2002-12-08,,"Oil-price shock with a projected $200 billion annual rise in US imported oil costs, likely leading to inflation and recession."
2002-12-15,"{""intrinsic"": """", ""trigger"": """"}",
2002-12-22,Historical natural gas price spike in 2001.,
2002-12-29,"Crude oil prices are rising due to global economic growth, OPEC production restraints, and Middle East tensions.",
2003-01-05,"NC Utilities Commission regulates heating oil, gasoline, and liquid propane gas prices.",
2003-01-12,Known structural variation in Texas electricity rates as of 2000; expected ongoing oil price fluctuations affecting economy and energy production.,
2003-01-19,"Realized fact: average residential oil cleanup cost in Alaska is $15,000. Expected short-term fuel oil price fluctuations.",
2003-01-26,The cost of fuel is a significant economic factor; fuel prices are expected to fluctuate based on interest rates and commodity prices.,
2003-02-02,"Known economic dynamic: oil price rises often precede US recessions. Short-term outlook: oil prices may fluctuate, potentially affecting US economy.",
2003-02-09,"US dependence on Venezuela for 13% of daily oil imports is a known, ongoing structural fact.",
2003-02-16,,"US gas prices skyrocketed to $1.73, reaching highest level since June 2001."
2003-02-23,Historical impact of 1973-74 oil embargo on prices and inflation; expected continued oil price increases due to ongoing geopolitical tensions and supply disruptions.,
2003-03-02,Crude oil prices doubled in 2002 ($18 to >$30/barrel). Ongoing Middle East uncertainty and dwindling domestic supplies contribute to expected high gasoline prices.,
2003-03-09,Gasoline prices rose.,Venezuelan oil industry strike.
2003-03-16,"Crude oil and gasoline prices have increased in 2002 and 2003, leading to higher consumer prices.",
2003-03-23,"Oil prices jumped and later fell back, leading to volatile trading in March 2003.",Reports of fires at the Rumaila oil field in Iraq caused an initial jump in oil prices.
2003-03-30,2002 annual report of Royal Caribbean Cruises Ltd. highlights known potential risks from interest rates or oil prices.,
2003-04-06,,"Sharp fall in oil price on April 1, 2003, due to news about Iraq."
2003-04-13,"Factual basis for annual energy savings using state-level electricity, natural gas, and fuel oil prices. Short-term energy price fluctuations expected, potentially leading to instability. Long-term shift to natural gas predicted to reduce oil dependence.",
2003-04-20,Hawaii's economy is heavily dependent on imported oil. Oil prices are expected to fluctuate due to ongoing military conflicts and global events.,
2003-04-27,"Factual 2002 production of over 100,000 bpd from ExxonMobil's Cerro Negro heavy oil project in Venezuela.",
2003-05-04,"Realized fact: U.S. refining/marketing profitability increased 1995-2001. Expected dynamics: oil prices influence economy, potentially lowering petrol prices and CPI if stable.",
2003-05-11,Wood chosen as fuel of choice in Northeastern US due to comparison with fuel oil and natural gas prices.,
2003-05-18,Murphy Oil Corporation operates two US refineries. Short-term oil price volatility expected due to geopolitical factors; long-term energy shift towards natural gas predicted.,
2003-05-25,"The price of gasoline and oil has been rising, influenced by taxes and wellhead prices.",
2003-06-01,"Fuel and electricity costs were a consideration for Wisconsin state, county, and stadium sales and use taxes in 2003.",
2003-06-08,,"Iraq's oil minister announced the resumption of oil exports in two weeks and US control over the industry, a significant geopolitical and market shock."
2003-06-15,Petroleum industry's ongoing shift to alternate fuels and conservation; expected energy market fluctuations from oil price changes and gas price reporting.,
2003-06-22,Nigerian government's financial inability to continue fuel subsidies; 30% of US oil customers are price-oriented.,"Nigerian government removed fuel subsidies, a policy shift expected to increase fuel prices and impact the economy."
2003-06-29,US interests in oil and gas royalties and governing laws are a standing fact; short-term market stability expected.,
2003-07-06,Illinois had a reputation for some of the highest gasoline prices in the country as of 2003.,
2003-07-13,"US oil imports from Nigeria are a known, ongoing factor in the global energy market.","A ""compromise in Nigeria"" noted, potentially causing short-term petrol price fluctuations and adjustments in US energy imports."
2003-07-20,Observed recession in oil prices and improvement in the economy during 2003.,
2003-07-27,"ConocoPhillips Ponca City refinery processes 160,000 barrels of crude oil daily.",
2003-08-03,Global oil market experiencing high volatility and price fluctuations.,
2003-08-10,"UK gasoline tax accounts for 77% of consumer price, generating 17% of government revenue.",
2003-08-17,"Gasoline prices in Utah were near record highs, expected to continue rising due to low inventories and high demand.",
2003-08-24,"Ongoing significance of crude oil prices as a major factor in the US energy landscape, a realized fact since 1948.",
2003-08-31,"Oil prices wavering, U.S. prices ended above $80 for first time this month. Gas prices expected to rise due to approaching Labor Day weekend.",
2003-09-07,Gasoline price buildup in Liberia was around $0.10 per gallon in 2003.,
2003-09-14,"Spot market gasoline prices increased as of September 2003, with oil companies not contributing to artificial hikes, and expected to continue rising due to demand/supply chain.",
2003-09-21,"Factual dynamics of oil prices, including past multi-year plunges, responsive tax regime shifts, and inherent short-term volatility due to global demand and supply changes.",
2003-09-28,US dependence on oil imports and direct link between import and domestic oil prices is a standing economic reality.,"Recent OPEC production cuts are likely to keep oil prices high, leading to higher pump prices for consumers."
2003-10-05,"International gasoline prices were around $20-30 per barrel in 2002-2003, with expectations of continued short-term volatility in energy prices.",
2003-10-12,US natural gas prices susceptible to fluctuations due to reliance on imported gas; short-term volatility expected.,
2003-10-19,"US cost of living increases linked to education, healthcare, and gasoline prices. Expected short-term increase due to rising oil prices and inflation.",
2003-10-26,"High natural gas prices persist, leading to economic concerns.",
2003-11-02,Crude oil prices rose to ~$30/barrel by Oct 2003; OPEC aims for stable prices.,
2003-11-09,US had lowest average gasoline price in 2003. Gasoline prices expected volatile due to crude oil fluctuations.,
2003-11-16,Factual US government oversight of energy resources; expected short-term oil price fluctuations based on global demand and supply.,
2003-11-23,Report on 2001 US fuel oil usage for heating (8.1M homes); discussion of long-term alternative energy development.,
2003-11-30,,Halliburton accused of overcharging US taxpayers $2.65 per gallon for gasoline transport from Kuwait to Iraq.
2003-12-07,Historical evolution of oil prices and gasoline consumption; expected continued volatility in oil and gas prices in the short-term.,
2003-12-14,"Crude oil prices have been increasing, leading to potential long-term shifts towards alternative energy and short-term increased costs for consumers and businesses.",
2003-12-21,"Realized fact: Fuel economy costs are linked to global oil prices, which are influenced by foreign disruptions. Short-term oil price volatility is expected.",
2003-12-28,"Oil and natural gas prices dramatically increased as of December 2003, leading to companies locking in gas production. Prices expected to remain high, increasing costs for consumers and businesses.",
2004-01-04,"Historical context of 1973 oil embargo and its impact on U.S. gasoline prices, informing long-term energy diversification discussions.",
2004-01-11,Real-time fuel price information available via OPIS Spot Ticker; fuel prices expected to remain volatile.,
2004-01-18,US economy's long-term trend of increasing fuel efficiency; short-term energy price fluctuations based on inventory and economic conditions.,
2004-01-25,"EIA regularly reported natural gas spot/futures prices, storage, and market trends. Fuel prices were expected to fluctuate, impacting economic growth and pollution levels.",
2004-02-01,"WTI crude oil price averaged US$32.50 in January 2004, 8% higher than previous year.",
2004-02-08,"Fact that oil and gas prices fluctuate, an expected and ongoing market dynamic.",
2004-02-15,Oil and natural gas prices were increasing in 2003-2004 due to low gas inventories and colder than normal winter.,
2004-02-22,Historical fact on 1970s U.S. stagflation partially due to rising fuel prices.,
2004-02-29,"Mississippi gas prices averaged 90-95 cents/liter; Santos reported 2003 earnings of $327M, gas prices $3.16 GJ; ChevronTexaco increased capital expenditure.",Shell's Bakersfield refinery closure may increase California gasoline prices.
2004-03-07,,"Rapid escalation of heating oil prices and possibility of temporary shortages, leading to increased costs for consumers and businesses."
2004-03-14,"US average gas price jumped to $1.74/gallon on Mar 8, driven by high crude oil costs accounting for almost half the price.",
2004-03-21,West Coast refiners' consistently lower inventory levels relative to consumption make the region prone to gasoline price spikes.,
2004-03-28,"US average gas price hit record high due to clean fuel regulations, low inventories, and OPEC control; prices predicted to continue rising.",
2004-04-04,US gasoline prices reached a record high.,Ongoing social unrest and hostilities in oil-producing regions.
2004-04-11,"US experienced high gas prices in 2004, increasing 31.5 cents per gallon since December 2003.",
2004-04-18,"Brent crude oil price was $33.59/barrel in April 2004, slightly down from March. Predictions of rising gasoline prices and long-term energy shifts.",
2004-04-25,"Higher energy prices, especially gasoline, became a major issue in the 2004 presidential campaign; prices expected to fluctuate and potentially increase due to refining capacity.",
2004-05-02,"Gasoline prices rose over the winter and are expected to continue rising into summer, potentially affecting consumer spending and economic growth.",
2004-05-09,"Average US regular unleaded gasoline price was $1.84/gallon in May 2004, with predictions for continued high prices due to high demand and low inventories.",
2004-05-16,"Oil prices were near a record high, causing U.S. gas pump prices to surge during this period.",
2004-05-23,Seasonal increase in home heating oil demand drives up jet fuel costs; energy prices remain high and volatile due to seasonal demand and supply factors.,
2004-05-30,Factual dynamics: crude oil price and gas station competition are major factors in gas prices; short-term volatility expected due to these factors.,
2004-06-06,,"Oil prices reached their highest level ever in the United States, likely due to ongoing supply concerns and geopolitical tensions."
2004-06-13,"Oil price was around $18/barrel in West Texas in June 2004, with expectations of continued rises due to economic activity and limited supply.",
2004-06-20,Factual statement on gasoline's share of US energy consumption; short-term prediction of gasoline price decline due to improved supply-demand balance and lower crude oil expectations.,
2004-06-27,"CPI is the primary US inflation measure, driven by food/fuel. Fuel prices are expected to continue rising, potentially increasing inflation.",
2004-07-04,Local fuel production influenced gasoline and diesel prices.,Gasoline and diesel prices set record highs.
2004-07-11,"Sudan's gasoline price restoration decision, tied to oil prices and investment rates.",
2004-07-18,"USA heating relies mostly on gas, oil, and electricity. Oil and gas prices are expected to fluctuate short-term based on global demand/supply, with a long-term shift towards alternative energy.",
2004-07-25,Natural gas spot prices were elevated at the start of the year and then fell somewhat by July 2004.,
2004-08-01,National Energy Act of 1978 defines Btu price based on preceding three months' domestic crude oil cost.,
2004-08-08,Factual relationship: gasoline prices increase by 2.5 cents for every dollar increase in oil prices.,
2004-08-15,Factual context: The Energy Policy and Conservation Act of 1975 aimed to reduce US dependence on foreign oil and promote energy conservation.,
2004-08-22,"EIA reports natural gas prices, storage, and market trends; energy prices expected to fluctuate due to global economic trends.",
2004-08-29,"Record high oil prices in 2004 caused high gasoline prices, a realized fact with expected long-term economic and energy sector impacts.",
2004-09-05,"Average US regular unleaded gas price was $1.88, premium $2.07 in September 2004. Petroleum prices expected to continue rising.",
2004-09-12,"National average gasoline price was nearly $1.86/gallon in the US as of September 12, 2004.",
2004-09-19,Expected high petroleum product prices due to tight global market and elevated crude oil; US natural gas supply mostly domestic.,
2004-09-26,"Energy sector influenced by geopolitics, regulation, economic cycles, and fuel prices. High oil prices may divert spending and slow economic growth.",
2004-10-03,Global economy experiencing high oil and gas prices due to ongoing OPEC production cuts and temporary decline in Iraq's crude exports.,
2004-10-10,"Historical fact of the 1976 oil crisis and its unprecedented gasoline cost increase, providing context for potential future energy market shifts and rising gas prices.",
2004-10-17,"Gas pump prices hit an all-time high as of October 2004, driven by oil costs, and are expected to remain elevated.",
2004-10-24,"Crude oil prices in the United States are at an all-time high as of October 2004, and energy prices are expected to remain high in the short-term.",
2004-10-31,Oil prices surpassed $50 a barrel; global warming recognized as a looming problem as of October 2004.,
2004-11-07,Short-term natural gas prices expected low due to favorable supply and moderate temperatures; long-term outlook on domestic oil production and sustainability concerns.,
2004-11-14,Realized facts about oil price influence on gas prices and OPEC's role in global reserves. Expected ongoing influence of oil prices on the economy.,
2004-11-21,Increasing proportion of crude oil in gasoline prices; expected short-term volatility in gasoline prices due to crude oil fluctuations.,
2004-11-28,"Discussion of the 1970 US oil production peak and Hubbert's theory, a known long-term dynamic affecting oil supply and energy policy.","Increased assurances about fuel supplies, potentially leading to short-term softening of oil prices."
2004-12-05,"Oil and natural gas prices significantly impact the economy; short-term fluctuations are expected, leading to economic uncertainty.",
2004-12-12,"Rising oil and gasoline prices led to increased interest in alternative energy and fuel-efficient vehicles, with potential food price increases.",
2004-12-19,Facts about fuel mix for electricity generation; long-term shift to alternative energy; expected short-term oil price fluctuations due to market risks.,
2004-12-26,Outlook for oil prices remained uncertain; higher prices dampened US oil consumption.,
2005-01-02,"Expected jet fuel price of $26/barrel for 2005, known as of 2004.",
2005-01-09,Ongoing high oil prices expected to boost U.S. exports; past economic surplus (Trinidad & Tobago 2003) attributed to high oil/gas.,
2005-01-16,Realized fact: taxes constitute about 25% of US fuel prices.,
2005-01-23,"Fuel oil prices increased 39.5% as of 2004, while gasoline prices fell 7.1%; energy prices expected to fluctuate in the short-term.",
2005-01-30,"Real crude oil price indexed in World Bank document. Oil price dynamics expected to influence economy short-term (sectors affected by fluctuations) and long-term (shaping economy, shift to sustainable energy).",
2005-02-06,"Realized oil and natural gas prices in 2005, with oil around $27.22 per barrel.",
2005-02-13,Federal energy bill proposing increased ethanol blending in gasoline and associated taxpayer costs is under discussion.,
2005-02-20,"Fact: World oil production peaking, leading to sustained high oil prices, which induces structural conservation and energy efficiency.",
2005-02-27,"US Real GDP projections, January 2005 CPI showing 1.1% energy price drop, reported petroleum spot prices, oil/gas well utilization, drilling costs, and Producer Price Indices.",
2005-03-06,Oil price hit a new record of $55.,Extreme cold weather in US/Europe and fires in three key US refineries.
2005-03-13,"Oil prices were high, with spot prices exceeding U.S. $30 per barrel.",
2005-03-20,"Gasoline prices in the US passed $2 per gallon as of March 2005, a significant factual dynamic.",
2005-03-27,Gasoline prices in the US hit a new all-time high of $2.15/gallon; Texas light crude reached $57.40/barrel.,Recent refinery blast and ongoing supply concerns are expected to keep gasoline prices high.
2005-04-03,Gasoline prices were increasing.,Texas light crude reached a new record of $57.27 per barrel.
2005-04-10,"Annual springtime increase in U.S. gasoline prices, potentially reaching a national average of $2.50 per gallon, and baseline U.S. oil consumption.",
2005-04-17,"Consumer price index affected by 2004 crude oil price hikes, leading to continued high energy costs and potential shortages.",
2005-04-24,"US consumer prices (CPI) increased by 0.6% in March, driven by higher oil and gas prices, as reported in April 2005.",
2005-05-01,"US gasoline prices reached record levels (above $2.20/gallon) as of April 2005, driven by foreign oil dependence and supply constraints.",
2005-05-08,"Gasoline prices rose nearly every week from Jan-Apr 2005, and are expected to continue rising in the short-term due to strong consumer demand.",
2005-05-15,"U.S. gasoline pricing dynamics, expected high prices due to strong demand and limited refining capacity, and potential increased attention to alternative fuels.",
2005-05-22,US imports 60% of crude oil; natural gas prices historically more volatile than crude oil; airlines cite $1B cost for every $1 crude oil price increase.,
2005-05-29,,"Hawaii Legislature passed Act 257, limiting oil company rent to independent dealers, aiming to affect retail gasoline prices."
2005-06-05,"Average US gas price in 2005 was ~$2.10/gallon. Gas prices were expected to remain high, fluctuate, and drive long-term investment in alternative energy.",
2005-06-12,"Crude oil price drives gasoline price variation. High gasoline prices are expected to continue, fostering demand for alternative energy and fuel-efficient vehicles.",
2005-06-19,"US distillate fuel oil prices forecast to change; home heating oil, residential electric power, and diesel fuel prices decreased faster in May 2005.",Honduras's fuel import bill rose sharply due to a surge in world oil prices.
2005-06-26,US imports 58% of petroleum (45% for gasoline). High fuel prices due to summer holiday season & refining capacity issues. Long-term natural gas price volatility.,
2005-07-03,"2004 industrial supplies and materials price index, including fuel, increased by 31.5%. Short-term fuel prices expected to continue rising, potentially leading to economic instability.",
2005-07-10,"Oil and gasoline prices observed to be rising, including a 28% increase in Eritrea in July 2005, indicating an ongoing trend.",
2005-07-17,"Factual dynamics of Canadian gasoline pricing: U.S. rack prices, not crude oil, are primary. Expected short-term volatility due to market factors; long-term demand decrease from alternative energy.",
2005-07-24,Gasoline prices in the United States hit record highs as of July 2005.,
2005-07-31,"Enactment of the Energy Policy Act of 2005, focusing on alternative energy and reducing foreign oil dependence.",Crude oil prices recently hit an all-time high of $63 per barrel.
2005-08-07,"2004 U.S. gasoline consumption averaged 9M barrels/day at $0.28/gallon. Short-term oil prices expected to remain high, increasing consumer costs and potentially affecting economic growth.",
2005-08-14,"Crude oil prices were around $60/barrel, keeping gasoline prices high. The Energy Policy Act of 2005, signed this week, aimed to promote alternative fuels and reduce oil dependence.",
2005-08-21,"As of August 15, 2005, gas prices broke records for the third time, attributed to high demand for oil and ongoing wars in the Middle East.",
2005-08-28,"Hawaii became the first U.S. state to set caps on wholesale gas prices on August 25, 2005.",Supply chain disruptions caused by Hurricane Katrina led to high short-term oil prices.
2005-09-04,"Gas prices surged across the US, reaching almost $4/gallon, and are expected to remain high due to refining capacity issues.",Hurricane Katrina caused significant disruptions to oil production and refining capacity.
2005-09-11,,"Hurricane Katrina caused severe damage to U.S. refinery and production capacity in the Gulf of Mexico, leading to increased oil prices."
2005-09-18,"Hawaii's gasoline market had a price cap law and major wholesalers. Prices were expected to be volatile, responding to crude oil and regional demand.",
2005-09-25,OPEC welcomed actions to ease fuel prices; sustained high oil prices may make CCS projects more viable.,Houston refining industry at a standstill may cause gas price increases.
2005-10-02,"Natural gas prices set a record in September 2005, signaling a costly winter.","Hurricane Katrina caused significant loss of supply in crude oil, petroleum, natural gas, and electricity markets."
2005-10-09,Historic oil price volatility makes coal refineries viable above $35/barrel; tight supply/demand and ongoing natural disaster impacts lead to rising fuel prices.,
2005-10-16,,"US retail gasoline prices jumped 30% in one week, reaching constant-dollar levels not seen since the 1980s."
2005-10-23,Shell is a leading deepwater oil and gas producer in the Gulf of Mexico as of October 2005.,Gasoline prices remain high due to the ongoing impact of hurricanes Katrina and Rita on oil supply.
2005-10-30,High gas prices and strong oil company earnings generated new tax proposals.,
2005-11-06,Realized gasoline price around $3.12/gallon in 2005; ongoing high fuel costs and fiscal concerns; predictions of continued price rises and alternative fuel search.,Hurricane-related disruptions to crude oil production impacting gasoline prices.
2005-11-13,Senate held hearings on rising oil and fuel prices and record earnings of U.S. oil companies.,
2005-11-20,"Gasoline prices reached nearly $3 per gallon, affecting U.S. households and businesses.","Sharp, recent rise in oil prices."
2005-11-27,US imports 13M barrels of oil daily; long-term shift to alternative fuels expected as oil prices rise.,Gas prices likely to rise nationally due to natural disasters and ransomware attacks impacting fuel transportation systems.
2005-12-04,Energy sector's crucial role in US economy is a foundational fact.,
2005-12-11,"Natural gas prices in North America were trading at historically high levels, trending toward parity with crude-derived fuels.",
2005-12-18,"Crude oil and gasoline prices volatile due to refinery outages and low inventories, leading to higher prices.",
2005-12-25,Oil prices around $20/barrel with expert discussions on economic implications of high fuel costs and expected volatility.,
2006-01-01,Fact about the methodology for calculating credit based on annual average wellhead crude oil price.,
2006-01-08,Short-term outlook: oil prices expected to remain high due to supply disruptions and increasing demand.,
2006-01-15,U.S. crude oil price controls cannot be justified by cartel theory; short-term oil price fluctuations and potential cartel-like behavior expected.,
2006-01-22,Gasoline and crude oil prices were increasing and high (above $3/gallon and $70/barrel respectively). Demand for alternative energy sources was rising.,
2006-01-29,Energy Policy Act of 2005 directs FERC to require LNG terminal emergency plans. U.S. economy slowed sharply end of 2005 due to expired incentives and surging gasoline prices.,
2006-02-05,"Global economy affected by high energy/oil prices, contributing to slowdown. Oil prices expected to remain high in short term.",
2006-02-12,Known influence of 2005 US oil demand on 30-year fixed-rate mortgages; expected continued short-term oil price volatility.,
2006-02-19,High and increasing natural gas prices affecting consumers and the economy in the US.,
2006-02-26,"Fact: US was the top crude oil producer globally as of 2006, a known market dynamic.",
2006-03-05,"Global oil prices rose to $50/barrel by March 2005 due to demand outpacing supply, leading to sustained high prices and expectations for continued high prices.",
2006-03-12,"Realized fact: 1970s uncontrolled oil prices peaked at $36.95/barrel. Predictions: long-term energy shift to renewables, short-term oil/gas price volatility.",
2006-03-19,CPI-U for fuel oil and other fuels decreased by 0.5% and 1.4% respectively in March 2006.,
2006-03-26,The average retail price of gasoline in the US is $2.51/gallon for March 2006. Short-term prices are expected to remain high due to crude oil and refining system strains.,
2006-04-02,DOE expects crude oil and gas prices to decrease by 5% and 3% respectively in 2006-07; high oil prices boost ethanol demand.,
2006-04-09,The United States uses two-thirds of all oil for transportation.,Price per barrel of oil doubled to $60 U.S.
2006-04-16,"Puerto Rico regulates gasoline prices, including petroleum product pricing and gross-receipts tax.",
2006-04-23,Ongoing increase in US gasoline prices.,A sudden surge in US gasoline prices during April 2006.
2006-04-30,"Definition of AII-LF index as a non-fuel measure of RCAF. Gas prices expected to remain high, prompting potential government investigation into price-rigging and long-term shift to alternative energy.",
2006-05-07,"Crude oil prices were over $70 per barrel in May 2006, a realized market condition.",
2006-05-14,High crude oil prices affecting US gas prices; US crude oil stocks increased; higher natural gas prices induce alternate fuel use in power generation.,
2006-05-21,Historical context of 1970s oil price shocks; general predictions on energy price fluctuations and long-term renewable transition.,
2006-05-28,"FTC report released, confirming crude oil and gasoline prices were affected by factors like OPEC's influence.",Release of the FTC report on gasoline price manipulation.
2006-06-04,Rising crude oil prices stimulated demand for ethanol-related products.,
2006-06-11,Fuel oil prices rose sharply in 2004-2005; energy charges accelerated. This led to expectations of continued high fuel prices affecting the economy.,
2006-06-18,Historical energy price volatility in the US; short-term energy prices expected to fluctuate.,
2006-06-25,US expected to spend $320B on oil imports in 2006; short-term high oil prices and heavy import spending anticipated.,
2006-07-02,"Average gasoline price has risen in recent years, with expectations for continued short-term increases and potential economic disruptions.",
2006-07-09,"Increased and sustained high gas prices in EU25 due to crude oil prices doubling (2005-2006), with potential for continued hikes and shortages.",
2006-07-16,"Gasoline prices are high due to current crude oil prices, reflecting the known market dynamic where crude oil significantly affects gasoline prices.",
2006-07-23,Factual breakdown of gasoline price components; expectation of continued high gasoline prices.,Recent surge in crude oil prices.
2006-07-30,Factual definition of NYMEX crude oil futures pricing. Predictions for long-term shift to alternative energy and short-term oil price fluctuations with increased alternative energy investment.,
2006-08-06,"Oil and gasoline prices sharply increased due to the shutdown of a major U.S. oil field, impacting energy markets.","Unexpected shutdown of the largest U.S. oil field by BP, removing about 8% of daily U.S. crude production."
2006-08-13,Oil demand growing due to global economic growth; non-OPEC supply failing to keep up with demand; gasoline prices drifted steadily downward.,Shutdown of Alaskan oil pipeline disrupted oil supply and prices.
2006-08-20,"US heavy dependence on oil/gas, leading to vulnerability to price fluctuations and expected short-term volatility in oil and gasoline prices.",
2006-08-27,Illinois coal reserves hold significant methane; market predictions indicate rising energy prices and increased demand for alternative energy sources.,
2006-09-03,"Realized increase in oil and gasoline prices, impacting the economy; expected continued price volatility.",Disruption of oil delivery and refining.
2006-09-10,Factual dynamics of gasoline demand elasticity affected by crude oil disruptions and price; short-term fuel prices expected to fluctuate.,
2006-09-17,"Average US gasoline and diesel fuel prices increased significantly due to rising crude oil prices, affecting the economy and increasing interest in alternative energy sources.",
2006-09-24,China's oil price controls cause government losses; volatile oil prices drive interest in nuclear electricity and alternative fuels.,NTI committed $50M to IAEA fuel bank; Texas passed bill on electricity/natural gas price projections.
2006-10-01,"Expected short-term decline in gas prices to a 9-month low, as market recovers from Hurricane Katrina's effects. Historical peak of $3.07/gallon in Sept 2005 noted.",
2006-10-08,"US energy production (oil, gas, fuels) in Gulf of Mexico. Long-term alternative energy development and expected short-term price fluctuations based on demand/production.",
2006-10-15,"As of 2006, 8.1 million US households use heating oil. High oil prices are expected to continue affecting heating fuel prices and economic growth.",
2006-10-22,"Realized fact: Crude oil cost is a significant factor in fuel prices, leading to expected short-term fluctuations.",
2006-10-29,Oil prices near $61/barrel; US gasoline prices fallen over 20%. Expect continued low prices and future shift to alternative fuels.,
2006-11-05,US wholesale gasoline prices in 2006 were linked to oil prices; fuel prices expected to remain volatile due to ongoing oil price increases.,
2006-11-12,"Global oil market influenced by political factors; short-term price fluctuations expected due to politics, supply, and demand.",
2006-11-19,Ongoing US fuel vehicle presence; standing 51-cent ethanol subsidy making it price competitive.,
2006-11-26,"US regular gasoline retail prices tracked by EIA; expected to remain volatile, influenced by global crude oil prices.",
2006-12-03,"Natural gas price indexed to oil product prices (gas oil, low sulfur fuel oil).",
2006-12-10,Gasoline prices are influenced by crude oil prices; fuel prices fluctuate based on crude oil.,
2006-12-17,"Realized fact of US gasoline price increase (Jan 2000-Jul 2006); short-term expectation of continued high, fluctuating energy prices impacting consumer spending.",
2006-12-24,Fundamental link between crude oil prices and ethanol market profitability; expected oil price fluctuations affecting related industries.,
2006-12-31,"Southwest Airlines' substantial jet fuel hedging positions (at $50/barrel) for the next three years, providing price spike protection.",
2007-01-07,"Ongoing peak oil crisis and significant US gasoline price increases in 2006, setting expectations for continued price pressure.",
2007-01-14,Mention of average U.S. gasoline prices; discussion of long-term oil price impacts from fuel efficiency and short-term fluctuations due to weather/supply chain.,
2007-01-21,"US gasoline consumption is high; prices are affected by domestic demand and oil import supply curves. Oil prices are expected to fluctuate, impacting the economy.",
2007-01-28,US Strategic Petroleum Reserve (SPR) provides oil supply cushion. President's plan aims to reduce 2017 gasoline consumption by 20% to lower oil prices.,
2007-02-04,High crude oil and natural gas prices led to record profits for oil companies; prices expected to remain high due to demand and geopolitical tensions.,
2007-02-11,"Jones Act estimated to cost $163.2M/year for domestic transportation, including $15.2M for dry cargo and $5.1M for tug/barge, reflecting ongoing policy impact.",
2007-02-18,"Crude oil averaged $66/barrel in Feb 2007. Long-term goal to reduce gasoline usage by 20% over 10 years, potentially boosting alternative energy. Short-term oil price fluctuation expected.",
2007-02-25,"Natural gas prices in the US generally track crude oil prices, leading to expected short-term fluctuations.",
2007-03-04,"Henry Hub natural gas spot price declined 27 cents/MMBtu in a week. Crude oil, natural gas, and benzene prices are affected by supply/demand and global economic trends.",
2007-03-11,Weekly updates of global jet fuel price index and SA petrol price linkage to USD. Short-term oil price expectations influenced by upcoming OPEC meeting and recent fall in U.S. gasoline/crude inventories.,
2007-03-18,US refinery yield of gasoline is higher than Iran's (0.89 vs <0.5). Short-term gas prices expected to remain high due to global demand and supply chain disruptions.,
2007-03-25,Historical real price spread between gasoline and residual fuel oil (1983-2006) noted; expected oil price fluctuations and long-term energy market shifts.,
2007-04-01,US is a major consumer of foreign oil; refinery outages can impact petroleum prices.,Ongoing refinery outages and geopolitical tensions contribute to high oil prices.
2007-04-08,"High oil and gasoline prices were a significant public concern, affecting expenditures and influencing attitudes towards climate change.",
2007-04-15,"US increasing dependence on imported energy, oil/gas companies paying royalties. Oil/gas prices expected to fluctuate with global demand/supply.",
2007-04-22,"Fact about United States Natural Gas Fund (UNG) tracking natural gas prices. Gas prices expected to rise this summer, potentially below 2006 levels. Long-term outlook on alternative energy.",
2007-04-29,Expected springtime run-up in gasoline prices and higher crude oil prices; US heavily reliant on oil in 2007.,
2007-05-06,EIA projected long-term increase in crude oil prices; short-term fuel price fluctuations expected.,
2007-05-13,"Global oil price was $15.50/barrel on May 8, 2007; outlook for continued volatility and long-term shift to alternative energy sources.",
2007-05-20,Factual dynamics: global oil price peaked above US$140 in 2008; average terminal rack price determines seized fuel selling price.,
2007-05-27,Start of summer driving season expected to increase gasoline prices.,U.S. retail gasoline prices hit an all-time high of $3.227/gallon.
2007-06-03,Ongoing refinery capacity issues in the U.S. led to high gasoline prices during this period.,
2007-06-10,Ongoing rising gas prices and energy policy salience in the US; expected continued price increases.,
2007-06-17,Historical fact of 1973-1979 oil price increases due to OPEC; predictions of future oil price fluctuations and shift to sustainable energy.,
2007-06-24,Factual dynamics of international gasoline market; short-term prediction of rising gasoline prices due to increasing crude oil prices and strong demand.,
2007-07-01,"National average gasoline price in US was $2.975/gallon in June 2007, a reported economic fact for the period.",
2007-07-08,"Crude oil prices are near-record highs, leading to significant profits for oil companies.",
2007-07-15,High fuel prices impacting US vehicle market; US economy grew higher than expected in 2006; fuel prices expected to remain high and volatile.,
2007-07-22,"Expectation of continued rise in gas prices due to increasing crude oil costs, affecting consumer behavior and the economy.",
2007-07-29,"Objective facts about crude oil price impact on refineries and retail gas, biofuels' role in emissions and oil dependence, and international petrol benchmarks affecting unleaded petrol prices are noted.",
2007-08-05,"Gasoline prices are factually influenced by crude oil prices, leading to expected short-term volatility.",
2007-08-12,High gasoline and diesel prices in 2007 contributed to higher transportation and food costs.,
2007-08-19,Historical US policy change on synthetic fuels (mid-1980s) and long-term implications of fossil fuel reliance and fluctuating oil prices.,
2007-08-26,"2007 average gasoline price in Norway was high. Expected long-term energy demand increase from China's growth, driving alternative energy focus. Short-term oil price volatility due to potential natural disasters/geopolitical tensions.",
2007-09-02,Fact: GTL plant cost comparable to oil refinery. Expect continued pressure on corn prices from ethanol demand; long-term shift to alternative fuels.,
2007-09-09,Sustained high crude oil prices (US$77 by late 2006) with expectations of continued short-term increases and long-term economic adaptation.,
2007-09-16,"Expected fall in oil demand and prices due to increased gasoline tax; short-term fluctuations from global demand, supply, and refinery shutdowns.",
2007-09-23,US government aims to reduce fuel prices and increase energy security via EPAct; Rocky Mountain States hold 22% of US natural gas reserves.,
2007-09-30,Existence of compressed natural gas (CNG) and liquefied natural gas (LNG) fueling stations in the US and Canada as of 2007.,
2007-10-07,"US consumed one-third of world oil in 2007, with two-thirds for transport. Gasoline prices expected to fluctuate based on global demand/supply.",
2007-10-14,Crude oil prices declined to below $80/barrel; gasoline price expected to increase.,
2007-10-21,"Sustained high oil prices since 2001 due to strong global demand outpacing production capacity, expected to continue.",
2007-10-28,Realized fact: $1 oil price increase adds $10M in annual fuel costs for Alaska Air Group before hedges.,
2007-11-04,Historical U.S. gasoline prices showed past fluctuations; continued price volatility and discussions on alternative energy expected.,
2007-11-11,"Oil prices surging, with crude prices not yet fully reflected at the pump but expected to rise soon, potentially reaching new highs.",
2007-11-18,"Oil prices were volatile and increasing, impacting gasoline prices.",
2007-11-25,"Factual observation of surging oil prices in 2007, with crude oil hitting $100 and jet fuel peaking at $181.80.",
2007-12-02,"Crude oil was trading between $70-$75 per barrel in November 2007, a realized market fact.",
2007-12-09,USL ETF tracks WTI crude oil; short-term oil prices expected to rise due to demand/supply dynamics.,
2007-12-16,"U.S. economy's primary dependence on oil for energy, consuming a quarter of global production, with potential short-term impacts from high prices on agriculture and transport.",
2007-12-23,"Average crude oil price for 2007 was $66 per barrel, with expected short-term fluctuations.",
2007-12-30,"US was a net crude oil importer in 2007. Oil prices expected to fluctuate, affecting consumer behavior. Long-term shift towards alternative energy sources.",
2008-01-06,"Gasoline prices influenced by oil supply/demand and refining costs; expected to continue rising, potentially reaching a monthly peak in the short-term.",
2008-01-13,"U.S. retail gasoline price jumped 5.6 cents to $3.11/gallon over the past week, reflecting record high oil prices.",
2008-01-20,"As of 2008, rising energy prices increased living costs, especially for heating and electricity. This was expected to lead to continued high oil prices, driving up fuel, food, and essential goods costs, causing inflationary pressures.",
2008-01-27,Current oil price below $87 due to observed weakening demand for refined fuels like heating oil and gasoline.,U.S. recession fears contributing to price decrease; milder winter weather reducing fuel demand.
2008-02-03,Crude oil prices rose due to increasing global demand; soybean oil price volatility; Exxon Mobil reported record profits from high oil prices.,Shortage of additives in oil-refining process expected to cause short-term gas price spike.
2008-02-10,US gasoline price increased by $1.03 during the week.,
2008-02-17,"Known 2007 US economic challenges: housing slowdown, rising energy prices. Predictions of continued energy price increases and economic challenges in the short-term.",
2008-02-24,"US reliance on imported oil (35% domestic crude, 90% imported gasoline in 2007). Short-term oil prices expected to rise due to speculation/disputes. Long-term need for energy diversification.",
2008-03-02,UGA ETF tracks daily gasoline price movements via futures. Short-term expectation of rising gasoline and oil prices affecting the economy and industries.,
2008-03-09,Historical fact on U.S. residual fuel oil imports; short-term expectation of high oil prices pressuring economy and consumers.,
2008-03-16,"US is top oil importer/consumer; gas prices expected to continue rising, following recent oil price surge, potentially leading to sustained high energy prices.",
2008-03-23,High oil prices driving biofuel use; U.S. dollar exchange rate affects commodity prices; oil price fluctuations may increase electricity and transportation costs.,
2008-03-30,Expected short-term rise in gasoline prices due to crude oil and demand; long-term energy sector shift towards sustainable sources; refutation of fuel economy/safety argument.,
2008-04-06,Factual difference in US gasoline and diesel demand sectors. Short-term fuel prices expected to remain high due to high crude oil prices and potential supply chain disruptions.,
2008-04-13,US retail gasoline prices nearing all-time inflation-adjusted high of $3.40/gallon; expected to remain high due to weak US dollar and high crude oil.,
2008-04-20,Analysis of past gasoline price spikes (Exxon Valdez) and crude oil price dynamics; predictions for future fuel cost reduction and short-term energy price fluctuations.,
2008-04-27,"Crude oil price around $30/barrel and gasoline at record high $3.503/gallon in April 2008, putting continued pressure on consumers and the economy.",
2008-05-04,"2006 report linked market speculation to rising oil/gas prices; expected continued fuel price increases, inflation, and decreased consumer spending.",
2008-05-11,"Crude oil prices surged to over $120 a barrel, keeping gasoline prices high at an average of $3.6245 a gallon as of May 2, 2008.",
2008-05-18,"Average gasoline price less than $4/gallon, oil ~$127/barrel. Alaska hit $4/gallon. Prices expected to remain high due to high oil and limited refining capacity.",
2008-05-25,"Crude oil prices increased, raising gasoline and home heating oil costs, with expectations of continued rises and a long-term shift to fuel-efficient vehicles.",
2008-06-01,Realized 109% rise in global crude oil prices and 77% in US gasoline prices since Jan 2007; short-term gas price increases expected.,
2008-06-08,"World oil prices have increased over the past few years, leading to higher gasoline prices and economic pressure. Oil prices are expected to remain high in the short term.",
2008-06-15,"US retail gasoline prices reached record over $4.04/gallon in 2008; prices up 31% year-over-year, oil nearly doubled. Demand up despite high prices.",
2008-06-22,"Sharp rise in oil prices reflected at US gasoline pumps due to ongoing supply-demand imbalance and foreign oil dependence, hindering offshore oil search.",
2008-06-29,"{""intrinsic"": """", ""trigger"": """"}",
2008-07-06,Known relationship between crude oil and diesel fuel prices; expected long-term trend of increasing and volatile fuel prices.,
2008-07-13,"U.S. average retail gasoline price was $4.11/gallon on July 7, 2008.","The $4.11/gallon price set a new record high, an unexpected shock likely to pressure consumers and shift demand."
2008-07-20,"IMF WEO Update expects oil prices consistent with futures; short-term oil/gasoline prices likely to remain high, pressuring economy.",
2008-07-27,"U.S. retail gasoline prices fell sharply below $4/gallon, aligning with retreating crude oil markets.",
2008-08-03,"President Bush discussed finding more oil and gas supplies to reduce gasoline prices, reflecting ongoing public concern in 2008.",
2008-08-10,Surge in cereal and oil prices is a significant issue; gasoline taxes are being considered in the US and UK.,
2008-08-17,"High gasoline prices (up 35.2% in 2008) and expected continued volatility in oil and gasoline prices, leading to potential economic instability.",
2008-08-24,US consumes 7.5 billion barrels of oil yearly. Short-term oil price rise expected due to dollar depreciation and high demand; long-term shift to alternative energy predicted.,
2008-08-31,"Ongoing increase in gasoline and crude oil prices affecting economy, consumers, and businesses. US is increasingly an importer of natural gas.",
2008-09-07,"Known fact of U.S. farms' 2004 $13.4B energy spending. Fuel/oil prices are expected to continue rising, impacting farm expenses.",
2008-09-14,Fuel and food price subsidy reform options are being considered; long-term focus on reducing U.S. gasoline use and shifting to alternative energy sources continues.,"Hurricane Ike hit U.S. oil sector, damaging refineries and platforms, causing gasoline price spikes and record highs on Gulf Coast due to production shutdowns."
2008-09-21,Historical U.S. electricity generation data (2005); predictions for long-term renewable energy shift and short-term gasoline price volatility.,
2008-09-28,Realized fact: Over 98% of U.S. gasoline contained ethanol in 2008. Expected short-term oil price volatility and increased attractiveness of alternative fuels.,
2008-10-05,Known fact that ethanol reduces greenhouse gas emissions; ongoing trend of high oil/gas prices driving investment in alternative fuels and renewable energy.,
2008-10-12,Local gas prices dropped under $3 in the US; US and Europe experiencing intensifying financial stress.,
2008-10-19,Crude oil prices showed a decade-long steady increase; Hawaii gasoline prices were decreasing. Short-term gasoline prices expected to fluctuate with crude oil and regional supply/demand.,
2008-10-26,"Crude oil prices dropped significantly, causing gasoline prices to fall below $2.50/gallon in some states. Expected continued decline in gasoline prices due to low crude oil prices.",
2008-11-02,"Oil prices significantly impact shrinking fuel tax revenue. Short-term oil price volatility is expected, influencing fuel taxes.",
2008-11-09,"Crude oil prices hit economy hard in 2008, causing gasoline prices to skyrocket and automobile sales to plunge; U.S. crude inventories remained stable.",Gasoline stockpiles rose unexpectedly.
2008-11-16,Ethanol price dependence on corn and crude oil; short-term gasoline price fluctuation based on crude oil and ethanol costs.,
2008-11-23,"Average US gasoline price was $1.97 on Nov 23, 2008. Gas prices were expected to continue declining in the short-term due to low oil prices.",
2008-11-30,U.S. average gasoline price fell to $1.892. Predictions of rising alternative energy interest and future gas price increases due to crude oil and employment.,
2008-12-07,Crude oil prices recently fell over 60% from early 2008 levels; natural gas prices were decreasing and expected to remain lower.,
2008-12-14,Oil prices have fallen by two-thirds from record highs over the past five months.,
2008-12-21,"Oil prices rose to $45/barrel ahead of an OPEC meeting; gasoline prices in Hawaii were a concern, driven by crude oil costs.",
2008-12-28,"Known correlation between oil prices and unemployment rates; anticipated high energy prices putting pressure on the economy, and long-term shift to alternative energy sources.",
2009-01-04,"Reference to U.S. peak oil production in 1970; outlook for continued oil/gas price decline, potential write-downs, and long-term renewable energy shift.",
2009-01-11,World food and fuel prices increased by half; oil prices continued falling since July; US oil and natural gas rigs decreased.,Oil prices fell due to a surprise surge in inventory.
2009-01-18,WTI Crude Oil Spot Price was around $3.731 USD per gallon in January 2009. Energy prices were expected to remain volatile due to global demand and supply.,
2009-01-25,"U.S. gasoline prices are rising steadily due to crude oil price increases, reduced demand decline, and OPEC output cuts.",
2009-02-01,"U.S. gasoline prices began soaring in 2009, reversing decades of flatness or decline since 1981, a realized shift in market dynamics.",
2009-02-08,"U.S. energy market dynamics: oil prices, gasoline taxes, alternative energy production. Short-term oil price volatility expected.",
2009-02-15,"Realized historical trend of energy price increases (1999-2008) and expected continued fluctuations, with a long-term shift to alternative energy.",
2009-02-22,US vulnerability to oil market manipulation and price shocks due to oil dependence; expected short-term oil price volatility and potential shocks; long-term shift to alternative energy.,
2009-03-01,Historical WTI crude oil price of $76/barrel in 2005; long-term shift to alternative energy; short-term oil price volatility due to ongoing demand/supply shocks.,
2009-03-08,"Ongoing implications of the global financial crisis, including the impact and fluctuation of international oil prices, leading to economic uncertainty.",
2009-03-15,Factual dynamics of gasoline cost impacting the economy; expected oil price volatility and economic instability.,
2009-03-22,Significant DoD fuel spending (60-76% jet fuel) is a known factor. Short-term oil price volatility and economic fluctuations are expected.,
2009-03-29,Realized global trade decline in 2009; expected high fuel prices and economic uncertainty.,
2009-04-05,Factual report on 2008 ethanol impact on gasoline use and emissions; predictions for long-term energy shifts and short-term gasoline price fluctuations.,
2009-04-12,US average gasoline price rose 10 cents/gallon in April 2009; crude oil cost remained constant over past three weeks.,
2009-04-19,"Correlation between US gasoline rack sales price and world crude prices noted, with expectations of continued energy price influence and potential fluctuations.",
2009-04-26,US gasoline prices increased to a yearly high; expected to remain high as the summer driving season approaches.,
2009-05-03,Realized fact of rice price increase in 2008. Predictions of long-term energy price decrease due to renewables and short-term stability/fluctuation.,
2009-05-10,"US gasoline price was about one third of northern European nations on May 4, 2009.",
2009-05-17,"Known impact of crude oil prices on refined product prices, leading to expected fluctuations in wholesale prices.",
2009-05-24,"Global economy affected by high oil prices in 2009, leading to economic downturn.",
2009-05-31,Historical US gasoline sales (2007); expected long-term energy demand and resource depletion trends; anticipated short-term oil price fluctuations.,
2009-06-07,Realized fact: Fuel-efficient cars can lead to lower oil prices; economic benefits of efficiency measures in Europe are typically underestimated. Trend towards fuel-efficient cars and alternative energy persists.,
2009-06-14,"Oil prices reached $140/barrel, making alternative energy sources like cellulose, sugar, and palm oil cost-competitive with petroleum.",
2009-06-21,"Producer Price Index for Oil and Gas, jet fuel, and US energy prices growing as of June 2009.",
2009-06-28,Record high oil prices affecting the US economy and the ongoing challenge of achieving energy independence.,
2009-07-05,"US reliance on fossil fuels, environmental damage, and vulnerability to oil price changes. Expected short-term volatility in oil/natural gas prices due to uncertain economic conditions.",
2009-07-12,Discussion of early 2008 unemployment and gasoline price increases; predictions for continued high unemployment and volatile energy prices.,
2009-07-19,"Positive correlation between Iowa ethanol and U.S. Midwest gasoline prices is a known fact. Short-term gasoline prices are expected to remain volatile, influenced by crude oil.",
2009-07-26,"US crude oil production reached an all-time high, a significant factual dynamic of the market.",
2009-08-02,EIA provides natural gas price and market trend data; short-term fuel prices expected to remain volatile.,
2009-08-09,"Core PCE price index includes energy prices (gasoline, other energy goods, electricity, gas utilities). Short-term energy prices are expected to remain volatile.",
2009-08-16,"Crude oil, ethanol, corn prices are monthly nominal; expected to fluctuate by supply/demand. Long-term, a national greenhouse gas policy may impact energy markets.",
2009-08-23,"CPI covers housing, apparel, and fuel oil. Expected summer demand may raise gas prices, but overall CPI is likely to remain stable. Long-term, biofuels growth could affect the oil market.",
2009-08-30,"Recent collapse of oil prices, reflecting the highly volatile global oil market and short-term fluctuations influenced by seasonal demand and supply.",
2009-09-06,"NYMEX Natural Gas Futures and WTI Crude Oil prices are regularly available on the EIA website, reflecting ongoing market data tracking.",Recent discovery of a giant oil field in the Gulf of Mexico may cause short-term energy price volatility.
2009-09-13,Continuing effects of 2008 oil price run-ups and economic downturn led to declining gasoline tax revenues.,
2009-09-20,"U.S. Department of Energy exploring hydrogen production, delivery, and storage technologies as a factual ongoing program.",
2009-09-27,"United States achieved record crude oil production, a total of 12 days' worth, during this period.",
2009-10-04,US regular gas price is around $2.75 per gallon; short-term volatility expected due to global oil prices and supply/demand factors.,
2009-10-11,"US oil refining capacity heavily concentrated in Texas/Gulf states (41%), impacting short-term gas price volatility and long-term energy diversification needs.",
2009-10-18,Retail gasoline price is above world crude oil price but below US price level.,
2009-10-25,"US crude oil production reached an all-time high, making it the top global producer; September 2009 saw a decrease in PPI.",
2009-11-01,Ongoing implications of wholesale price discrimination and regulation for the energy sector; oil prices may fluctuate based on OPEC meeting outcomes.,
2009-11-08,"U.S. retail gasoline prices hit a year-high, reflecting recent crude oil cost increases passed to consumers.",
2009-11-15,"Fact: Section 812 of EISA makes false reporting of crude oil, gasoline, or petroleum wholesale prices unlawful, aiming for market transparency.",
2009-11-22,UNL ETF tracks daily natural gas futures; short-term oil price fluctuations expected to affect natural gas market.,
2009-11-29,OPEC's historical control and ongoing influence on world oil production is a fundamental market dynamic affecting prices.,
2009-12-06,"US achieved record crude oil production. Short-term fuel price volatility expected due to crude oil, ethanol, and currency. Long-term scarcity predicted.",
2009-12-13,"Known patterns in US gasoline prices; natural gas can displace coal/oil. Short-term energy prices expected to fluctuate, affecting economy and consumer behavior.",
2009-12-20,Oil reserve recoverability depends on market prices. Expected oil price volatility affects fuel consumption. Long-term shifts to alternative energy and unconventional gas may decrease oil demand.,
2009-12-27,Ongoing economic downturn affecting the energy sector.,"Major oil refiner Valero's stock plummeted 22% in the week, a significant shock."
2010-01-03,"Realized fact: Imported crude oil prices rose from $4/bbl in 1973 to over $30/bbl in 2009, reflecting a sustained high price level.",
2010-01-10,Shrinking number of US oil companies impacting California gasoline market.,
2010-01-17,Average petroleum oil prices increasing due to market volatility.,Geopolitical concerns contributing to rising oil prices.
2010-01-24,"U.S. refineries operating at 80% capacity, contributing to oil price volatility and potential gasoline price increases in the coming weeks.",
2010-01-31,"Consumer expenditure on gasoline historically fluctuated due to gas prices, which were expected to remain volatile responding to crude oil changes.",
2010-02-07,Recent reduction in India's gas oil retail price; Obama Budget aims to erase fossil fuel subsidies and increase nuclear energy funding.,
2010-02-14,Brent crude oil prices experienced impacts from global supply risks.,An oil tanker incident in the Red Sea generated global supply risks.
2010-02-21,"Primary fuels in rural Alaska are heating oil, diesel, gasoline. Long-term energy transition towards alternative fuels. Short-term oil price volatility expected.",
2010-02-28,Factual dynamics of petroleum product price benchmarking. Short-term prediction of oil price volatility and potential consumer/fuel cost increases. Long-term trend towards clean energy.,
2010-03-07,WTI crude oil price increased to $80.91/barrel on March 4. Long-term outlook suggests decline in crude throughputs; short-term prices expected to fluctuate.,
2010-03-14,Historical fact on ethanol subsidies' role in fuel production (1980s). General predictions on energy market changes and fuel price fluctuations.,
2010-03-21,EIA publishes prices of low-sulfur diesel; fuel prices expected relatively stable due to current supply conditions and inventories.,
2010-03-28,,"U.S. Federal Register published a rule on fuel regulation, affecting gasoline prices and potentially causing short-term volatility."
2010-04-04,Heating oil price was $2.890/gallon as of April 2010; US imports over half its oil. Short-term oil prices expected to fluctuate.,
2010-04-11,"Short-term prediction of oil price volatility due to world economic uncertainties, potentially leading to price hikes and economic instability.",
2010-04-18,"U.S. biofuels industry led to lower retail gasoline prices (7-15 cents/gallon); expected continued decline in energy prices, potentially increasing demand.",
2010-04-25,Short-term expectation of increased gas prices due to a carbon price estimate.,US government estimates a $28 carbon price would raise gas prices by 25%.
2010-05-02,American Gasoline Prices have been falling for 4 straight weeks.,
2010-05-09,U.S. crude oil production increased recently. Gasoline prices expected to drop slightly ahead of Memorial Day.,
2010-05-16,"Realized YTD crude price increase as of April 13. Expected long-term fuel price increase and short-term fluctuation, with a potential drop before Memorial Day.",
2010-05-23,"Fuel and petroleum product prices varied; some companies offered price breaks, and LPG was slightly less expensive than gasoline, reflecting general market conditions.",
2010-05-30,"Cost of polluting and global oil competition expected to increase motor fuel prices. Short-term: gas prices may remain low before Memorial Day, but experts predict immediate rise.",
2010-06-06,EIA tracked retail gasoline and diesel prices; expected oil price volatility.,
2010-06-13,"Short-term expectation of relatively stable fuel prices, with potential for volatility due to global demand and supply changes.",
2010-06-20,"High oil prices drive diversification awareness; US military oil consumption constant. Crude oil prices projected to increase, fostering energy efficiency and diversification efforts.",
2010-06-27,US heavy reliance on natural gas for electricity generation; ongoing natural gas boom in the US.,Recent cut in fuel subsidies in India.
2010-07-04,Information on 1970 OPEC production cut and general short-term oil price volatility.,
2010-07-11,Historical 2009 average oil price ($61.78/barrel); long-term outlook on fossil fuel depletion; short-term prediction of oil price fluctuations.,
2010-07-18,"Factual dynamics: Gasoline prices affect global economy and energy, influencing consumption and production patterns and potentially leading to demand fluctuations.",
2010-07-25,,"US crude oil production reached an unprecedented global record high, surpassing all other nations at any time."
2010-08-01,FACT: U.S. Energy Information Administration (EIA) provides energy statistics. PRED: Long-term focus on clean energy and short-term gasoline price fluctuations based on crude oil and supply/demand.,
2010-08-08,"Increased US crude oil production, leading to discussions about potential long-term lower natural gas prices and increased energy self-sufficiency.",
2010-08-15,USCI ETF described as tracking broad commodity futures for investor access; short-term prediction of continued oil price volatility.,
2010-08-22,Known link between crude oil and gasoline prices; expected short-term oil price fluctuations impacting the economy; long-term shift towards alternative fuels.,
2010-08-29,The United States produced more crude oil than any other country.,
2010-09-05,"Historical context of 1970s oil embargo and energy crisis; short-term expectation of oil price fluctuations, potential fuel shortages, and high prices.",
2010-09-12,Historical fourfold increase in international fuel prices (2003-2008); expectation of continued short-term fuel price volatility; long-term focus on alternative energy.,
2010-09-19,US oil demand elasticity is 0.05-0.15. Short-term gasoline prices are expected to remain volatile due to global oil prices and refining costs.,
2010-09-26,Fuel oil prices ended the week on a higher note on the Atlantic and Gulf coast.,
2010-10-03,"US consumes ~19.5 million barrels/day of petroleum-based fuels, mainly as gasoline, diesel, jet fuel, and heating oil.",
2010-10-10,Factual assessment of Cash for Clunkers' past impact on gasoline prices; short-term energy price volatility and potential increases predicted.,
2010-10-17,"Realized energy prices for coal, natural gas, and gasoline as of April 2010. Predictions for long-term energy market shifts and short-term gasoline price volatility.",
2010-10-24,"Factual breakdown of US gasoline price components as of Oct 2010. Expected short-term volatility influenced by crude oil, taxes, distribution. Long-term outlook on biofuel and natural gas impact.",
2010-10-31,"Analysis of 2008 record oil prices and their long-term implications, including predictions for future oil price fluctuations and shifts towards alternative energy.",
2010-11-07,"Diesel fuel pump prices were recorded, showing geographic variation. Short-term volatility is expected due to changes in oil prices and government policies.",
2010-11-14,"U.S. average gasoline price was $2.80/gallon as of Nov 1, 2010; short-term prediction of rising oil prices and economic pressure.",
2010-11-21,"Global fuel demand is inelastic to crude oil prices, leading to expected short-term gasoline price increases.",
2010-11-28,U.S. demand for refined petroleum products continued to decline since 2008. Road motor fuel prices were expected to remain relatively stable due to a stable pricing mechanism.,
2010-12-05,"Oil market severely affected in 2010, with prices over $100/barrel; expected to remain high due to ongoing global demand and supply constraints.",
2010-12-12,"US gasoline prices reached a 2-year high, driven by high oil prices and increased demand, reflecting a significant market dynamic.",
2010-12-19,US energy resource facts; short-term prediction of rising gasoline prices due to increasing crude oil.,
2010-12-26,United States oil prices expected to rise; gasoline prices forecasted to trend upwards in the short-term due to demand from developing economies.,
2011-01-02,EIA's regular weekly gasoline price data and forecasts; short-term prediction of rising gasoline prices driven by demand and crude oil.,
2011-01-09,"Current oil prices are competitive, influenced by US and state factors, with ongoing market regulation and expected stability in the short-term.",
2011-01-16,"Realized facts: Crude oil 65% of fuel price; 2010 energy index rose 18.2% (fuel oil/electricity up, natural gas down).",
2011-01-23,"Historical oil price milestones (2007) discussed, with predictions for continued rising gasoline prices and a long-term shift to clean energy.",
2011-01-30,"Historical oil shocks are known to cause crude oil price spikes, with prices doubling within months in the past.",
2011-02-06,"US oil reserves are only 2% of the world's total, a known factual constraint for energy policy and security.",
2011-02-13,"EIA provides data on crude oil, gasoline, heating oil, diesel, propane, and natural gas prices. Short-term prediction of slow rise in gasoline prices as crude oil prices remain steady.",
2011-02-20,Realized domestic crude oil first purchase price at $67.33/barrel and natural gas price at $74.83/barrel for February 2011. Short-term price increases expected due to winter demand and crude oil prices. Long-term shift towards alternative energy.,
2011-02-27,Fact: One barrel of oil yields varying gasoline/diesel. Long-term prediction: Shift to natural gas due to demand/prices.,Ongoing unrest in the Middle East impacting oil supply and prices.
2011-03-06,"US gasoline prices are set on a world market, affecting U.S. prices.",Recent increase in crude oil prices due to global market uncertainty.
2011-03-13,Factual breakdown of gasoline cost components; short-term expectation of rising prices due to ongoing supply disruptions and geopolitical tensions.,
2011-03-20,"Gasoline prices are a function of crude oil and ethanol, with expected short-term volatility due to fluctuations in crude oil prices and supply conditions.",
2011-03-27,Forecasted increase in oil demand and gasoline prices due to global economic recovery. Historical fact of 2008 crude oil price peak.,
2011-04-03,Rising oil prices at the pump are a realized fact affecting the economy this week.,The situation in Japan (Fukushima disaster) is an exogenous shock raising questions about energy sources.
2011-04-10,U.S. and U.K. spot natural gas prices diverging; Henry Hub and National Balancing Point key. Shale gas may decouple U.S. gas from oil long-term; short-term gas prices volatile due to crude oil fluctuations.,
2011-04-17,Vice Chair Yellen's speech predicted gasoline and heating oil prices would flatten out soon.,
2011-04-24,,US Attorney General formed a working group to investigate oil and gas price fraud.
2011-05-01,"US oil production insufficient to move world markets, offset by OPEC, leading to sustained high gas prices due to these factual market dynamics.",
2011-05-08,"EIA reported U.S. prices for gasoline, heating oil, diesel fuel, and imported crude oil for May 2011.",President Obama discussed energy efficiency and oil dependence; investors predicted a 50-cent gas price drop by summer due to rising oil supplies and falling demand.
2011-05-15,"US inflation measures (CPI/PCE) differ due to gasoline/fuel oil prices; gasoline prices expected to remain volatile/high, impacting spending.",
2011-05-22,Historical impact of oil prices on gasoline and electricity; long-term shift to sustainable energy; short-term forecast of rising gasoline prices potentially undermining U.S. demand.,
2011-05-29,"High crude oil costs are driving high gasoline prices, reflecting a fundamental economic relationship within this period.",
2011-06-05,Factual definition of gasoline crack spreads; short-term expectation of high gasoline prices due to current crack spreads and oil prices.,
2011-06-12,US experiencing oil price volatility; ongoing effects of Japanese earthquake and tsunami.,Ongoing conflict in Libya contributing to high gas prices.
2011-06-19,Global economy continued to expand; oil and commodity prices experienced fluctuations.,
2011-06-26,Estimated true cost of gasoline at $15/gallon considering environmental impact; short-term outlook for high oil prices due to ongoing demand and supply constraints.,
2011-07-03,Rising crude oil costs drove gasoline price increases up to late spring 2011. Gasoline prices continue to be influenced by crude oil changes and seasonal demand.,
2011-07-10,"EIA report details impacts of shale gas uncertainty on natural gas supply and prices. Oil prices fluctuate, potentially rising from weakening US dollar.",
2011-07-17,"International oil prices approached $150/barrel and gasoline prices hovered around $2/liter in 2011, leading to expected market volatility and economic pressure.",
2011-07-24,"U.S. natural gas prices are competitive; long-term gas prices expected $6-8/MMBtu. Short-term gasoline prices may rise due to tight supply, NYC electricity prices remain high.",
2011-07-31,"National retail gasoline prices rose for the fifth consecutive week, driven by summer driving season demand and tight supply.","Oil prices experienced a recent retreat, potentially leading to further decreases."
2011-08-07,"Retail gasoline prices decreased slightly, but still higher year-over-year. Prices continued rising with crude oil, influenced by global demand, supply, inventory, and seasonal factors.",
2011-08-14,National average retail regular gasoline price decreased by $0.070 per gallon from last week.,Crude oil price plummeted due to slower-than-expected U.S. economic growth.
2011-08-21,"National average retail gasoline price decreased slightly to $3.581/gallon, but remained significantly above last year. Past price run-ups led to declining gasoline tax revenues.",
2011-08-28,"National average retail gasoline price increased to $3.627/gallon, up $0.046 from last week. US economy expected to recover, increasing prices. Short-term prices stable/decreasing due to production.",Potential gas price spike due to Hurricane Irene if oil refiners shut down.
2011-09-04,"Gasoline prices increased to $3.674/gallon, up $0.047 from last week. Prices are expected to continue rising or remain stable, with ongoing volatility due to crude oil fluctuations.",
2011-09-11,National average retail regular gasoline price decreased slightly. Low U.S. distillate consumption reflects slow economic activity and biofuel substitution.,
2011-09-18,National average retail gasoline price decreased slightly week-over-week but remained significantly higher year-over-year. Long-term prices expected to stay high due to crude oil and refinery rates. Short-term fluctuations and a potential shift to natural gas.,
2011-09-25,Gasoline prices decreased $0.092/gallon from last week; expected to continue decreasing/stabilizing due to high refinery capacity and inventories; long-term increase as winter approaches.,
2011-10-02,National average retail regular gasoline price decreased for the fourth week in a row; increased gasoline production and decreased crude oil imports are ongoing trends.,
2011-10-09,National average retail regular gasoline price decreased for the fifth consecutive week; prices expected to remain volatile due to crude oil fluctuations.,
2011-10-16,"National average retail gasoline price increased by $0.059/gallon from last week; U.S. spent almost $2900 on gasoline in 2011, with prices fluctuating due to global oil supply/demand.",
2011-10-23,"National average retail gasoline price decreased slightly from last week, but was up from a year ago. Prices expected to stabilize or decrease due to decreasing production and inventories. Oil prices likely to remain volatile.",
2011-10-30,National average retail regular gasoline price decreased slightly; production and inventories increased.,"EIA raised crude oil and gasoline price forecasts for 2018, predicting summer gasoline prices to be the highest in four years."
2011-11-06,"National average retail gasoline price decreased to $3.424/gallon; influenced by crude oil prices, production, inventories, demand, and supply.",
2011-11-13,"National average retail gasoline price increased to $3.436/gallon on Nov 14, $0.012 more than last week. 2011 annual average was $3.17.",
2011-11-20,National average retail gasoline price increased to $3.368/gallon; short-term prices expected stable/slight decrease due to inventory/production. EIA re-runs Gasoline Inventory model for macroeconomic forecasts.,
2011-11-27,National average retail regular gasoline price decreased by $0.061/gallon from last week; short-term prediction of continued decrease or stability.,
2011-12-04,"National average retail gasoline price decreased slightly week-over-week. Brent crude oil averaged over $100/barrel in 2011. Gasoline prices influenced by global crude oil, supply/demand.",
2011-12-11,National average retail gasoline price decreased for fourth consecutive week to $3.286/gallon. WTI crude oil spot price increased Oct-Nov 2011. Gasoline and natural gas prices predicted to decrease/remain stable short-term.,
2011-12-18,"National average retail gasoline price decreased for fifth consecutive week. Short-term forecast: continued decrease; long-term: stabilization/slight increase. Historical crude oil/natural gas price gap widening, with general fuel price fluctuations.",
2011-12-25,"National average retail gasoline price increased; expected to remain high influenced by crude oil prices, production, and imports; world oil price affects ethanol/gasoline relationship.",
2012-01-01,"Gasoline prices increased to $3.299/gallon, up $0.041 from last week, with expectations of continued short-term increases. Price decomposition includes oil, tax, and state effects, with expected volatility.",
2012-01-08,National average retail regular gasoline price increased. Gasoline prices predicted to continue increasing due to rising crude oil prices and general oil price increases.,Geopolitical tensions with Iran cited as a factor for high gasoline prices.
2012-01-15,"National average retail gasoline price increased for the fourth consecutive week. Prices were over $3/gallon in 2011, with crude oil over 60% of cost. Future prices influenced by global demand/supply.",
2012-01-22,National average retail regular gasoline price decreased for the first time in five weeks; U.S. average gasoline price at a high level; decrease in crude oil imports and refinery inputs.,Ongoing geopolitical tensions between Iran and the U.S. influencing future gasoline price expectations.
2012-01-29,"National average retail gasoline price increased to $3.439/gallon, up $0.050 from last week and $0.338 from a year ago. US spends $1 billion daily on oil imports.",
2012-02-05,"National average retail regular gasoline price increased to $3.482/gallon, up $0.043 from last week; gas prices generally rising in the US.","Natural gas spot prices near 10-year lows due to warm weather and abundant supply, potentially influencing fuel-switching."
2012-02-12,"National average retail gasoline price increased, driven by rising crude oil prices and increased refining activity. North Sea oil price rise also contributed to U.S. gasoline price increases.",
2012-02-19,National average retail gasoline price increased for the fourth consecutive week; Rocky Mountain prices influenced by Canadian/Bakken crude oils; short-term outlook predicts continued price increases or stabilization due to tight supply.,
2012-02-26,"National average retail regular gasoline price increased for fifth consecutive week to $3.721/gallon; expected to continue rising due to increasing crude oil prices, tight market conditions, and rising demand.",
2012-03-04,"National average retail regular gasoline price increased for the sixth consecutive week, reaching $3.793 per gallon.",Geopolitical tensions with Iran and new U.S./EU sanctions caused supply uncertainties.
2012-03-11,National average retail regular gasoline price increased for the seventh consecutive week. US crude oil production increased sharply.,
2012-03-18,"National average retail regular gasoline price increased for eighth consecutive week to $3.867/gallon, expected to continue rising due to supply constraints, demand, and continued dependence on oil.",
2012-03-25,National average retail gasoline price continued its ninth consecutive weekly increase; Crude oil cost and global market forces are major factors influencing gasoline prices.,
2012-04-01,"National average retail regular gasoline price increased for the tenth consecutive week, reaching $3.941 per gallon.",
2012-04-08,National average retail regular gasoline price decreased for the first time in eleven weeks; EIA lowered 2012 forecast for U.S. refiner crude oil acquisition cost by $2/barrel.,
2012-04-15,National average retail gasoline price decreased slightly to $3.922/gallon; WTI crude oil was $101/barrel and Brent $120/barrel.,
2012-04-22,National average retail regular gasoline price decreased to $3.870 per gallon.,
2012-04-29,Retail gasoline prices decreased for the fourth consecutive week. Government policy aims to reduce foreign oil dependence via hybrid vehicles. Seasonal demand and pre-holiday expectations influence future price trends.,
2012-05-06,"National average retail regular gasoline price decreased for the fifth consecutive week to $3.790 per gallon. Summer driving season approaching, typically increasing demand.",
2012-05-13,National average retail gasoline price decreased for sixth consecutive week to $3.754/gallon; US energy market inherently vulnerable to price fluctuations; short-term gasoline prices expected to continue decreasing.,
2012-05-20,National average retail gasoline price decreased for the seventh consecutive week; U.S. wholesale gasoline prices rose 30% from 2010-2011.,
2012-05-27,"National average retail gasoline price decreased for eighth consecutive week to $3.669/gallon, $0.045 less than last week.",
2012-06-03,"Retail gasoline prices decreased for the ninth consecutive week to $3.612/gallon. Short-term prices expected to continue decreasing, with potential stabilization or increase in summer due to demand.",
2012-06-10,"National average retail regular gasoline price decreased for the tenth consecutive week, falling due to a drop in crude oil prices. Expected to continue decreasing or stabilize.",
2012-06-17,"Gasoline prices decreased for the eleventh consecutive week to $3.533/gallon, with short-term decreases expected. Seasonal demand may lead to long-term stabilization. Fossil fuel industry maintains significant economic influence.",
2012-06-24,National average retail regular gasoline price decreased for the twelfth consecutive week; US increased exports of refined products.,
2012-07-01,"National average retail gasoline price decreased for the thirteenth consecutive week, falling 50 cents over 12 weeks. Short-term predictions indicate continued decline or stability.",
2012-07-08,Gasoline prices increased by $0.055/gallon. Predictions for gasoline price fluctuations and long-term decrease. Fuel oil prices expected to remain high due to demand/supply constraints.,
2012-07-15,National average gasoline price increased; short-term price increase predicted due to decreasing production/inventories and seasonal demand.,"United States achieved record crude oil production, highest by any nation at any time."
2012-07-22,National average retail regular gasoline price increased by $0.067/gallon from last week; crude oil prices significantly impact gasoline prices (61.5% of cost).,
2012-07-29,National average retail regular gasoline price increased for the fourth consecutive week to $3.508 per gallon.,
2012-08-05,National average retail gasoline price increased for fifth consecutive week due to supply/demand imbalance; fuel economy standards improved vehicle efficiency.,
2012-08-12,National average retail regular gasoline price increased for the sixth consecutive week. U.S. consumer energy expenditures remain primarily driven by oil prices.,
2012-08-19,National average retail gasoline price increased for seventh consecutive week; U.S. gasoline consumption low vs. 5-year average; wholesale/retail PPI for gasoline increased.,Canadian crude oil tar sands spill cleanup cost highest in U.S. history.
2012-08-26,"National average retail regular gasoline price increased for the eighth consecutive week, reaching $3.776 per gallon.",
2012-09-02,"Retail gasoline prices increased for the ninth consecutive week to $3.843 per gallon, driven by ongoing supply constraints and strong demand. Gas prices fluctuate due to uncertainty around shale gas resources and the ongoing drought's impact on corn and ethanol production.",
2012-09-09,Retail gasoline prices increased for tenth consecutive week to $3.847/gallon. US air pollution linked to coal-fired plants and heavy industries.,
2012-09-16,"National average retail regular gasoline price increased for the eleventh consecutive week, reaching $3.878 per gallon, continuing an upward trend.",
2012-09-23,National average retail regular gasoline price decreased by $0.052/gallon from last week.,New climate regulations and low natural gas prices advancing the U.S. electric vehicle market.
2012-09-30,"National average retail regular gasoline price decreased due to declining crude oil costs, surplus in supply, and increasing production/imports.",
2012-10-07,National average retail gasoline price increased to $3.850 per gallon. Short-term prediction of continued increase/stability due to supply constraints and crude oil prices. Gasoline prices are influenced by crude oil and refinery costs.,Gas prices spiked to $5 per gallon in California.
2012-10-14,National average retail regular gasoline price decreased to $3.819/gallon. Prices expected to decrease/remain stable due to market surplus and seasonal fluctuations. US is top oil consumer; domestic production not impacting crude oil prices.,
2012-10-21,National average retail regular gasoline price decreased; short-term predictions for gasoline price increase due to decreased production/imports and crude oil price decline due to increased U.S. production/shale gas.,
2012-10-28,"National average retail gasoline price decreased to $3.568 per gallon, $0.119 less than last week. US tripled ethanol use in gasoline blends since 2005.",
2012-11-04,National gasoline price decreased for fourth week; US shifting to North American crude oil supplies; low distillate inventory may pressure prices in winter.,
2012-11-11,National average retail regular gasoline price decreased for the fifth consecutive week.,28% of gas stations in NYC metropolitan area do not have gasoline available.
2012-11-18,"National average retail gasoline price decreased for sixth consecutive week to $3.429/gallon. Ethanol production boom driven by relative prices, efficiency, and government policies. Prices expected to continue decreasing short-term.",
2012-11-25,Retail gasoline price increased to $3.437/gallon. Crude oil price around $50/barrel. Short-term gasoline prices expected stable/slight increase. Known wind energy tax credit expiration at year-end.,
2012-12-02,National average retail gasoline price decreased to $3.394/gallon due to increased supply and inventory levels. U.S. oil and gas boom is dropping prices and increasing domestic production.,
2012-12-09,"National average retail gasoline price decreased; short-term decrease and volatility expected due to crude oil prices, refining costs, and inventory trends.",
2012-12-16,"National average retail regular gasoline price decreased. U.S. crude oil production exceeded 6.5M bpd, leading to lower crude oil prices. Short-term gasoline prices expected to remain stable or decrease.",
2012-12-23,"National gasoline price slightly increased by $0.003/gallon. US importing less energy, especially crude oil products. Predictions of stable/decreasing gasoline prices due to well-supplied market and high refinery utilization.",
2012-12-30,"United States produced more crude oil, leading to expectations of relatively low fuel prices due to increased production and fracking technology.",
2013-01-06,"Gas prices hit an all-time high in 2012, with California's average reaching $4.028/gallon, a realized fact noted at the start of 2013.",
2013-01-13,"Crude oil prices remained near 2011 levels in 2012, with the US as a net importer. Gas prices were predicted to fall in 2013 due to ample supplies, weak demand, and increased US crude production.",
2013-01-20,"Known impact of crude oil prices on retail gasoline prices, leading to expected short-term volatility in energy product prices.",
2013-01-27,Falling natural gas prices and increased North American supply due to ongoing shale gas production.,
2013-02-03,Crude oil prices around $100/barrel and natural gas pricing structure as of 2013. Expected long-term energy shifts and short-term petroleum price fluctuations.,
2013-02-10,U.S. household gasoline expenditures are ~4% of total. Short-term price rise expected due to ongoing switch to summer blend and strengthening economy.,
2013-02-17,Factual relationship: gasoline prices are intimately interconnected with crude oil prices; short-term prices likely remain tied to crude oil.,
2013-02-24,US crude oil and petroleum product inventory management mechanisms are active; gasoline prices expected to rise due to high crude oil prices.,
2013-03-03,Record U.S. gasoline prices coincide with nine-year high in Middle Eastern oil imports; short-term price decrease predicted due to rising fuel supplies.,
2013-03-10,EIA provides data on gasoline consumption and prices. Predictions on long-term energy diversification and short-term price stability.,
2013-03-17,US oil/gas production rise led to lower crude/natural gas prices; short-term gas prices may rise due to increased demand and limited refining capacity.,
2013-03-24,"U.S. forecast to become world's largest crude oil producer by 2020, signaling a long-term shift in global energy markets.",
2013-03-31,US decrease in gasoline use and continued net crude oil import; stable Middle East production contributes to potential gas price decline/stabilization.,
2013-04-07,"Continued increase in US domestic crude oil production since 2011, potentially leading to declining gasoline prices due to increased supply and low natural gas prices.",
2013-04-14,"US year-to-date natural gas use for power generation down; crude oil, gasoline, heating oil, diesel, and propane prices volatile.",
2013-04-21,US imports foreign oil for diesel; increasing domestic crude production may reduce reliance. Gasoline prices expected to drop slightly ahead of Memorial Day.,
2013-04-28,Expected seasonal price increases in the first half of the year due to tightening supply and demand ahead of the summer driving season.,
2013-05-05,"Average U.S. gasoline price in April 2013 was $3.55/gallon, lowest for April since 2010. Expected short-term rise in gasoline prices due to seasonal switch to summer-grade fuel.",
2013-05-12,The price spread between regular and premium gasoline has changed.,
2013-05-19,"U.S. crude oil production is over 7M barrels/day, 20% above 5-year average. This trend may lead to slightly lower gasoline prices ahead of Memorial Day.",
2013-05-26,Rising crude oil prices affecting Midwest gasoline prices; expected seasonal demand.,
2013-06-02,"Regional variations in oil production costs and expected tracking of gasoline prices with crude oil, influenced by demand.",
2013-06-09,"US economy's ongoing reliance on gas plants and oil dependence, causing vulnerability to price shocks and limited fuel options for consumers.",
2013-06-16,"Global abundance of shale oil and gas revolutionized US energy landscape, making resources quickly producible at low cost.",
2013-06-23,"Gasoline prices are heavily influenced by crude oil (65%). Increasing US oil/gas production may decrease short-term gasoline prices, and long-term US reliance on OPEC may shift.",
2013-06-30,U.S. EIA provides official energy statistics. Expected energy price fluctuations based on supply/demand; increasing U.S. crude production may shift global market.,
2013-07-07,"Factual dynamics of crude oil and gasoline prices, refiners' focus, and short-term fluctuations driven by supply/demand. Long-term trend towards alternative energy sources noted.",
2013-07-14,U.S. EIA expects Brent crude oil to average $102/barrel for H2 2013. Long-term shift from oil due to U.S. natural gas production. Gasoline prices expected to remain firm due to global demand.,
2013-07-21,"Increased U.S. energy production from reserves is a factual driver of gasoline prices, contributing to stable or decreasing prices in the short-term.",
2013-07-28,"Average US spot natural gas prices increased 40-60% in H1 2013; prices may continue to rise due to demand, potentially increasing energy costs.",
2013-08-04,Natural gas liquids prices trending down since 2012; natural gasoline prices correlated with crude oil; short-term expectation of rising gasoline prices.,
2013-08-11,"Realized average retail gasoline price was $3.65/gallon. Short-term forecast of declining gasoline prices due to demand/supply, potentially boosting economic activity.",
2013-08-18,US crude oil production reached a record high in 2013. Short-term gasoline prices expected to remain high due to strong demand and limited supply.,
2013-08-25,"US crude oil production hit an all-time high, making it the world's largest producer, a realized fact within the step.",
2013-09-01,Average U.S. retail gasoline price was $3.55/gallon. Prices expected to stabilize or decrease as summer driving season ends.,
2013-09-08,,"Average natural gas price decreased significantly by 36%, potentially signaling market shifts and continued price drops."
2013-09-15,BLS CPI-U measures US city average gasoline prices. Oil prices remain high due to ongoing supply disruptions and strong demand.,
2013-09-22,"E85 pricing increasingly competitive vs. gasoline, driven by crude oil prices, potentially impacting gasoline prices due to decreasing crude oil prices.",
2013-09-29,Realized facts on U.S. gasoline consumption and price drivers. Short-term prediction of slight price decrease due to increased U.S. crude oil production.,
2013-10-06,"U.S. expected to be largest petroleum and natural gas producer; short-term oil/gas prices likely volatile due to supply/demand, geopolitics, weather.",
2013-10-13,Seasonal decrease in demand expected to lower gasoline prices; long-term energy market shift predicted by EV adoption and Marcellus natural gas growth.,
2013-10-20,US 40-year oil dependence; expected oil price volatility and future production trends.,
2013-10-27,Historical impact of 1973 oil embargo on US energy policy; expectations of future energy independence and oil price volatility.,
2013-11-03,U.S. weekly gasoline prices are intrinsically linked to regional crude oil pricing and fluctuate with supply/demand.,
2013-11-10,"In Hawaii, electricity and gasoline prices follow petroleum. Short-term oil price fluctuations based on supply/demand are expected, potentially affecting the economy.",
2013-11-17,US experiencing increased physical activity due to higher gasoline prices.,
2013-11-24,Increased US natural gas production in the Northeast reduced net inflow and contributed to lower natural gas prices this week.,
2013-12-01,Natural gas projected to overtake coal in U.S. power generation due to low prices; short-term gasoline prices expected to drop due to increased crude oil production.,
2013-12-08,Average bidweek natural gas price in New England settled at $14.52/MMBtu for December 2013.,
2013-12-15,"U.S. petroleum imports from nearby countries; domestic oil, gas, and coal producers receive $4B annually in subsidies. Short-term prediction of decreased gasoline prices due to increased domestic production.",
2013-12-22,EIA began tracking No. 2 Heating Oil Prices in New York Harbor in 2013. Long-term shift to renewables and short-term oil price volatility expected.,
2013-12-29,National average retail regular gasoline price increased; short-term prices expected stable or slightly decrease; long-term trend of increasing US oil production continues.,United States crude oil production reached an all-time global high.
2014-01-05,"Retail gasoline price increased slightly to $3.332/gallon. Short-term decrease predicted due to crude oil exports, influenced by global crude oil and seasonal demand.",
2014-01-12,"National average retail gasoline price decreased by $0.005/gallon from last week. Prices influenced by crude oil, refinery outages, inventory, and seasonal blends. Current trends show decreasing refinery inputs and crude oil imports.",
2014-01-19,National average retail regular gasoline price decreased. Predictions indicate continued decrease or stability due to supply and demand dynamics.,
2014-01-26,"Retail gasoline price decreased to $3.295/gallon. US imports gasoline from Venezuela. Prices are expected to remain stable or slightly decrease due to increased production and inventory, with fluctuations from winter demand.",
2014-02-02,National average retail regular gasoline price decreased for fourth consecutive week to $3.292/gallon. Crude oil export ban (established 1975) remains a key energy policy.,
2014-02-09,"National average retail gasoline price increased slightly. Low U.S. natural gas prices supported increased domestic production of plastics, crude oil, and natural gas.",
2014-02-16,National average retail regular gasoline price increased by $0.071/gallon; expected to continue increasing slightly due to high refinery capacity and above-average inventories.,"US considering lifting ban on exporting domestic oil, potentially increasing gasoline prices due to need for more expensive foreign oil."
2014-02-23,"National average retail regular gasoline price increased to $3.444 per gallon. Prices expected to fluctuate around this level, potentially dropping before Memorial Day due to plentiful supplies.",
2014-03-02,National average retail gasoline price increased for fourth consecutive week to $3.479/gallon.,
2014-03-09,National average retail gasoline price increased for the fifth consecutive week to $3.512 per gallon.,
2014-03-16,National average retail regular gasoline price increased for the sixth consecutive week to $3.547 per gallon.,"US experiencing a surge in propane supply, a byproduct of drilling, leading to shortages and high fuel prices for consumers."
2014-03-23,"Gasoline prices increased for seventh consecutive week to $3.549/gallon, influenced by refinery activity and inventory. Short-term energy prices may fluctuate but increased production could lead to stability.","United States became world's top producer of oil and natural gas, surpassing other nations."
2014-03-30,"National average retail regular gasoline price increased for eighth consecutive week to $3.579/gallon. U.S. ceased being largest net crude oil importer in 2014, with China taking over. Short-term price increases expected.",
2014-04-06,National average retail gasoline price increased for the ninth consecutive week; US importing increasingly heavy crude oil.,
2014-04-13,National average retail regular gasoline price increased for tenth consecutive week to $3.651 per gallon; U.S. and world corn supplies recovered to record levels.,
2014-04-20,National average retail regular gasoline price increased for eleventh consecutive week; LNG is a lower-cost alternative fuel for freight locomotives.,
2014-04-27,National average retail gasoline price increased for twelfth consecutive week to $3.713. Upward trend driven by strong demand and approaching summer driving season.,
2014-05-04,National average retail gasoline price decreased to $3.684. Increasing gasoline production and inventories suggest short-term stability. Crude oil is the largest price factor; US production is insufficient.,
2014-05-11,National average retail regular gasoline price decreased weekly; ongoing increased gasoline production and refinery capacity utilization.,
2014-05-18,"National average retail gasoline price decreased. Prices are influenced by global crude oil, refinery capacity, seasonal demand, and in Hawaii, petroleum. Short-term volatility and stable/slight decrease are expected.",
2014-05-25,National average retail regular gasoline price increased to $3.674/gallon; US average retail gasoline price was $3.67/gallon.,
2014-06-01,"National average retail gasoline price increased; NY Harbor spot price decreased. Approaching summer driving season influences prices. US production of oil/gas and renewables increased, while petroleum consumption decreased.",
2014-06-08,"National average retail gasoline price decreased; lower crude feedstock and natural gas costs contribute to refinery competitiveness, expecting stable or slightly decreasing prices.",
2014-06-15,"National average retail regular gasoline price increased to $3.686/gallon, up $0.012 from last week. Historical increase in global oil demand (1997-2012).",
2014-06-22,"National average retail gasoline price increased to $3.704/gallon, up $0.018 from last week; U.S. gasoline price is related to crude oil price.",Ongoing crisis in Iraq causing volatility and potential price increases.
2014-06-29,"National average retail gasoline price stable at $3.704/gallon, up $0.208 from a year ago. US transportation sector dependent on petroleum. Short-term forecast: stable or slight decrease in gasoline prices due to balanced supply/demand and increased crude oil production.",
2014-07-06,"National average retail regular gasoline price decreased to $3.678/gallon, $0.026 less than last week, reflecting a temporary surplus.","Crude oil prices increased due to unrest in Iraq, a major producer, potentially impacting gasoline prices."
2014-07-13,National average retail regular gasoline price decreased to $3.635 per gallon. United States achieved record crude oil production.,
2014-07-20,"Retail gasoline price decreased from last week; increasing production and inventories may put downward pressure on prices; US produces more crude oil than it imports, impacting price fluctuations.",
2014-07-27,National average retail gasoline price decreased for fourth consecutive week; jet fuel prices increasing and volatile.,
2014-08-03,"National average retail regular gasoline price decreased for fifth consecutive week; Petroleum Planning & Analysis Cell monitoring international crude oil, petrol, and diesel prices.",
2014-08-10,"Gasoline prices decreased for the sixth consecutive week. US crude oil production reached a record high, making it the top global producer.",
2014-08-17,"National average retail regular gasoline price decreased for the seventh consecutive week. Northeastern US increasingly reliant on natural gas for power generation, sensitive to supply/demand.",
2014-08-24,National average gasoline price decreased for eighth consecutive week to $3.454/gallon due to high domestic production and refining capacity. Long-term trend of increasing alternative fuel adoption.,Ongoing geopolitical tensions and supply chain disruptions create potential for oil price volatility.
2014-08-31,"National average retail gasoline price saw a slight weekly increase but was lower year-over-year, driven by lower Brent crude oil prices. Prices are influenced by global crude oil, refinery capacity, and inventories.",
2014-09-07,"National average retail gasoline price decreased; expected to continue decreasing or remain stable. US has significant shale oil deposits, potentially impacting long-term energy prices.",
2014-09-14,"National average retail gasoline price decreased to $3.408/gallon, $0.049 less than last week. Prices expected to continue decreasing/remain stable due to surplus supply, decreasing crude oil prices, and increasing U.S. oil production.",
2014-09-21,"National average retail regular gasoline price decreased to $3.353 per gallon, $0.055 less than last week, with predictions for continued downward trend due to increasing domestic production.",
2014-09-28,National average retail gasoline price increased slightly to $3.354; US is major petroleum consumer and importer with increasing domestic production. Prices expected to remain stable/decrease.,
2014-10-05,"National average retail regular gasoline price decreased to $3.299/gallon, $0.055 less than last week. Prices are expected to continue decreasing or stabilize short-term, influenced by global crude oil prices, seasonal demand, imports, and refinery capacity.",
2014-10-12,National average retail gasoline price decreased; US crude oil and lease condensate production rose.,
2014-10-19,National average retail regular gasoline price decreased to $3.120 per gallon. Appalachian natural gas spot prices and Marcellus region's natural gas prices declined. Predictions indicate continued decrease in gasoline prices due to increased supply.,
2014-10-26,"National average retail regular gasoline price decreased for fourth consecutive week, reaching nearly four-year low.",Plunging oil prices drove the significant drop in gasoline prices.
2014-11-02,"National average retail regular gasoline price decreased for the fifth consecutive week. Prices are expected to continue decreasing or remain stable due to increasing domestic oil production, refining capacity, and an ongoing oil boom.",
2014-11-09,National average retail gasoline price decreased for the sixth consecutive week; ongoing trend of decreasing crude oil prices and surplus supply.,
2014-11-16,National average retail gasoline price decreased for the seventh consecutive week to $2.894/gallon. Global oil price was around $80/barrel.,
2014-11-23,"Gasoline prices decreased for the eighth consecutive week to $2.821 per gallon due to increased US oil production and a growing supply surplus, leading to expectations of continued low prices.",
2014-11-30,"National average retail gasoline price decreased for the ninth consecutive week, reaching $2.778 per gallon, the lowest since 2009, mainly due to decreasing crude oil prices.",
2014-12-07,"Gasoline prices decreased for tenth consecutive week to $2.679/gallon. Prices expected to remain low due to surplus, decreasing crude oil, affecting consumer behavior and related product demand.",
2014-12-14,"National average retail regular gasoline price decreased for the eleventh consecutive week to $2.554/gallon. Oil prices were around $60/barrel, and gas prices dropped below $3/gallon in some areas.",
2014-12-21,"National average retail gasoline price decreased for the twelfth consecutive week to $2.403/gallon, down $0.151 from last week. Prices expected to remain low.",
2014-12-28,National average retail regular gasoline price decreased for thirteenth consecutive week. Recent oil price slump expected to boost world GDP and keep prices low.,
2015-01-04,"Record U.S. oil and gas production led to a global oil glut and falling crude prices, with gas prices expected to remain low in the short term.",
2015-01-11,"U.S. gasoline prices lowest since May 2009, falling $1.20 since June 2014; expected to remain low due to ongoing oil supply surplus.",
2015-01-18,"Shale oil revolution's ongoing impact: decreased US imports, increased refined exports, affecting global markets, driving sustained low oil prices.",
2015-01-25,"Factual dynamics of plummeting oil prices, leading to cheap gasoline in the US and economic havoc for oil exporters.",
2015-02-01,"US gasoline prices at lowest since 2009 ($2.04/gallon) due to oil surplus, expected to remain low or fall further.",
2015-02-08,,"WTI crude oil prices experienced a sharp decline from $108 (mid-2014) to $48.8 per barrel by February 2015, impacting gas prices and fuel demand."
2015-02-15,"Gas price variations are driven by world market forces, not U.S. subsidies, an ongoing market dynamic. Short-term prices are expected to continue this trend.",
2015-02-22,US is a net oil importer; long-term US oil/gas production expected to increase; short-term oil price rises possible from demand/production shifts.,
2015-03-01,Current RIN values support continued ethanol blending despite lower crude oil and gasoline prices.,
2015-03-08,Public opinion in March 2015 showed strong support for limiting crude oil exports to control gas prices. Gas prices expected to rise due to refining capacity and storage issues.,
2015-03-15,"U.S. position as top oil producer since 2013, leading to expected low short-term gasoline prices and a shift in global energy landscape.",
2015-03-22,Reported 2014 residential electricity rate increases; short-term gas price decrease prediction from recent crude oil decline; long-term forecast of reduced foreign oil dependence.,
2015-03-29,"Realized fact: crude oil is only a portion of gasoline cost, with other costs comprising over half, keeping pump prices high despite falling crude oil.",
2015-04-05,"Oil prices breached $50 on April 3, 2015.",Saudi Arabia and Gulf states deployed airstrikes into Yemen.
2015-04-12,"Expectations for 2015 U.S. gasoline price fall, linked to Brent crude oil changes; summer gas prices forecasted 32% lower.",
2015-04-19,Ongoing impact of the shale revolution on U.S. refined petroleum markets and associated gasoline price volatility.,
2015-04-26,"EIA report projects US remains net petroleum importer through 2040, with continued low oil prices and increased domestic production boosting economic activity.",
2015-05-03,US Renewable Fuel Standard (2014) led to ethanol export rebound; continued low oil prices due to global market oversupply.,
2015-05-10,US federal excise tax on gasoline/diesel is 18.4/24.4 cents per gallon. Short-term gasoline prices expected to drop ahead of Memorial Day.,
2015-05-17,Growing US shale oil supply led to lower crude oil prices. Gasoline prices may drop slightly ahead of Memorial Day.,
2015-05-24,Gasoline crack spreads reached multi-year highs; high gasoline prices expected due to strong demand and limited refining capacity.,
2015-05-31,Crude oil inventories influence petroleum product prices. Ongoing US crude oil production increase expected through 2020. Current oil glut expected to decrease short-term gasoline prices.,
2015-06-07,Ongoing trend of decreasing US solar PV costs estimated by NREL as of 2015.,
2015-06-14,"U.S. has a global energy advantage with wholesale natural gas prices averaging about one-third of other industrial countries, likely reducing crop production expenses.",
2015-06-21,"U.S. crude oil production reached a record high, potentially leading to falling gasoline prices and increased consumption.",
2015-06-28,"Increased US crude oil production, with predictions of a short-term slight drop in oil prices.",
2015-07-05,Factual dominance of fossil fuels in U.S. energy mix as of 2015. Expected short-term fuel price fluctuations and long-term shift towards sustainable energy.,
2015-07-12,"US petroleum consumption declined, with high gasoline prices contributing to increased fuel economy.",
2015-07-19,The U.S. Energy Information Administration (EIA) regularly publishes crude oil price forecasts.,"The Iran nuclear deal's potential to increase oil exports and lower prices, causing short-term market volatility."
2015-07-26,"Average US diesel retail price fell below gasoline price for the first time in six years as of July 2015, due to a global supply glut.",
2015-08-02,Factual dynamics of US oil/gas wells and price spike potential. Expected future EV/biofuel impact on demand and continued oil price fluctuations.,
2015-08-09,U.S. refineries running at record-high levels due to lower crude prices and strong demand for gasoline; expected low gasoline prices.,"Finalization of the Clean Power Plan, signaling a long-term shift towards cleaner energy."
2015-08-16,"US crude oil production definition includes lease condensate. Short-term forecast of continued low oil prices, high fuel use, and long-term shift to alternative energy sources.",
2015-08-23,"EIA lowered crude oil price forecast through 2016; retail gasoline prices expected to remain low, potentially dropping below $2, due to high refinery output.",
2015-08-30,Realized lower diesel fuel prices below $2.50/gallon due to low crude oil prices; expected sustained low gasoline prices from global inventory surplus.,
2015-09-06,EIA reports on gasoline price determinants and U.S. crude oil imports; market discussions on short-term oil price fluctuations and long-term alternative energy shifts.,
2015-09-13,"US oil production has been increasing, aiming for energy independence by 2017, contributing to expected low oil prices.",
2015-09-20,"Dramatic increase in US oil production contributed to lower oil prices; low gasoline prices expected in next 1-4 weeks, potentially boosting economy.",
2015-09-27,U.S. average gas price is $3.75/gallon as of Sept 2015. Prices may remain stable or decrease due to increased global supply and low demand.,
2015-10-04,"Natural gas prices in Asia are factually linked to crude oil prices. Short-term fuel prices are expected to remain influenced by crude oil, with a long-term shift towards sustainable energy anticipated.",
2015-10-11,Current WTI crude oil prices are affecting fuel surcharges and reductions in rate discounts.,
2015-10-18,Higher wholesale gasoline prices in California due to increased imports; low petroleum and natural gas prices in Saudi Arabia.,Major refinery outage affecting California gasoline supply.
2015-10-25,"Gasoline prices declining in the US, West Texas Intermediate crude oil trading in mid-$40s.",
2015-11-01,Forecasted average U.S. regular gasoline retail price of $2.33/gal as of 2015. Short-term prediction for fuel prices to fall or remain stable.,
2015-11-08,"US national average gas price declining in November 2015, with predictions for continued decline and higher gasoline-crude price gap. Gasoline sales rose significantly in July.",
2015-11-15,Historical facts about 2008 oil and gasoline price peaks; short-term predictions of oil price fluctuations and increased demand for alternative energy sources.,
2015-11-22,Weekly retail gasoline price estimation methodology revised; ongoing trend of decreasing oil prices and current oil surplus.,
2015-11-29,"U.S. gasoline prices at a seven-year low, expected to fall below $2 for Thanksgiving during this week.",
2015-12-06,"Factual breakdown of global carbon emissions by source (coal, oil, gas); expected long-term shift to renewables due to climate awareness; short-term low fossil fuel prices hindering renewable growth.",
2015-12-13,BLS reports on wholesale and retail producer price indexes and fuel prices available. Retail gasoline margins expected to fluctuate with crude oil volatility.,
2015-12-20,Known long-run symmetric response of gasoline prices; short-term volatility responding to oil prices and global demand.,Lifting of U.S. crude oil export ban and its potential long-term impact on gasoline prices.
2015-12-27,,"Gas prices dropped below $2/gallon for the first time since 2009, marking a significant economic shift due to crude oil oversupply."
2016-01-03,"National average retail gasoline price decreased to $2.028/gallon, continuing a downward trend. Average 2015 cost was $0.95 lower than 2014. Predictions for continued low prices due to market surplus.",
2016-01-10,"National average retail gasoline price decreased to $1.996/gallon, continuing a trend; U.S. gas price began 2016 under $2/gallon due to lower crude oil prices and market surplus.",
2016-01-17,"US average retail gasoline price decreased to $1.914/gallon, falling below $2.00 for the first time, driven by falling crude oil prices, seasonal demand slowdown, and increased shale oil production.",
2016-01-24,National average retail gasoline price decreased for fourth week; high US crude oil inventory and global glut of crude oil.,
2016-01-31,National average retail gasoline price decreased for fifth consecutive week; U.S. average gas prices remained under $2 in January due to crude oil surplus.,
2016-02-07,National average gasoline price decreased for the sixth week to $1.759/gallon. Crude oil prices are at 13-year lows due to high inventories and record U.S. production.,
2016-02-14,"National average retail gasoline price decreased for the seventh consecutive week; 1,296 transportation fuel terminals exist nationwide in U.S.",
2016-02-21,National average retail gasoline price increased slightly to $1.730 per gallon; U.S. average retail diesel price fell below $2.00 per gallon for the first time since early 2009.,
2016-02-28,"Gasoline prices increased $0.053 over last week and remained high relative to crude oil, driven by improving U.S. economy and increased demand.",
2016-03-06,National average retail gasoline price increased slightly week-over-week; California wholesale gasoline price fell before the seasonal switch to summer gasoline.,
2016-03-13,National average retail regular gasoline price increased for the fourth consecutive week; short-term prices expected to rise slightly due to increased refinery capacity and production.,
2016-03-20,"National average retail gasoline price increased for the fifth consecutive week to $2.007/gallon. Prices are expected to continue rising due to decreased production, inventories, and declining oil rig count, linked to crude oil prices.",
2016-03-27,"Gasoline prices increased for the sixth consecutive week to $2.066/gallon, potentially climbing above $2 for the first time in 2016. Short-term increases expected due to seasonal demand and refinery maintenance.",
2016-04-03,"National average retail gasoline price increased for the seventh consecutive week to $2.083/gallon, remaining below 2014 and year-ago levels.",
2016-04-10,"National average retail gasoline price decreased, reaching cheapest levels since 2009, driven by high inventories and increased crude oil imports.",
2016-04-17,National average retail regular gasoline price increased by $0.068 per gallon from last week; U.S. imports crude oil for refining.,
2016-04-24,"National average retail gasoline price increased to $2.162/gallon, up $0.025 from last week. Prices are influenced by global crude oil, demand, refining capacity, and inventories. Crude oil prices are volatile.",
2016-05-01,National average retail gasoline price increased. Short-term gasoline price increases expected to slow due to market supply. Hydrocarbon gas liquids prices fluctuate with oil/natural gas and supply/demand.,
2016-05-08,National average retail gasoline price decreased. Ethanol blending volume continued to increase since 2010. Short-term gasoline prices expected to decrease/remain stable due to oversupply and increasing renewable energy.,
2016-05-15,"National average retail regular gasoline price increased $0.022/gallon from last week. US is largest crude oil producer. Predictions for stable/rising prices based on production, inventory, and demand.",
2016-05-22,"National average retail gasoline price increased, nearing 2016 high, with regional double-digit increases. Total motor gasoline inventories increased by 2.0 million barrels, well above average.",
2016-05-29,"National average retail gasoline price increased to $2.339/gallon, up $0.039 from last week. US remained largest petroleum producer in 2015. Short-term prices predicted to increase slightly due to inventory decrease and refinery activity.",
2016-06-05,National average retail gasoline price increased for fourth consecutive week; refinery capacity and production increasing; predictions of continued short-term price rises and long-term decrease potential.,
2016-06-12,"Gasoline prices rose for fifth week, driven by strong demand and summer driving season. Natural gas production growth from shale gas expected.","Fort McMurray fires reduced Canada's oil sands production, impacting crude oil prices."
2016-06-19,"Underlying market oversupply and expected increase in US shale oil production. Gasoline prices decreased to $2.353 per gallon on June 20, $0.046 under last week's price.","Average U.S. gas prices climbed to a 2016 high during the week, driven by recent crude oil price increases."
2016-06-26,"National average retail gasoline price decreased to $2.329/gallon. Expected continued short-term decrease due to crude oil surplus, contango, and increased refinery capacity.",
2016-07-03,National average retail gasoline price decreased to $0.038 below last week. Expected to remain stable/decrease due to surplus. Low oil prices may lead to reduced fuel subsidies and pressure on refiners.,
2016-07-10,National average retail gasoline price decreased for fourth consecutive week. Low natural gas and oil prices in U.S. support increased ethanol production.,
2016-07-17,Retail gasoline prices decreased for fifth consecutive week. Short-term outlook predicts continued price drops due to supply/demand dynamics and rising U.S. crude oil production.,
2016-07-24,"National average retail regular gasoline price decreased for the sixth consecutive week. Prices expected to remain stable or decrease in the short term due to increased production and inventories, potentially increasing consumption.",
2016-07-31,Gasoline prices decreased for seventh consecutive week. U.S. crude oil supplies reached an 86-year high for July.,
2016-08-07,National gasoline prices decreased for eighth consecutive week. Prices are expected to remain low due to supply surplus. US EIA launched a new website.,
2016-08-14,National average retail regular gasoline price decreased for ninth consecutive week; prices remain low due to ongoing shale revolution.,
2016-08-21,National average retail regular gasoline price increased; US energy sector growing with increased domestic crude oil/natural gas production and refining capacity.,
2016-08-28,"National average retail gasoline price increased $0.044/gallon this week, despite a two-year fall due to the 2014 oil price collapse. Short-term outlook: slight rise or continued low prices.",
2016-09-04,"National average retail regular gasoline price decreased; US gasoline prices were lowest in 12 years prior to Labor Day, due to lower crude oil prices, high global inventories, and increased US drilling.",
2016-09-11,National average retail gasoline price decreased; NY Harbor spot price increased. Predictions of stable/decreasing gasoline prices due to supply glut/high inventories. General fact: coal transport can exceed mining cost.,
2016-09-18,"National average retail regular gasoline price increased; influenced by global crude oil prices, refining capacity, production, imports, and the seasonal switch to winter-blend gasoline.",
2016-09-25,National average retail gasoline price decreased slightly to $2.224/gallon; ongoing regional supply/demand imbalances and potential Southeast shortages.,
2016-10-02,National average retail gasoline price increased to $2.245/gallon; prices generally track crude oil. Short-term stable/decreasing prices predicted due to production/inventories; long-term increase due to demand/inventories.,
2016-10-09,National average retail regular gasoline price increased. Short-term predictions for gasoline and general energy prices based on market conditions and inventories.,
2016-10-16,National average retail gasoline price decreased; US crude oil production reached an all-time high.,
2016-10-23,"National average gasoline price decreased to $2.243/gallon. New York State offered Drive Clean Rebate for electric cars. Short-term gasoline prices stable/slightly down, with winter increase expected. Oil prices stable, electric car sales up.",
2016-10-30,"Retail gasoline price decreased. Influencing factors: crude oil/distillate inventories, gasoline production, crude oil imports, US crude oil production. Long-term refinery capacity concerns.",
2016-11-06,National average retail gasoline price increased slightly; NY Harbor spot price decreased. Total motor gasoline inventories decreased.,Recent pipeline disruption causing price fluctuations.
2016-11-13,"National average retail regular gasoline price decreased; crude oil prices and demand affecting gas prices, with Central US having cheapest prices; short-term prices expected to remain low/stable.",
2016-11-20,National average retail gasoline price decreased; residential heating oil and propane prices similar to previous year. Short-term outlook: gasoline prices decrease/stable due to surplus; energy prices fluctuate.,
2016-11-27,"National average retail regular gasoline price decreased slightly to $2.154/gallon. U.S. average gasoline prices were the second-lowest on record for Thanksgiving, linked to crude oil prices. Current oversupply in the gasoline market.",
2016-12-04,"National average retail regular gasoline price increased to $2.208, up $0.054 from last week. Growing US natural gas exports to Mexico and decreasing prices of solar, wind, and batteries.",
2016-12-11,"National average gasoline price increased, aligning with expected seasonal demand increase due to approaching winter season.",
2016-12-18,"National average gasoline price increased due to tightness in supply; U.S. motor gasoline is blended with 10% ethanol, and prices are expected to continue rising.",
2016-12-25,"National average retail regular gasoline price increased for fourth consecutive week, driven by recent crude oil price increases.",
2017-01-01,Declining oil prices straining fuel exporters. IMF predicts gradual US interest rate increases. Oil prices expected to remain volatile.,
2017-01-08,"Past fact: 2015 crude oil prices caused lower 2016 gasoline prices. Future predictions for gasoline prices are mixed, citing global growth vs. crude surplus.",
2017-01-15,"U.S. gasoline prices are rising, with expectations for continued short-term increases. The U.S. produces lighter crude oil and imports heavier crude oil.",
2017-01-22,"Ongoing uncertainty in fuel price outlook due to volatility in crude oil and petroleum products, affecting consumer finances and the economy.",
2017-01-29,"EIA forecast higher natural gas prices for 2017/2018, with short-term implications for inflation and consumer spending.",
2017-02-05,"US crude oil inventories were increasing, indicating weakening fundamentals for crude oil.",
2017-02-12,Expected stable or slight increases in gasoline prices due to global production cuts balanced by increased U.S. production.,
2017-02-19,CPI for Gasoline (All Types) is tracked by the U.S. Bureau of Labor Statistics; gasoline prices fluctuate based on consumer demand and fuel tax rates.,
2017-02-26,"U.S. oil production and crude inventories rose, keeping retail gas prices steady. Short-term prices may remain steady or decrease if OPEC maintains current production cuts.",
2017-03-05,US oil consumption exceeded 19.7 million barrels; Hawaii's average regular gasoline price was $3.10.,
2017-03-12,Current average oil prices in the US were accessible on oilprice.com during this week.,
2017-03-19,U.S. crude oil production topped 9 million barrels daily and is expected to continue increasing through the year.,
2017-03-26,Ongoing impact of 2016 OPEC oil production cuts on prices. Expected gasoline price fluctuations and long-term shift away from fossil fuels due to alternative energy growth.,
2017-04-02,"Reported 2016 U.S. energy production fell, imports rose 7%; short-term prediction of continued import increase due to low gasoline prices and demand.",
2017-04-09,U.S. energy consumption rose slightly in 2016; fossil fuels still dominate energy mix despite coal decrease.,
2017-04-16,"Realized facts on crude/natural gas reserves (2011), storage (2012), gasoline prices (2015), natural gas production (2016). Predictions for short-term gasoline price increases and natural gas price stability/decrease.",
2017-04-23,Most US coal plants built pre-1990. Long-term shift to cleaner energy and carbon pricing expected. Short-term gas prices forecast to rise due to recent oil price increases and strong demand.,
2017-04-30,"Average gasoline price in Oregon is $363. Gasoline prices may decrease slightly ahead of Memorial Day, reflecting expected seasonal dynamics.",
2017-05-07,"US crude oil production was rising in 2017, a factual dynamic of the energy market.","US achieved record crude oil output, becoming the world's top producer, potentially putting downward pressure on energy prices."
2017-05-14,"US energy market facts: reliance on oil, long-term shift to cleaner energy. Short-term forecast of rising gas prices due to demand.",
2017-05-21,"Realized fact: 2014-2016 oil price decline had sluggish, surprising impact on US economy.",
2017-05-28,"US refiners processed 17.281M barrels crude; gasoline prices tied to Brent, expected stable/slight fluctuation due to Brent stability.",
2017-06-04,"Realized average Brent crude price for 2017 and US crude/refined product cost. Expected short-term drop in gasoline prices ahead of Memorial Day, with overall volatility. Long-term outlook includes 2019 Brunei refinery launch and continued fracking impact.",
2017-06-11,US remains top petroleum/natural gas producer; 2016 decrease due to low prices. Expected long-term shift to cleaner energy and declining fossil fuel subsidies. Short-term oil price fluctuations due to supply/demand and reduced refining capacity.,
2017-06-18,Government pledged to adjust fuel prices every three months in line with market shifts.,
2017-06-25,Widening price difference between premium and regular gasoline due to growing octane needs; gasoline prices may drop due to high oil production and decreased demand.,
2017-07-02,US crude oil exports increasing due to favorable conditions and rising domestic production; gas prices expected to remain low due to current crude oil surplus.,
2017-07-09,"Global oil, natural gas, and coal prices declining; oil prices lower than 2014 due to increased production and supply.",
2017-07-16,"US average annual gasoline prices decreased for four consecutive years through 2016, leading to expectations of continued low prices and increased consumer demand.",
2017-07-23,Known Renewable Fuel Standard Program for 2018; expected short-term decrease in gasoline prices due to increased crude oil production and decreased demand.,
2017-07-30,"U.S. crude shipments abroad are rising; gasoline prices remain stable, with no predicted spike materializing.",
2017-08-06,Factual US state energy consumption differences; expected long-term energy price increases; short-term low oil/gasoline prices expected through summer.,
2017-08-13,"US expected to become a net natural gas exporter in 2017, with increasing production, potentially affecting prices and trade balances.",
2017-08-20,"U.S. gasoline production near record levels; crude oil prices stable for months, suggesting stable or slightly decreasing gas prices in the short term.",
2017-08-27,Texas's significant US oil production; long-term US shale and Caribbean production growth.,Disruptions caused by Hurricane Harvey.
2017-09-03,Brent crude oil spot price was $51/barrel. Short-term gasoline prices expected to rise as refineries struggle to recover from damage.,Hurricane Harvey's impact on refineries caused supply disruptions and rising gasoline prices.
2017-09-10,"Over 20% of U.S. oil-refining capacity was knocked out, leading to a spike in gas prices.",Unexpected Hurricane Harvey caused significant damage to U.S. oil-refining infrastructure.
2017-09-17,"Substantial disruptions to crude oil and refinery runs, leading to a rise in gasoline prices which are expected to remain high.",Hurricane Harvey
2017-09-24,Short-term gasoline price increase predicted due to high demand and crack spread.,
2017-10-01,Henry Hub natural gas price history displayed in interactive chart.,
2017-10-08,"US state gasoline taxes increased by 4.5% in 2017 from 2016, a realized policy change affecting gasoline prices and consumption.",
2017-10-15,"Recent increases in fuel and grain prices, causing public concern over rising food and fuel costs.",
2017-10-22,US is a major crude oil and natural gas producer/exporter with record exports in 2017. Expected energy price fluctuations and potential for higher natural gas prices due to increased LNG exports.,
2017-10-29,"U.S. crude oil production reached a record high, surpassing any nation at any time.",
2017-11-05,"Rising US refinery output and Texas gasoline exports averaging 500,000 bpd observed.",
2017-11-12,Oil prices expected to remain high due to strong demand and supply constraints.,
2017-11-19,National retail gasoline prices in the US ranged from $2.203 to $3.741; short-term volatility expected due to transport and export costs.,
2017-11-26,U.S. average gasoline prices were higher than last year; EIA's November outlook predicted a slight decrease in prices in coming weeks.,
2017-12-03,"EIA forecasts higher winter heating oil and propane prices due to higher crude oil, colder expected weather, and lower fuel inventories.",
2017-12-10,"Current heating oil prices in Coventry, CT were $3.25/150 gallons and $3.45/100 gallons. Short-term oil prices may decrease due to increased production/supply.",
2017-12-17,ADNOC set an IPO offer price for its fuel distribution unit at US$ 8.5 billion.,
2017-12-24,,"US crude oil production set an unprecedented global record, potentially affecting energy markets and future policy."
2017-12-31,National average retail regular gasoline price increased by $0.048 from the previous week.,
2018-01-07,"National average retail regular gasoline price increased to $2.522 per gallon, driven by higher crude oil prices which are expected to keep prices elevated.",
2018-01-14,"Gasoline prices rose for fourth week, with increased production and inventories. EIA forecasts flat crude oil prices and rising global petroleum production.",
2018-01-21,National average retail regular gasoline price increased for fifth consecutive week; likely to continue increasing in the short-term.,
2018-01-28,"National average retail gasoline price increased for the sixth consecutive week to $2.607/gallon, driven by increasing crude oil prices and refining costs.",
2018-02-04,National average retail regular gasoline price continued its seventh consecutive weekly increase; India's high reliance on oil imports from OPEC noted.,
2018-02-11,"National average retail regular gasoline price decreased to $2.607/gallon. US oil output surged. Short-term prices expected stable/slight decrease due to supply/demand, despite strong consumer demand.",
2018-02-18,"Gasoline price decreased to $2.557/gallon. Short-term prediction: stable ($2.50-$2.70). Long-term prediction: increase over $3.00 (summer demand). Energy prices rose 4.9%, gasoline 7.4% (Jan 2017-Jan 2018).",
2018-02-25,"National average gasoline price decreased to $2.548/gallon. Traders expect bullish summer prices. Short-term prices expected to be stable/slightly down, then increase due to crude oil trends.",
2018-03-04,National average regular gasoline price increased. Analysts expect higher oil prices due to OPEC/Russian cuts. Domestic uranium production continues to decline.,U.S. crude inventories unexpectedly fell by 1.6 million barrels.
2018-03-11,"National average retail regular gasoline price decreased for fifth consecutive week to $2.559; short-term prices expected to remain stable, slightly decrease, or fluctuate.",
2018-03-18,"National average retail gasoline price increased slightly; spot price also rose. Short-term prices expected stable due to refinery activity, production, and stable crude oil. Long-term influenced by global demand/supply, seasonality.",
2018-03-25,National average retail regular gasoline price increased; natural gas prices predicted to decrease short-term due to increased production/exports.,
2018-04-01,National average retail gasoline price increased to $2.700; expected to continue rising due to increased demand and decreased supply. Wholesale fuel costs based on spot market; prices expected to remain volatile due to seasonal demand.,
2018-04-08,National average gasoline price decreased slightly; spot price was $1.855/gallon. High refinery utilization and rising crude oil prices suggest future price increases as driving season approaches.,
2018-04-15,"National average retail gasoline price increased; short-term predictions indicate continued price rises, potentially reaching a three-year high; households expected to pay $200 more on gas in 2018.",
2018-04-22,"Gasoline prices increased to $2.798/gallon, highest since Summer 2015, driven by strong demand, decreasing inventories, rising crude oil prices, and approaching summer season.",
2018-04-29,National average retail gasoline price increased by $0.048/gallon from last week. Prices expected to continue rising due to summer driving season and potential record highs for April.,
2018-05-06,"Retail gasoline price at $2.845/gallon, slightly down from last week but up significantly year-over-year. Short-term forecasts expect prices to remain around $2.80-$2.90, possibly increasing due to decreased production/inventories, and to continue climbing.",
2018-05-13,Realized U.S. gasoline price reported at $2.873/gallon for May 14. EIA forecasts 2018 Brent crude oil at $71/barrel. Short-term gasoline price predictions are mixed: stable/slight decrease vs. continued rise.,
2018-05-20,"National average retail regular gasoline price increased, reaching new highs for 2018, driven by oil price rebound and crude inventory draw.",
2018-05-27,"National average retail regular gasoline price increased to $2.962/gallon, approaching $3, with high prices expected due to Memorial Day demand and ongoing Trump policies.",
2018-06-03,"National average retail gasoline price was $2.940/gallon, $0.022 lower than last week. Prices fluctuate based on refinery capacity, crude oil imports, and inventories. No government agency dictates prices.",
2018-06-10,"National average retail regular gasoline price was $2.911, slightly lower than last week but higher than a year ago, and approaching $3 per gallon.",
2018-06-17,"National average retail gasoline price was $2.879/gallon, slightly down from last week but up year-over-year. US crude oil production reached a record high, making it a net exporter. Prices expected to remain high.",
2018-06-24,"National average gasoline price was $2.833/gallon, slightly down from last week. U.S. oil rig count increased to 863, indicating continued growth in domestic crude production.",
2018-07-01,Realized gasoline prices were $2.844/gallon (July 2) and averaged $2.89/gallon in June. Prices influenced by peak summer driving season and tight supply.,
2018-07-08,"National average retail gasoline price was $2.857/gallon, slightly up from last week. Crude oil makes up over half of gasoline cost. Prices expected stable/slight increase due to supply/demand.",Recent storms and supply disruptions in the Gulf Coast region.
2018-07-15,"National average retail gasoline price was $2.865, up from last week and year ago. US oil production reached a record 10.9 mb/d. Prices influenced by global crude oil, refinery capacity, seasonal and strong demand.",
2018-07-22,"National average retail regular gasoline price was $2.831, $0.034 lower than last week but $0.519 higher than a year ago. Prices are influenced by high global crude oil prices and tightening supply.",
2018-07-29,National gasoline price increased by $0.015 from last week; ongoing trend of increased domestic oil production; anticipation of decreased demand as summer driving season ends.,
2018-08-05,"National average retail gasoline price was $2.852/gallon, up $0.006 from last week. US average price 83 cents/liter. Short-term prices expected stable or high due to current supply/demand imbalance.",
2018-08-12,"National average gasoline price was $2.843/gallon, slightly lower than last week; production increased. Prices are affected by crude oil, expected to remain volatile, with short-term stability and long-term potential increase.",
2018-08-19,"National average retail gasoline price decreased slightly to $2.821/gallon, consistent with expectations of stable or slightly lower prices due to increased inventories and high refinery production.",
2018-08-26,"Retail gasoline price rose slightly to $2.827/gallon; prices influenced by crude oil, seasonal demand, refinery output, and inventories. Increased crude oil supply may stabilize prices.",
2018-09-02,"National average retail gasoline price was $2.824/gallon, slightly lower than last week but higher than last year, driven by higher crude oil prices. Prices expected to remain stable/increase short term, possibly affecting Labor Day spending.",
2018-09-09,"National average retail regular gasoline price was $2.833, up from last week. Prices are expected to remain stable or slightly increase due to refinery activity. Alternative fuel E15 is available.",
2018-09-16,"National average gasoline price was $2.841, up $0.008 from last week. US became largest global crude oil producer. Short-term prices stable/slight increase due to decreased production; East Coast gas prices expected to spike.",
2018-09-23,"National average retail gasoline price was $2.844, up $0.003 from last week. Short-term prices expected stable with slight increase; long-term rise due to crude oil trends and strong demand.",
2018-09-30,Gasoline price increased slightly; production increased; inventories decreased last week but remain 7% above 5-year average. U.S. gasoline inventories are at seasonal record highs.,
2018-10-07,"National average gasoline price was $2.903/gallon, up $0.037 from last week. Oil prices account for 50% of retail gas prices; higher crude oil prices in summertime lead to increased gas prices.",
2018-10-14,National average retail gasoline price decreased slightly. Gasoline production increased; inventories decreased but remain above 5-year average.,United States achieved record crude oil production volume.
2018-10-21,"National average retail gasoline price was $2.841, slightly lower than last week. Short-term price increase expected due to decreased production and inventories.","Natural gas pipeline rupture on Oct 9, 2018, caused U.S. retail gasoline prices to rise, with ongoing effects keeping prices high."
2018-10-28,"National average retail regular gasoline price was $2.811, $0.030 lower than last week, but $0.323 higher than a year ago.",Uncertainty surrounding Iran sanctions continued to impact global crude oil and gasoline supply and prices.
2018-11-04,"National average retail gasoline price was $2.753/gallon, $0.058 lower than last week. Gross retail gasoline price margins topped 28.2cts/gal in October.",
2018-11-11,"National average retail gasoline price dropped $0.067 from last week to $2.686. US average gas price hit its cheapest level since April, expected to continue falling due to supply/demand dynamics.",
2018-11-18,"National average retail gasoline price decreased to $2.611/gallon. Low crude oil and gasoline prices observed, with further drops expected due to seasonal slowdown in U.S. driving.",
2018-11-25,"National average gasoline price decreased from last week, driven by high refinery capacity utilization and increased gasoline/crude oil production rates. Global production leaders and ongoing market dynamics suggest continued short-term price decline.",
2018-12-02,Retail regular gasoline price decreased from last week and year ago. Premium gasoline was $0.50/gallon more in 2017. Short-term forecast expects continued price drop.,
2018-12-09,National average retail regular gasoline price decreased $0.030 from last week. Mexican gasoline prices consistently above U.S. retail prices since 2014. Predictions for continued price decrease/stability due to increased production and cheap crude oil.,
2018-12-16,"National average retail gasoline price decreased $0.052 from last week; U.S. gasoline prices decreased, with oil prices falling nearly a third from peak; prices expected to continue declining due to petroleum surplus.",
2018-12-23,"National average retail gasoline price decreased; crude oil prices were decreasing, leading to lower gasoline prices.",
2018-12-30,"Gas prices fell below $2/gallon in nine states by Dec 27, a realized fact within the step, consistent with low winter demand and increased US oil production.",
2019-01-06,"US retail gasoline prices ended 2018 lower than they started. Average annual gas prices are expected to fall slightly in 2019, with short-term declines predicted.",
2019-01-13,,Collapse of oil prices caused a sharp fall in national average gasoline prices.
2019-01-20,"EIA forecasts world crude oil prices to rise gradually, averaging $65 in 2020. Short-term prices likely low due to current oil glut and increased US production.",
2019-01-27,"US national average gas price was $2.25 in Jan 2019, with oversupply leading to steady decline; prices expected to remain steady or decline further.",
2019-02-03,EIA reports US expected to become net energy exporter. Short-term gas prices predicted to rise due to increasing demand and higher crude oil prices.,
2019-02-10,"Reported fact: Russia has Europe's cheapest gasoline. Predictions of low oil/gas prices due to production/demand, and long-term shift to cleaner fuels.",
2019-02-17,National gas price average increased by 2 cents to $2.28; short-term prices expected to remain relatively stable.,
2019-02-24,"Fact: Heating oil price elasticity. Long-term outlook: natural gas prices may decrease due to demand/facilities. Short-term outlook: gasoline prices may rise due to cold weather/demand, tempered by EV growth.",
2019-03-03,US crude oil production reached record levels; FERC approved full operation of Mountaineer XPress natural gas pipeline; global petroleum stocks expected to rise.,
2019-03-10,"US Gulf Coast gasoline crack spreads reached highest levels since 2017, with prices ranging from $2.20 to $2.64 per gallon.",
2019-03-17,Factual differences in Brazil/US biofuel production costs affect break-even oil prices. Short-term gas prices are expected to fluctuate based on regional stock levels and refinery output.,
2019-03-24,US oil market no longer over-supplied; spring demand may increase gas prices.,
2019-03-31,Brent oil prices 30% higher than 2017. US gasoline prices expected to rise due to low oil prices and decreased stocks.,
2019-04-07,Expectation of rising gasoline prices due to increasing production costs and ongoing supply disruptions.,
2019-04-14,"U.S. crude oil production grew 17% in 2018, surpassing 1970 record. Gasoline prices expected to rise short-term due to refinery breakdowns and insufficient capacity, while long-term may decrease with continued production growth.",
2019-04-21,EIA forecast on summer distillate fuel consumption and market outlook based on ongoing factors like US shale and Iran sanctions.,
2019-04-28,"Wholesale gasoline prices expected to rise by 8%, increasing retail costs by at least 10 cents/gallon.","Trump administration tightened sanctions on Iran, expected to increase retail gasoline prices."
2019-05-05,Renewable Fuel Standard associated with modest gas price increases.,Ongoing impact of end of waivers for countries to import oil from Iran.
2019-05-12,Ongoing U.S. ethanol use and crude production impacting oil imports and future gas prices; global economic slowdown affecting crude demand.,
2019-05-19,"Known 2017 Michigan motor fuel rate. Expected short-term gasoline price increases due to high crude oil prices, and long-term decrease from alternative energy adoption.",
2019-05-26,"U.S. gasoline prices stable year-over-year despite lower crude oil, due to higher demand and lower inventories as of May 24, 2019.",
2019-06-02,Nigeria authorized a new crude oil export terminal; US gasoline prices expected stable or slightly down.,
2019-06-09,"US active oil & gas rig count fell to lowest point, hydrocarbon gas liquids production reached 5M bpd. Crude oil prices expected to stay flat in the near term.",
2019-06-16,"Historical facts about gasoline price increases post-oil crises (1973, 1979). Short-term prediction of falling gas prices due to increased US oil production and decreased oil prices.",
2019-06-23,Strait of Hormuz is a critical oil transit point; long-term trends in fossil fuel subsidies and market volatility.,East Coast refinery fire and blast; ongoing US-Iran tensions potentially pushing global crude prices higher.
2019-06-30,Factual dynamics of California retail gasoline prices affected by spot prices; short-term prediction of price drop due to high demand and production.,
2019-07-07,"Reported decrease in Nebraska motor fuel prices, influenced by a dollar decrease in WTI crude oil price.",
2019-07-14,"Driving season demand accelerated, causing crude oil prices to rise and wholesale diesel fuel prices to increase in the US.",
2019-07-21,Factual dynamic: gasoline prices react quicker to crude oil price increases. Expected long-term decrease in crude oil reliance due to alternative fuels; short-term volatility from crude oil uncertainty.,
2019-07-28,Hawaii's electricity prices are double the U.S. average; short-term fuel price fluctuations expected based on crude oil and exchange rates.,
2019-08-04,Factual breakdown of gasoline costs (crude oil's share) and expected short-term fluctuations in gas prices based on crude oil and demand.,
2019-08-11,"US natural gas market oversupplied, keeping prices low. US set new daily record for natural gas use in August 2019. Wholesale electricity prices may decline.",
2019-08-18,Fact on state-level annual gasoline expenditures per capita; long-term trend of rising oil prices; short-term prediction of holiday-related gasoline price drops.,
2019-08-25,"US became largest oil/gas producer with 2018 record production, implying stable or declining oil prices due to increased supply.",
2019-09-01,Crude oil's 52% share of U.S. gasoline price (July 2019). Expected slight drop in gasoline prices ahead of Labor Day.,
2019-09-08,Alaska heating fuel price data collected since 2005. Long-term energy price increases forecasted; short-term fluctuations expected from recent inventory builds.,Ongoing trade war may cause short-term energy price fluctuations.
2019-09-15,"US oil output holds steady despite a sliding rig count, and national gas prices are relatively low.",
2019-09-22,,"Attack on Saudi Arabian oil facilities caused a spike in crude oil prices, expected to raise U.S. gasoline prices."
2019-09-29,,"US gasoline prices saw largest weekly increase since 2017, driven by a surge in crude oil prices, potentially affecting consumer spending and the economy."
2019-10-06,EIA provides energy data on prices and sales; expected oil price fluctuations from supply/demand and global events; long-term U.S. shale production decline.,
2019-10-13,California gasoline prices rose 60 cents/gallon in recent weeks; seasonal dip in gasoline prices expected.,Volatility from ongoing trade tensions and supply disruptions.
2019-10-20,"US became world's largest crude oil producer, leading to expected stable/declining gasoline prices due to supply surplus.",
2019-10-27,California's higher gasoline prices due to tax and crude oil differences; expected continuation of high gasoline and low natural gas prices.,
2019-11-03,US gasoline prices remained stable despite sanctions on major oil exporters.,US imposed simultaneous sanctions on major oil exporters Iran and Venezuela.
2019-11-10,US average petrol price is $1.792/gallon. Short-term decline expected due to California refinery maintenance and steady US oil/gas activity. Long-term decline predicted from AI adoption impacting fossil fuel demand.,
2019-11-17,2018 U.S. distillate fuel consumption resulted in 461 million metric tons of CO2 emissions.,"Ongoing protests and unrest in Iran; worsening economic situation due to sanctions, potentially increasing fuel prices."
2019-11-24,Ongoing US sanctions on Iran causing decreased oil exports and expected oil price volatility.,Widespread and ongoing protests in Iran due to economic impact and sanctions.
2019-12-01,"U.S. gasoline prices stable at USD 1.03/liter, similar to previous Thanksgivings, reflecting expected holiday season dynamics.",
2019-12-08,,"Iran abruptly raised fuel prices, tripling them in some areas, leading to protests."
2019-12-15,US achieved record crude oil production; short-term oil prices expected to remain stable ($55-$65/barrel).,
2019-12-22,US is a net crude oil importer; increasing shale supply influences global prices; gasoline prices may drop ahead of Memorial Day.,
2019-12-29,"National average retail gasoline price increased from last week and year ago. US crude oil production, particularly from the Permian basin, is a key global price driver.",
2020-01-05,"Gasoline price was $2.578/gallon on Jan 6, 2020, up $0.007 from last week. Expected slight increase due to decreased production, increased imports, and recent oil price rise.",
2020-01-12,"Gasoline price was $2.570/gallon, slightly lower than last week. Short-term gasoline prices are expected to be stable or decrease due to supply surplus. Oil prices are likely to remain relatively low due to increased energy storage capacity.",
2020-01-19,"National average gasoline price was $2.537, $0.033 lower than last week. US surpassed China in 2020 crude oil production, with predictions for stable/decreasing gasoline prices.",
2020-01-26,"EIA released weekly retail price data for week ending Jan 20; national average gasoline price reported at $2.506/gallon on Jan 27, lower than last week but higher than last year; short-term price decrease predicted due to production.",
2020-02-02,Realized national average and spot gasoline prices showing weekly/yearly changes; predictions of decreasing prices due to production/import trends; analysis of biofuel competitiveness under high oil prices.,
2020-02-09,"National average retail gasoline price was $2.419, lower than last week. US is a net petroleum exporter, but regions still rely on imports. Gasoline prices expected to increase in summer due to demand.",Oil prices likely remain low due to ongoing coronavirus outbreak impact on global demand.
2020-02-16,"Gasoline prices slightly rose, influenced by refinery utilization and imports, reflecting ongoing market dynamics.","Natural gas prices hit lowest since 2016, driven by a significant 215 Bcf surplus, indicating an unexpected market oversupply."
2020-02-23,Gasoline prices rose from last week; oil prices fell due to OPEC+ inaction; gasoline demand decreased by 1.1mbpd; increasing production and decreasing inventories.,Impact of the coronavirus outbreak on global oil demand.
2020-03-01,"National average retail gasoline price decreased; U.S. crude oil production increased, imports strong, shifting to heavier oil; steady gasoline stock levels; short-term prices likely stable/decreasing due to production/imports.",Decreased global travel demand impacting gasoline prices.
2020-03-08,National average gasoline price declined; expected seasonal increase due to summer blends; short-term stability from high production.,"OPEC and Russia failed to reach a deal, potentially leading to an oil price war."
2020-03-15,"National average retail gasoline price decreased; short-term prices expected to continue decreasing due to lower crude oil prices and increased production. U.S. oil prices expected to remain volatile and low, shifting towards biofuels.",
2020-03-22,"National average retail gasoline price continued to decline, $0.128 lower than last week; expected to hit $2/gallon, possibly $1.50/gallon in some states.",
2020-03-29,"Gasoline prices were $0.115 lower than last week, and expected to continue declining/stabilizing due to surplus inventories and decreased production.","Gasoline futures fell to $0.50, a 19-year low, due to plummeting demand from the coronavirus crisis."
2020-04-05,"National average retail regular gasoline price was $1.924/gallon, $0.081 lower than last week. Two-thirds of US states saw double-digit pump price drops.","Pandemic's impact on global oil demand, ongoing oil war, and EPA's extension of winter-blend gasoline waiver."
2020-04-12,"National average retail gasoline price decreased to $1.853-$1.88 per gallon, down from last week's price.",Lower demand due to COVID-19 pandemic; low crude oil prices.
2020-04-19,"National average retail gasoline prices continued to decline, dropping to $1.86 on April 14 and $1.812 by April 20.","Reduced demand, oversupply, and surplus inventories in the market, likely due to the global economic slowdown."
2020-04-26,National average retail gasoline price decreased by $0.039 from last week.,Crude oil prices fell below $0 due to extreme oversupply and low demand from the COVID-19 pandemic.
2020-05-03,"National average retail gasoline price increased slightly; total motor gasoline inventories decreased by 3.2 million barrels, remaining 9% above five-year average.","US pressured Saudi Arabia to end oil price war with Russia, issuing an ultimatum to cut oil supply or lose military support."
2020-05-10,"National average retail gasoline price was $1.851, up $0.062 from last week. U.S. ethanol and crude oil prices fell due to demand contraction, with short-term outlook for prices to remain low or slightly increase.",
2020-05-17,"National average gasoline price was $1.878, up $0.027 from last week. US gasoline demand fell from ~9.3 to ~5.3 million barrels/day, maintaining low prices.",Global lockdown virtually crippled the fuel sector.
2020-05-24,"National average retail gasoline price increased slightly from last week but remained significantly lower than a year ago, influenced by the US reaching net zero petroleum imports by late 2019 and ongoing low demand.",
2020-05-31,"National average retail gasoline price was $1.974, $0.014 higher than last week. Global oil refining capacity is in surplus, but US refining run rates bottomed out and are starting to rebound.",
2020-06-07,"National average retail gasoline price was $2.036/gallon, up $0.062 from last week. US crude oil production was highest globally during the week.",
2020-06-14,"National average retail gasoline price was $2.098, up $0.062 from last week. Short-term prices expected to rise due to reopening, limited by refinery capacity. Long-term stabilization/decrease predicted.",Gasoline prices fell almost 50% due to the COVID-19 pandemic and associated lockdowns.
2020-06-21,"National average retail gasoline price rose to $2.129/gallon. Prices expected to rise slightly due to production/inventories, or drop due to demand/supply; U.S. gasoline demand is price elastic.",
2020-06-28,"National average retail regular gasoline price was $2.174, up $0.045 from last week, down $0.539 from a year ago. Prices influenced by low global oil demand (COVID-19) and US shale oil production.",
2020-07-05,"Realized gasoline price $2.177/gallon, up $0.003 from last week. Short-term predictions: slight upward trend in gasoline prices due to refinery inputs; gasoline/diesel retail prices to fall; U.S. crude oil production stable.",
2020-07-12,"Crude oil futures prices rose 4.8% by July 7, likely increasing gasoline/diesel retail prices. National average gasoline price increased $0.018 from previous week.",Recent surge in COVID-19 infections may affect fuel demand and prices.
2020-07-19,"National average retail gasoline price was $2.186, lower than last week and year ago. Gasoline prices expected to decline or remain stable short-term. Natural gas prices expected to stay low; fuel demand likely to remain depressed.",Ongoing pandemic continues to depress fuel demand.
2020-07-26,"National average gasoline price was $2.175/gallon, $0.011 lower than last week. Decline in LNG exports dragging down U.S. natural gas prices.",
2020-08-02,"National average gasoline price was $2.176, slightly up from last week. Short-term prices expected stable/slight increase. Total oil producer cost reached $1.03 trillion, reflecting low oil prices and pandemic impact.",
2020-08-09,"Realized national average gasoline price $2.166 ($0.010 lower than last week) and US average $2.50. Short-term prices may stabilize/slightly increase due to production/refinery utilization, balanced by crude imports/inventories.",
2020-08-16,"Gasoline prices stable week-over-week, $0.432 under a year ago. Outlook for continued low gasoline/oil prices due to surplus supply and decreased demand. Long-term trend of improved fuel economy.",
2020-08-23,"National average retail regular gasoline price was $2.182 per gallon, a $0.016 increase from last week.",Oil prices hit a 5-month high due to economic recovery and falling COVID cases in key U.S. states.
2020-08-30,National average retail regular gasoline price increased by $0.040 per gallon; fuel economy standards historically reduced oil imports and saved 2 trillion gallons of gasoline.,
2020-09-06,"National average retail regular gasoline price was $2.21-2.22, lower than last week and year ago, marking the lowest level for Labor Day weekend.",
2020-09-13,"National average retail regular gasoline price was $2.183/gallon, $0.028 lower than last week and $0.369 lower than a year ago.",
2020-09-20,"National average retail gasoline price was $2.168/gallon, lower than last week and year ago. Consumer gasoline prices decreased 16.8% over the past year, with continued decrease expected.",
2020-09-27,"National average retail gasoline price was $2.169, slightly up from last week but down from a year ago. US crude oil production reached a historical high.",
2020-10-04,"National average retail gasoline price was $2.172/gallon, up slightly from last week but down significantly year-over-year.",Global oil prices fell below $35/barrel due to concerns over fuel demand and the COVID-19 pandemic.
2020-10-11,"National average retail gasoline price was $2.167/gallon, slightly lower than last week. Short-term predictions suggest stable to slightly increasing prices due to production/inventories, with a general trend to push cheaper.",
2020-10-18,"National average retail regular gasoline price was $2.150/gallon, $0.017 lower than last week, influenced by ongoing idled refinery production since April due to the pandemic.",
2020-10-25,"Gasoline prices were $2.143/gallon, $0.007 lower than last week. Short-term prices expected to decrease due to surplus supply and global market influence, which also prevented passing crude oil export ban costs.",
2020-11-01,National average retail gasoline price decreased by $0.031/gallon; expected to stabilize or slightly decrease further.,"Conflicting short-term prediction of gasoline price increase due to crude oil rebound, despite current price decrease."
2020-11-08,"U.S. average regular gasoline prices declined, influenced by demand, economy, seasonality, production, and inventory. Healthy gasoline supply noted.",
2020-11-15,"National average retail gasoline price was $2.111, up $0.015 from last week. EIA weekly data for week ended Nov 9 showed gasoline prices decreasing. Short-term prices expected to remain stable or slightly change based on current trends.",
2020-11-22,"Gasoline prices saw a slight weekly decrease, remaining well below last year's. WTI oil prices were expected to average $43/b in H1 2021, up from H2 2020, with short-term stability.",
2020-11-29,"National average gasoline price increased slightly from last week, but significantly lower than a year ago. Prices set to drop slightly ahead of Thanksgiving, and predicted to remain stable or slightly decrease in next 1-3 months.",Potential oil price decline due to new state measures to decrease COVID-19 transmission.
2020-12-06,"National average retail regular gasoline price was $2.156/gallon, up $0.036 from last week. Gas prices jumped following Thanksgiving.",
2020-12-13,"National average retail gasoline price was $2.158/gallon, a slight increase from last week but still below last year.","Crude oil prices hit a nine-month high, potentially leading to short-term gasoline price increases and supply concerns."
2020-12-20,National average retail regular gasoline price increased by $0.066 per gallon from last week.,
2020-12-27,National average retail gasoline price rose slightly to $2.243/gallon; EIA weekly data showed rising diesel and gasoline prices for week ending Dec 21.,
2021-01-03,"Steady gains in crude oil prices led to higher gas prices, with expectations for continued increases in the coming week and long term.",
2021-01-10,"2020 U.S. gasoline prices averaged $2.17/gal, 17% lower than 2019. Short-term predictions indicate stable or slightly dropping prices due to consistent crude oil prices and low demand.",
2021-01-17,US status as largest oil/gas producer; expected rising gas prices due to tightening supply and expensive crude oil; ongoing discussion of potential hydraulic fracturing ban.,
2021-01-24,Gas prices steadily increasing due to lower U.S. gasoline demand/supply and rising crude oil prices as of January 2021.,
2021-01-31,"U.S. average gas price reached $2.40, highest since early March 2020. Expected continued increases short-term due to economic recovery.",
2021-02-07,Expected increase in U.S. crude oil production and Brent crude price. Short-term gasoline prices projected stable due to stable tax and decreased crude oil prices.,
2021-02-14,Short-term prediction: gas prices expected to rise due to increasing crude oil demand and prices.,
2021-02-21,"US is largest crude oil producer (11+ mb/d); EIA forecasts US importing more petroleum than exporting in 2021, potentially raising crude/gasoline prices.",Refinery shutdowns in Texas are expected to increase gasoline prices by around 10 cents per gallon.
2021-02-28,US is the largest crude oil producer. Gas prices are expected to remain high in the short term due to continued speculation and demand.,
2021-03-07,Short-term gasoline price increases expected due to decreased oil production and recent cold weather.,"Oil prices plummeted, idling 3 million BPD U.S. production; recent cold weather."
2021-03-14,"U.S. crude oil production fell 8% in 2020, largest decline since 1984, reflecting supply dynamics. Short-term gas prices expected to remain high due to economic recovery and demand.",
2021-03-21,"US gasoline price elasticity increased, with frequent drivers less responsive to fuel prices. Short-term prediction for continued rising gasoline prices.",
2021-03-28,"U.S. observed record share of Russian oil imports, mainly fuel oil for gasoline production, during the week.",
2021-04-04,"U.S. gasoline prices continued rising, driven by high crude oil prices; expected to reach new highs in the next 1-4 weeks.",
2021-04-11,"Forecast of U.S. regular-grade gasoline prices to increase this summer, with a short-term drop expected before Memorial Day.",
2021-04-18,"Historical fact of 1973 oil crisis. Prediction of increased global oil supply by 2025 from Nigerian projects, potentially lowering prices. Expected slight drop in US gasoline prices ahead of Memorial Day.",
2021-04-25,Short-term expectation of stable or slightly decreasing gas prices due to increased refinery utilization and lower crude oil prices.,US announced new ambitious target to cut greenhouse gas pollution by 50-52% from 2005 levels by 2030.
2021-05-02,"Recent crude oil price increases led to higher gasoline prices, a factual dynamic observed within this period.",
2021-05-09,US gas prices rose by one cent to $2.962 per gallon for regular unleaded.,
2021-05-16,Gasoline prices jumped to near 7-year high.,Colonial Pipeline ransomware attack and outage caused gasoline price surge and potential shortages.
2021-05-23,"US retail gasoline price exceeded $3.00 for the first time on May 18, 2021.",Outages at gas stations in the Lower Atlantic region contributed to price increases.
2021-05-30,Expected high gasoline prices due to the upcoming summer driving season and Memorial Day holiday.,"US gasoline prices surged past $3 per gallon, reaching the highest levels before Memorial Day."
2021-06-06,Oil prices expected to continue rising due to summer driving season demand.,"U.S. retail gasoline prices jumped above $3/gallon, highest since 2014."
2021-06-13,US achieved record crude oil production. Gasoline prices predicted to rise in next 1-4 weeks due to seasonal demand and ongoing supply disruptions.,
2021-06-20,"Factual dynamics of global fuel prices (2010-2020) and definitions for gasoline, automotive diesel, and crude oil.",
2021-06-27,"Futures contracts climbed 5¢/MMBtu; gas prices influenced by demand/supply dynamics, subsidies, pipeline projects, and long-term energy shifts towards renewables.",
2021-07-04,"Oil prices finished June at $73.47/barrel, up 34% in H1 2021, the best start since 2009. Predicted continued rise in oil/gasoline prices due to economic recovery and increased demand.",
2021-07-11,EIA fact: crude oil is a significant component of gasoline prices. Ongoing surge in crude oil prices continues to drive up gasoline prices.,
2021-07-18,President Biden's statement on fossil fuel subsidy reform; rising natural gas prices due to summer demand; ongoing oil price volatility from pandemic uncertainties.,
2021-07-25,US maintains global lead in petroleum and natural gas production; short-term forecast suggests low natural gas prices and increased domestic use.,
2021-08-01,"Rapid increase in US gasoline prices throughout 2021, with prices typically changing in response to crude oil price fluctuations.",
2021-08-08,"U.S. gasoline consumption decreased significantly by 2020 to a 1997 low, with long-term trends suggesting further decreases due to alternative energy and fuel-efficient vehicles.",
2021-08-15,"National average gas price was $3.185 on Aug 11, 2021. Gasoline prices expected to continue rising due to increasing demand and limited supply.",
2021-08-22,"Crude oil costs exceeded past two years, representing 55% of gasoline cost (up from 52% in June), with average US gasoline at $3.80/gallon.",
2021-08-29,US historically achieved record crude oil production. Short-term gasoline prices not expected to decrease significantly due to limited OPEC+ impact.,
2021-09-05,"Pre-Labor Day retail gasoline prices are at their highest since 2014, driven by increasing mobility, rising COVID-19 vaccination rates, and crude oil prices.",
2021-09-12,Gasoline price fluctuations influenced by crude oil and the end of summer driving season; ongoing recovery struggles for oil and gas companies.,
2021-09-19,"Gasoline prices in the U.S. and Gulf Coast states are among the lowest since 2016, following similar trends and expected to track crude oil prices.",
2021-09-26,US average gas price was $3.14/gallon (July 2021). Short-term expectation of rising gas prices due to economic rebound and demand. Long-term shift to sustainable energy due to EVs.,
2021-10-03,"U.S. oil benchmark price fell below zero on Sep 28, 2021.",Unprecedented drop of oil prices below zero for the first time ever.
2021-10-10,Factual US fuel oil and gasoline export destinations; expected long-term global energy demand growth.,Ongoing impact of hurricanes and supply chain disruptions causing gasoline price rises.
2021-10-17,Global investments in oil and natural gas have declined.,US month-ahead natural gas prices more than doubled.
2021-10-24,"US crude oil, natural gas, and gas liquids production increased. Short-term gas price rise predicted due to ongoing energy crisis and Middle East tensions.",
2021-10-31,Strong demand for gasoline and distillates expected to keep oil prices high.,"Oil prices surged to a 7-year high, WTI crude above $80/barrel, leading to high US gasoline prices."
2021-11-07,"Current WTI crude oil price stable at $39.73/barrel (same as year ago), implying continued high gasoline prices.",
2021-11-14,"US national average gasoline prices reached an all-time high of $3.42/gallon, driven by global economic recovery and low inventories.",
2021-11-21,"Historical decline in US crude oil production since 1970s; White House's long-term strategy for Net-Zero emissions, including reducing non-CO2 sources from oil and gas systems.",
2021-11-28,Crude oil price constitutes 57% of U.S. gasoline cost.,U.S. gasoline prices hit a record high for Thanksgiving week.
2021-12-05,EIA reported crude oil accounted for 57% of October gasoline cost.,Recent decrease in crude oil prices may lead to lower gasoline and energy costs.
2021-12-12,Correction of historical gas price data; short-term prediction of gas price decline (15-20%) from current national average.,
2021-12-19,Long-standing US crude oil export ban (1975). Expected long-term shift to sustainable energy. Short-term gasoline price fluctuations from seasonal demand and ongoing pandemic disruptions.,
2021-12-26,"U.S. gasoline prices varied across regions, with high prices on the west coast due to ongoing crude oil supply issues to refineries.",
2022-01-02,"National average retail gasoline price increased slightly; however, US gasoline prices declined for seven consecutive weeks, with a two-cent decrease in the last week.",
2022-01-09,National average retail gasoline price increased; short-term predictions indicate continued price rises due to strong demand and elevated crude oil prices.,
2022-01-16,National average retail regular gasoline price increased to $3.306/gallon. EIA expects gasoline and diesel prices to fall in 2022/2023 due to slower demand and increased crude oil production.,
2022-01-23,"National average retail gasoline price increased to $3.323/gallon. US crude oil price approached $90/barrel, contributing to higher gasoline prices.",
2022-01-30,"National average retail regular gasoline price increased this week, continuing a trend of rising prices since 2020 due to economic reopening, increased demand, and ongoing supply constraints.",
2022-02-06,"National average retail regular gasoline price increased to $3.444 per gallon, $0.076 above last week.","Crude oil prices fell, but gasoline prices did not decrease as expected, indicating an unexpected market dynamic."
2022-02-13,National average retail gasoline price increased; U.S. crude oil production reached a record high; continued gasoline price increases expected due to market tightness.,Ongoing energy crisis in Europe contributing to high oil and gas prices.
2022-02-20,"National average retail gasoline price increased to $3.530/gallon; Brent crude oil prices hit $95/barrel, driving gasoline price increases due to rising demand.",
2022-02-27,"National average retail regular gasoline price increased to $3.608 per gallon, $0.078 above last week's price.","Oil prices surging toward $100 a barrel, driven by geopolitical tensions involving Russia."
2022-03-06,"National average retail gasoline prices increased significantly, exceeding $4.00 per gallon, up from last week and year ago.","Ongoing conflict in Ukraine disrupted global oil supplies, contributing to rising prices."
2022-03-13,"National average retail regular gasoline price increased to $4.315 per gallon, the highest price since July 2008.",Calls to ban Russian oil imports.
2022-03-20,"National average retail gasoline price decreased to $4.239/gallon. EIA expects crude oil prices to exceed $100/barrel, increasing retail gasoline prices.",
2022-03-27,National average retail regular gasoline price decreased; U.S. on-highway retail diesel fuel price increased 29% over three weeks.,"Conflict in Ukraine disrupted global energy markets, contributing to an energy crisis."
2022-04-03,"National average retail regular gasoline price decreased to $4.170 per gallon, $0.061 below last week's price. The United States is the largest oil producer and consumer globally.",
2022-04-10,"National average gasoline price decreased to $4.091/gallon, $0.079 below last week. Crude oil price around $96.23/barrel, above pre-invasion levels. Short-term gasoline prices expected to remain volatile, potentially decreasing slightly.",Gasoline price volatility influenced by the ongoing sale of emergency oil from the Strategic Petroleum Reserve (SPR).
2022-04-17,National average retail regular gasoline price decreased to $4.066/gallon; high crude oil prices continue to drive high U.S. motor gasoline prices.,
2022-04-24,"Gasoline prices increased, reaching a new all-time high of $4.107/gallon. Expected to continue rising due to summer driving demand and ongoing supply constraints.",Exogenous global oil market conditions drove gasoline prices to record levels.
2022-05-01,"National average retail gasoline price increased to $4.182, up $0.075 from last week. Price increase driven by tight supply, strong demand, and higher crude oil prices. Market dynamics include refinery adjustments and seasonal demand.",
2022-05-08,Retail gasoline prices increased; ongoing crude oil price increases; decreased motor gasoline inventories.,EU signaled desire to sanction Russian oil.
2022-05-15,"National average retail gasoline price increased, hitting a new record of $4.374/gallon, driven by supply/demand imbalance and decreased inventories.",
2022-05-22,"National average retail regular gasoline price increased, driven by current supply and demand imbalance.",US House of Representatives passed a bill aimed at combating gasoline 'price gouging' by oil companies.
2022-05-29,"National average retail gasoline price increased; US gasoline demand outpaced production, reducing inventories.",
2022-06-05,"National average retail gasoline price increased to $4.876/gallon, driven by ongoing supply/demand imbalance, crude oil prices, and geopolitical tensions.",
2022-06-12,Gasoline price increased to $5.006/gallon; crude oil price reached $120/barrel; global refining capacity shrunk; prices predicted to continue rising.,
2022-06-19,"Gasoline price reported at $5.006/gallon on 6/13/22. US is a major oil producer. Prices expected to remain high due to supply constraints, refining capacity, and lack of new refineries.",
2022-06-26,"Factual reporting of gasoline prices in NYH ($3.966/gallon) and average gas price in Georgia. Predictions based on increased gasoline production, refinery capacity utilization, and potential decrease in demand.",
2022-07-03,"National average retail regular gasoline price decreased to $4.771 per gallon, $0.101 below last week. Ongoing global supply-demand issues and refining constraints persist.",
2022-07-10,"National average retail regular gasoline price decreased to $4.646 per gallon, $0.125 below last week's price.",U.S. exported over 5 million barrels of oil from emergency reserves to Europe and Asia despite high domestic gasoline prices.
2022-07-17,"National average retail gasoline price decreased to $4.490 per gallon, down from last week and a month ago, but still higher than a year ago.",
2022-07-24,National average retail regular gasoline price decreased to $4.330 per gallon; most common price was $3.99. Short-term prices expected to continue falling or stabilize.,
2022-07-31,"National average retail gasoline price decreased to $4.192 per gallon, $0.138 below last week's price.",Strategic Petroleum Reserve release aimed to address rising energy prices and mitigate an oil production shortfall.
2022-08-07,National average retail gasoline price decreased. Prices are expected to decline/stabilize due to increased refinery capacity and gasoline production.,"Proposed US crude oil export ban and Federal Gas Tax holiday discussed, creating policy uncertainty."
2022-08-14,"National average retail gasoline price decreased, falling below $4 per gallon for the first time in months.",
2022-08-21,"National average retail regular gasoline price decreased to $3.880 per gallon, $0.058 below last week. Gasoline prices reached a record high in 2022.",
2022-08-28,"National average retail gasoline price decreased to $3.827/gallon, $0.053 below last week. Market appeared well-supplied, with stable or decreasing prices expected.",
2022-09-04,National average retail regular gasoline price decreased; pre-Labor Day retail gasoline prices highest since 2014.,
2022-09-11,National average retail gasoline price decreased; US crude oil production hit record levels; short-term forecast of continued slight price decline.,
2022-09-18,National average retail gasoline price decreased by $0.036/gallon; short-term outlook for stable or decreasing prices.,
2022-09-25,"National average retail gasoline price increased by $0.057, ending a 99-day streak of lower costs.",
2022-10-02,"National average retail regular gasoline price increased to $3.782 per gallon, up $0.071 from last week. California's transportation fuels market is isolated.",
2022-10-09,National average and NY Harbor spot gasoline prices increased; California retail prices rose to $6.18/gallon. Short-term predictions indicate continued increases.,
2022-10-16,National average retail gasoline price decreased to $3.871/gallon; New York Harbor spot price decreased. California gas prices were $2.61/gallon higher than the US average.,
2022-10-23,"National average retail gasoline price decreased; U.S. gas prices declined from peak, influenced by refinery capacity utilization, inventories, and ongoing oil reserve release/drilling efforts.",
2022-10-30,National average retail regular gasoline price decreased; average unleaded gasoline price fell due to increased refinery capacity utilization and gasoline production.,
2022-11-06,National average gasoline price increased to $3.796/gallon; oil companies reported $63 billion in profits as Californians paid record gas prices.,
2022-11-13,National average retail gasoline price decreased to $3.762 per gallon; administration's tapping of Strategic Reserve brought down gasoline prices.,
2022-11-20,"National average retail gasoline price dropped to $3.648, $0.114 less than last week. Utah's refining cost accounts for more of the average cost than the U.S. average.",
2022-11-27,"Gasoline prices decreased to $3.534/gallon, mostly stable from last year. Expected to continue decreasing/stabilizing due to increased production, inventory, seasonal trends, and Venezuelan oil sales permit.",
2022-12-04,"National average gasoline price fell. Market factors (crude imports, demand, distillate production) and ongoing volatility influence future prices.","California Energy Commission held hearing on recent gasoline price spikes, citing record oil refiner profits despite declining crude oil prices."
2022-12-11,"National average retail gasoline price declined to $3.239-$3.33. Reduced global demand, tumbling oil prices, and gasoline surplus contributed to the price decline.","OPEC oil production cut and EU price cap on Russian oil implemented, potentially impacting future prices."
2022-12-18,"National average retail gasoline price fell; annual CPI rose 7.1%, with gasoline prices up 10.1%.",
2022-12-25,"National average retail gasoline price was $3.091/gallon, $0.029 less than previous week, and $0.184 lower than year-ago price.",
2023-01-01,Strategic Petroleum Reserve (SPR) fell to its lowest level since 1983; U.S. gasoline and oil prices ticked up.,
2023-01-08,Gasoline prices ended 2022 lower; expected fluctuations due to crude oil prices and refinery operations.,
2023-01-15,"EIA expects gasoline and diesel prices to decline in 2023, with biofuel production expected to increase long-term.",Potential short-term gasoline price rise if Midwest states win fuel fight for higher-ethanol sales.
2023-01-22,"Realized energy price increase of 7.3% (Dec 2021-Dec 2022). Outlook for long-term price stability from clean fuels/gas, and short-term fluctuations from supply/demand.",
2023-01-29,,"Reduced pipeline capacity in West Texas caused natural gas spot prices to exceed expectations in the western US, leading to higher prices in Southern California."
2023-02-05,US crude oil production reached a record high. Short-term gas prices expected to remain stable around $3.50/gallon.,
2023-02-12,January 2023 average gasoline price in Hawaii ($4.979/gallon) and crude oil price ($78.34/barrel) were realized facts.,
2023-02-19,"Established link between crude oil and gasoline prices; short-term outlook for 2023: gasoline unlikely to reduce inflation, natural gas prices subdued by ample supply. Long-term fossil fuel subsidy impact.",
2023-02-26,"Gasoline price components (crude oil, refining, distribution, taxes) and expected fluctuations driven by global market forces and crude oil prices.",
2023-03-05,Recent decrease in crude oil prices influencing short-term gasoline price drops in certain states; oil prices are a significant factor impacting gasoline costs.,
2023-03-12,US gasoline prices began seasonal rise; diesel prices fell.,
2023-03-19,"WTI Crude Oil forecasted at $77.58/barrel for 2023 and $83.05/barrel for 2024. Long-term trend of increasing oil prices expected, with short-term fluctuations based on supply/demand.",
2023-03-26,US average retail gasoline price reported at $3.44/gallon.,
2023-04-02,"California Governor Newsom signed a gas price gouging law on March 28, 2023, requiring oil companies to disclose their pricing methodology.",
2023-04-09,,"OPEC+ announced deep oil production cuts, expected to raise US gasoline prices."
2023-04-16,EIA released its Short-Term Energy Outlook.,"EIA outlook predicts gas prices will continue rising, potentially exceeding $3.50 per gallon, due to OPEC+ production cuts."
2023-04-23,US inflation-adjusted gasoline prices down over 20% year-over-year in 2023; EIA forecasts lower retail gasoline prices for summer 2023 due to growing US gas production.,
2023-04-30,Oil prices fell over 2% due to lingering economic concerns and expectations of further interest rate hikes.,
2023-05-07,National average diesel price fell 5.3 cents to $4.07/gallon. Oil prices continue to be affected by interest rate hikes and investor sentiment. Long-term trend of nuclear energy support noted.,
2023-05-14,Oil prices fell by 1% on May 10 due to US data indicating rate hikes and crude oil stock build from SPR release and export drop.,
2023-05-21,Factual dynamics of gasoline price influences; short-term prediction of rising prices due to increased demand and potential industry outages; long-term expectation of gasoline prices following crude oil trends.,
2023-05-28,"Brent crude oil spot price averaged $76/barrel as of May 23, a 35% decrease from last May's inflation-adjusted average.",
2023-06-04,"US crude oil production reached a historic high, making it the largest producer globally.",Saudi Arabia's unexpected slashing of oil output may lead to increased US gas prices.
2023-06-11,,"Saudi Arabia slashed oil supply, potentially causing short-term gas price spikes."
2023-06-18,Consumer prices increased 3.0% YoY; gas prices fell 18.6% and fuel oil prices fell 36.6% over the year ended June 2023.,
2023-06-25,"Washington state has the highest gas prices in the US, up 6 cents from a month ago, likely to remain high due to ongoing supply and demand imbalances.",
2023-07-02,,"California implemented a new gas price gouging law to hold Big Oil accountable and track refiners' profits, potentially impacting gas prices."
2023-07-09,"U.S. gasoline and distillate inventories dropped, indicating tighter oil supplies influencing prices during the week.",
2023-07-16,"U.S. average motor gasoline fuel price rose 2021-2022. Short-term oil prices may decrease due to crude inventory build, potentially raising consumer fuel costs.",
2023-07-23,"Washington state gas prices are highest nationally, increased by ~10% due to carbon cap-and-trade compliance costs.",
2023-07-30,"US gasoline inventories are lower than five-year average, lowest for July since 2015. Gas prices may rise due to ongoing supply-demand imbalance and upward pressure on oil prices.",
2023-08-06,"National average gas price was $3.78/gallon on August 2, 2023, with prices likely rising due to ongoing heatwave.","Saudi Arabia extended oil production cuts, likely contributing to rising gas prices."
2023-08-13,EIA's updated forecast for U.S. regular gasoline prices for the rest of 2023.,Significant upward revision of EIA's 2023 gasoline price forecast and recent crude oil price spike causing tight supply.
2023-08-20,"US gasoline prices rising due to ongoing oil supply cuts abroad and refinery issues, leading to tight supply and high demand.",Heat dome in southern US potentially exacerbating gasoline price increases.
2023-08-27,IMF reported fossil fuel subsidies surged to a record $7 trillion in 2023; seasonal demand for gasoline.,Shutdown of a major US oil refinery.
2023-09-03,"Oil production cuts, low U.S. gasoline inventories, and refinery maintenance have increased U.S. gasoline prices; summer driving season is coming to a close.",
2023-09-10,U.S. gasoline prices declined slightly but remain at highest summertime levels in over a decade; ongoing refinery issues and strong crude and gasoline draws.,"Saudi Arabia and Russia extended oil cuts, potentially driving up gas prices."
2023-09-17,"Average US gasoline price was $3.29/gallon. Forecasts suggest continued price increases, potentially above $3.50, due to oil prices remaining above $90 a barrel.",
2023-09-24,U.S. gasoline prices are rising daily.,Refinery outages and tighter supplies contributing to rising gasoline prices.
2023-10-01,"Oil prices rallied, causing retail fuel prices to rise to multi-month highs; winter-blend gasoline transition occurring in California.",
2023-10-08,U.S. gasoline prices expected to fall to $3-$3.25/gallon in coming weeks due to decline in crude oil futures and plunging oil prices.,Potential escalation of Israel-Hamas conflict could drive up oil and gas prices to $5/gallon.
2023-10-15,Expected stable U.S. energy market with near-peak oil production and declining gasoline prices. Wholesale heating oil and propane price changes pass quickly to consumers.,
2023-10-22,Realized fact of Strategic Petroleum Reserve depletion from last year's sales. Short-term prediction of falling gasoline prices due to seasonal benefits and elevated crude oil prices. Long-term oil price volatility discussed.,
2023-10-29,"Gas prices plummeted, with some states falling below $3/gallon.",Steep drop in crude oil costs.
2023-11-05,"RBOB-Brent crack spread decreased, lowering producer profits. Short-term gasoline prices expected to fall due to low demand.",
2023-11-12,U.S. national average gasoline prices dropped to $3.418; continued decline expected due to low crude oil prices and reduced refiner utilization rates.,
2023-11-19,Gas prices dropped due to falling seasonal demand and the use of less-expensive winter-grade gas.,
2023-11-26,"Brent crude oil price declined 15% to $82.32/b on Nov 20, reaching its lowest level. Gas prices may continue to decline, potentially cheapest for Thanksgiving.",
2023-12-03,National average gas prices continued 10-week trend of falling or steady; expected to keep falling due to lower crude oil prices.,
2023-12-10,"US gasoline pump prices reached an 11-month low of $3.185/gallon as of December 8, 2023.",
2023-12-17,"National average gasoline price was $3.087 on December 15, 2023, with expectations for continued low prices in the short-term.",
2023-12-24,"Oil prices have risen sharply, potentially leading to higher petrol prices.",Houthi rebel attacks in the Red Sea disrupted major shipping routes.
2023-12-31,Gasoline prices fell $0.027 from last week; US SPR considering refilling at $67-72/barrel. Short-term stability/slight increase expected; 2024 prices may fall due to increased US oil production.,
2024-01-07,"National average retail gasoline price declined to $3.07-$3.08/gallon, below last week and year-ago, despite crude oil price increase. Prices expected to remain stable/decline due to surplus supply, high inventories, and increased production.",
2024-01-14,"National average retail gasoline price declined, potentially falling below $3/gallon for the first time since 2021 due to sluggish demand.",
2024-01-21,National average retail gasoline price rose $0.004 above last week's price; average price rose to $3.04/gallon on Tuesday (Jan 16) after two weeks of decline.,
2024-01-28,"National average retail gasoline price rose to $3.095 ($0.033 above last week); US average gas price is $3.10, a significant household expense.",
2024-02-04,"National average retail gasoline price rose; NY Harbor spot price decreased. Short-term predictions for slight price increases due to decreased production, increased imports, and declining inventories.",
2024-02-11,"National average retail gasoline price rose $0.056/gallon. Market predictions indicate slight rise due to refinery inputs/production, offset by decreasing distillate fuel production/inventories, and low distillate fuel oil stocks.",Potential short-term fuel price surge due to rising geopolitical tensions.
2024-02-18,"National average retail gasoline price rose to $3.269/gallon on Feb 19, up $0.077 from last week; market tightening and decreasing inventories influencing prices, offset by increasing refinery capacity.",
2024-02-25,National average retail gasoline price declined to $3.249/gallon; U.S. SPR crude oil inventories rose by 0.7 million barrels.,
2024-03-03,US national average retail gasoline price rose to $3.350/gallon; tightening gasoline supply and decreasing inventories; increasing imports and refinery capacity utilization.,"Russia's ban on gasoline exports began March 1, 2024, creating upward pressure on prices."
2024-03-10,National average retail gasoline price rose; US prices increased due to reduced refinery activity and decreasing inventories. Long-term trends suggest decreasing prices from increased production.,
2024-03-17,"National average gasoline prices rose to ~$3.45-$3.50 per gallon, influenced by ongoing refinery outages and maintenance.",
2024-03-24,"National average retail gasoline price rose, continuing an upward trend from the previous week, with short-term predictions for further increases.",
2024-03-31,"National average retail gasoline price declined slightly to $3.517/gallon; ongoing factors include seasonal demand, gasoline supply surplus, and rising oil prices.",
2024-04-07,"Gasoline prices rose to a six-month high due to rising seasonal demand, higher crude oil prices, and low inventory levels.",
2024-04-14,"National average retail gasoline price rose to $3.628/gallon. Overall energy prices, including gasoline, jumped 1.1% last month. Short-term predictions for gasoline prices vary from stable to rising.",
2024-04-21,"National average gasoline price rose to $3.668/gallon, up $0.040 from last week. Brent crude oil averaged $83/barrel in 2024. Short-term gasoline prices expected to fluctuate, no significant decrease.",Potential all-out war in Middle East poses risk of supply outages and higher oil prices.
2024-04-28,"National average retail gasoline price declined by $0.015 to $3.653/gallon, while another report indicated a rise of $0.043 to $3.62/gallon for the past week. Summer driving season approaches.",
2024-05-05,Factual crude oil pricing and futures availability. Long-term energy market shifts from Russian uranium ban and clean energy transition. Short-term crude oil price decline due to surplus and decreased demand.,
